14:38 INFO    : Fetching data using channel H1:GWOSC-16KHZ_R1_STRAIN
14:57 INFO    : Waveform generator instantiated: WaveformGenerator(duration=32, sampling_frequency=4096, start_time=0, frequency_domain_source_model=__main__.mlgw_bns_jax_frequency_domain_source_model, time_domain_source_model=None, parameter_conversion=bilby.gw.conversion.convert_to_lal_binary_neutron_star_parameters, waveform_arguments={'minimum_frequency': 20.0})
14:57 INFO    : No prior given, using default BNS priors in /opt/conda/envs/jax_standalone/lib/python3.11/site-packages/bilby/gw/prior_files/aligned_spins_bns_tides_on.prior.
14:57 INFO    : Distance marginalisation file .distance_marginalization_lookup.npz does not exist
14:57 INFO    : Building lookup table for distance marginalisation.
14:58 INFO    : Running for label 'GW170817', output will be saved to 'outdir_GW170817'
14:58 INFO    : Performing redundancy check using BBHPriorDict(self).test_redundancy
14:58 INFO    : Performing redundancy check using BBHPriorDict(self).test_redundancy
14:58 INFO    : Performing redundancy check using BBHPriorDict(self).test_redundancy
14:58 INFO    : Performing redundancy check using BBHPriorDict(self).test_redundancy
14:58 INFO    : Performing redundancy check using BBHPriorDict(self).test_redundancy
14:58 INFO    : Performing redundancy check using BBHPriorDict(self).test_redundancy
14:58 INFO    : Performing redundancy check using BBHPriorDict(self).test_redundancy
14:58 INFO    : Performing redundancy check using BBHPriorDict(self).test_redundancy
14:58 INFO    : Performing redundancy check using BBHPriorDict(self).test_redundancy
14:58 INFO    : Performing redundancy check using BBHPriorDict(self).test_redundancy
14:58 INFO    : Performing redundancy check using BBHPriorDict(self).test_redundancy
14:58 INFO    : Performing redundancy check using BBHPriorDict(self).test_redundancy
14:58 INFO    : Performing redundancy check using BBHPriorDict(self).test_redundancy
14:58 INFO    : Performing redundancy check using BBHPriorDict(self).test_redundancy
14:58 INFO    : Performing redundancy check using BBHPriorDict(self).test_redundancy
14:58 INFO    : Performing redundancy check using BBHPriorDict(self).test_redundancy
14:59 INFO    : Analysis priors:
14:59 INFO    : mass_1=Uniform(minimum=1.0, maximum=2.0, name='mass_1', latex_label='$m_1$', unit='$M_\\odot$', boundary=None)
14:59 INFO    : mass_2=Uniform(minimum=1.0, maximum=2.0, name='mass_2', latex_label='$m_2$', unit='$M_\\odot$', boundary=None)
14:59 INFO    : chirp_mass=bilby.gw.prior.UniformInComponentsChirpMass(minimum=0.4, maximum=4.4, name='chirp_mass', latex_label='$\\mathcal{M}$', unit=None, boundary=None)
14:59 INFO    : dec=Cosine(minimum=-1.5707963267948966, maximum=1.5707963267948966, name='dec', latex_label='$\\delta$', unit=None, boundary=None)
14:59 INFO    : ra=Uniform(minimum=0, maximum=6.283185307179586, name='ra', latex_label='$\\alpha$', unit=None, boundary='periodic')
14:59 INFO    : theta_jn=Sine(minimum=0, maximum=3.141592653589793, name='theta_jn', latex_label='$\\theta_{JN}$', unit=None, boundary=None)
14:59 INFO    : psi=Uniform(minimum=0, maximum=3.141592653589793, name='psi', latex_label='$\\psi$', unit=None, boundary='periodic')
14:59 INFO    : chi_1=Uniform(minimum=-0.05, maximum=0.05, name='chi_1', latex_label='$\\chi_1$', unit=None, boundary=None)
14:59 INFO    : chi_2=Uniform(minimum=-0.05, maximum=0.05, name='chi_2', latex_label='$\\chi_2$', unit=None, boundary=None)
14:59 INFO    : lambda_1=Uniform(minimum=0, maximum=5000, name='lambda_1', latex_label='$\\Lambda_1$', unit=None, boundary=None)
14:59 INFO    : lambda_2=Uniform(minimum=0, maximum=5000, name='lambda_2', latex_label='$\\Lambda_2$', unit=None, boundary=None)
14:59 INFO    : time_jitter=Uniform(minimum=-0.000244140625, maximum=0.000244140625, name='time_jitter', latex_label='$t_j$', unit=None, boundary='periodic')
14:59 INFO    : mass_ratio=Constraint(minimum=0.125, maximum=1.0, name='mass_ratio', latex_label='$q$', unit=None)
14:59 INFO    : luminosity_distance=78.95042839487404
14:59 INFO    : phase=0.0
14:59 INFO    : geocent_time=1187008867.0
14:59 INFO    : Analysis likelihood class: <class 'bilby.gw.likelihood.base.GravitationalWaveTransient'>
14:59 INFO    : Analysis likelihood noise evidence: -729954995.6461976
14:59 WARNING : {'chirp_mass', 'mass_2', 'mass_ratio'} already in prior. This may lead to unexpected behaviour.
14:59 WARNING : mass_1 is a redundant key in this BNSPriorDict.
14:59 WARNING : {'chirp_mass', 'mass_1', 'mass_ratio'} already in prior. This may lead to unexpected behaviour.
14:59 WARNING : mass_2 is a redundant key in this BNSPriorDict.
14:59 WARNING : {'mass_2', 'mass_1', 'mass_ratio'} already in prior. This may lead to unexpected behaviour.
14:59 WARNING : chirp_mass is a redundant key in this BNSPriorDict.
15:01 INFO    : Waveform generator instantiated: WaveformGenerator(duration=32, sampling_frequency=4096, start_time=0, frequency_domain_source_model=__main__.mlgw_bns_jax_frequency_domain_source_model, time_domain_source_model=None, parameter_conversion=bilby.gw.conversion.convert_to_lal_binary_neutron_star_parameters, waveform_arguments={'minimum_frequency': 20.0})
15:01 INFO    : Loaded distance marginalisation lookup table from .distance_marginalization_lookup.npz.
15:01 INFO    : Running for label 'GW170817', output will be saved to 'outdir_GW170817'
15:01 INFO    : Analysis priors:
15:01 INFO    : chirp_mass=Uniform(minimum=1.18, maximum=1.21, name='chirp_mass', latex_label='$\\mathcal{M}$', unit='$M_\\odot$', boundary=None)
15:01 INFO    : mass_ratio=Uniform(minimum=0.5, maximum=1.0, name='mass_ratio', latex_label='$q$', unit=None, boundary=None)
15:01 INFO    : chi_1=Uniform(minimum=-0.05, maximum=0.05, name='chi_1', latex_label='$\\chi_1$', unit=None, boundary=None)
15:01 INFO    : chi_2=Uniform(minimum=-0.05, maximum=0.05, name='chi_2', latex_label='$\\chi_2$', unit=None, boundary=None)
15:01 INFO    : lambda_1=Uniform(minimum=0, maximum=5000, name='lambda_1', latex_label='$\\Lambda_1$', unit=None, boundary=None)
15:01 INFO    : lambda_2=Uniform(minimum=0, maximum=5000, name='lambda_2', latex_label='$\\Lambda_2$', unit=None, boundary=None)
15:01 INFO    : theta_jn=Sine(minimum=0, maximum=3.141592653589793, name='theta_jn', latex_label='$\\theta_{JN}$', unit=None, boundary=None)
15:01 INFO    : ra=Uniform(minimum=0, maximum=6.283185307179586, name='ra', latex_label='$\\alpha$', unit=None, boundary='periodic')
15:01 INFO    : dec=Cosine(minimum=-1.5707963267948966, maximum=1.5707963267948966, name='dec', latex_label='$\\delta$', unit=None, boundary=None)
15:01 INFO    : psi=Uniform(minimum=0, maximum=3.141592653589793, name='psi', latex_label='$\\psi$', unit=None, boundary='periodic')
15:01 INFO    : time_jitter=Uniform(minimum=-0.000244140625, maximum=0.000244140625, name='time_jitter', latex_label='$t_j$', unit=None, boundary='periodic')
15:01 INFO    : luminosity_distance=78.95042839487404
15:01 INFO    : phase=0.0
15:01 INFO    : geocent_time=1187008867.0
15:01 INFO    : Analysis likelihood class: <class 'bilby.gw.likelihood.base.GravitationalWaveTransient'>
15:01 INFO    : Analysis likelihood noise evidence: -729954995.6461976
15:01 WARNING : Cannot convert from zenith/azimuth to ra/dec falling back to provided ra/dec
15:01 WARNING : Cannot convert from zenith/azimuth to ra/dec falling back to provided ra/dec
15:01 WARNING : Cannot convert from zenith/azimuth to ra/dec falling back to provided ra/dec
15:01 WARNING : Cannot convert from zenith/azimuth to ra/dec falling back to provided ra/dec
15:01 WARNING : Cannot convert from zenith/azimuth to ra/dec falling back to provided ra/dec
15:01 WARNING : Cannot convert from zenith/azimuth to ra/dec falling back to provided ra/dec
15:01 WARNING : Cannot convert from zenith/azimuth to ra/dec falling back to provided ra/dec
15:01 WARNING : Cannot convert from zenith/azimuth to ra/dec falling back to provided ra/dec
15:01 WARNING : Cannot convert from zenith/azimuth to ra/dec falling back to provided ra/dec
15:01 WARNING : Cannot convert from zenith/azimuth to ra/dec falling back to provided ra/dec
15:01 WARNING : Cannot convert from zenith/azimuth to ra/dec falling back to provided ra/dec
15:01 WARNING : Cannot convert from zenith/azimuth to ra/dec falling back to provided ra/dec
15:01 WARNING : Cannot convert from zenith/azimuth to ra/dec falling back to provided ra/dec
15:01 WARNING : Cannot convert from zenith/azimuth to ra/dec falling back to provided ra/dec
15:01 WARNING : Cannot convert from zenith/azimuth to ra/dec falling back to provided ra/dec
15:01 WARNING : Cannot convert from zenith/azimuth to ra/dec falling back to provided ra/dec
15:01 WARNING : Cannot convert from zenith/azimuth to ra/dec falling back to provided ra/dec
15:01 WARNING : Cannot convert from zenith/azimuth to ra/dec falling back to provided ra/dec
15:01 WARNING : Cannot convert from zenith/azimuth to ra/dec falling back to provided ra/dec
15:01 WARNING : Cannot convert from zenith/azimuth to ra/dec falling back to provided ra/dec
15:01 WARNING : Cannot convert from zenith/azimuth to ra/dec falling back to provided ra/dec
15:01 WARNING : Cannot convert from zenith/azimuth to ra/dec falling back to provided ra/dec
15:01 WARNING : Cannot convert from zenith/azimuth to ra/dec falling back to provided ra/dec
15:01 WARNING : Cannot convert from zenith/azimuth to ra/dec falling back to provided ra/dec
15:01 WARNING : Cannot convert from zenith/azimuth to ra/dec falling back to provided ra/dec
15:01 WARNING : Cannot convert from zenith/azimuth to ra/dec falling back to provided ra/dec
15:01 WARNING : Cannot convert from zenith/azimuth to ra/dec falling back to provided ra/dec
15:01 WARNING : Cannot convert from zenith/azimuth to ra/dec falling back to provided ra/dec
15:01 WARNING : Cannot convert from zenith/azimuth to ra/dec falling back to provided ra/dec
15:01 WARNING : Cannot convert from zenith/azimuth to ra/dec falling back to provided ra/dec
15:01 WARNING : Cannot convert from zenith/azimuth to ra/dec falling back to provided ra/dec
15:01 WARNING : Cannot convert from zenith/azimuth to ra/dec falling back to provided ra/dec
15:01 WARNING : Cannot convert from zenith/azimuth to ra/dec falling back to provided ra/dec
15:01 WARNING : Cannot convert from zenith/azimuth to ra/dec falling back to provided ra/dec
15:01 WARNING : Cannot convert from zenith/azimuth to ra/dec falling back to provided ra/dec
15:01 WARNING : Cannot convert from zenith/azimuth to ra/dec falling back to provided ra/dec
15:01 WARNING : Cannot convert from zenith/azimuth to ra/dec falling back to provided ra/dec
15:01 WARNING : Cannot convert from zenith/azimuth to ra/dec falling back to provided ra/dec
15:01 WARNING : Cannot convert from zenith/azimuth to ra/dec falling back to provided ra/dec
15:01 WARNING : Cannot convert from zenith/azimuth to ra/dec falling back to provided ra/dec
15:01 WARNING : Cannot convert from zenith/azimuth to ra/dec falling back to provided ra/dec
15:01 WARNING : Cannot convert from zenith/azimuth to ra/dec falling back to provided ra/dec
15:01 WARNING : Cannot convert from zenith/azimuth to ra/dec falling back to provided ra/dec
15:01 WARNING : Cannot convert from zenith/azimuth to ra/dec falling back to provided ra/dec
15:01 WARNING : Cannot convert from zenith/azimuth to ra/dec falling back to provided ra/dec
15:01 WARNING : Cannot convert from zenith/azimuth to ra/dec falling back to provided ra/dec
15:01 WARNING : Cannot convert from zenith/azimuth to ra/dec falling back to provided ra/dec
15:01 WARNING : Cannot convert from zenith/azimuth to ra/dec falling back to provided ra/dec
15:01 WARNING : Cannot convert from zenith/azimuth to ra/dec falling back to provided ra/dec
15:01 WARNING : Cannot convert from zenith/azimuth to ra/dec falling back to provided ra/dec
15:01 WARNING : Cannot convert from zenith/azimuth to ra/dec falling back to provided ra/dec
15:01 WARNING : Cannot convert from zenith/azimuth to ra/dec falling back to provided ra/dec
15:01 WARNING : Cannot convert from zenith/azimuth to ra/dec falling back to provided ra/dec
15:01 WARNING : Cannot convert from zenith/azimuth to ra/dec falling back to provided ra/dec
15:01 WARNING : Cannot convert from zenith/azimuth to ra/dec falling back to provided ra/dec
15:01 WARNING : Cannot convert from zenith/azimuth to ra/dec falling back to provided ra/dec
15:01 WARNING : Cannot convert from zenith/azimuth to ra/dec falling back to provided ra/dec
15:01 WARNING : Cannot convert from zenith/azimuth to ra/dec falling back to provided ra/dec
15:01 WARNING : Cannot convert from zenith/azimuth to ra/dec falling back to provided ra/dec
15:01 WARNING : Cannot convert from zenith/azimuth to ra/dec falling back to provided ra/dec
15:01 WARNING : Cannot convert from zenith/azimuth to ra/dec falling back to provided ra/dec
15:01 WARNING : Cannot convert from zenith/azimuth to ra/dec falling back to provided ra/dec
15:01 WARNING : Cannot convert from zenith/azimuth to ra/dec falling back to provided ra/dec
15:01 WARNING : Cannot convert from zenith/azimuth to ra/dec falling back to provided ra/dec
15:01 WARNING : Cannot convert from zenith/azimuth to ra/dec falling back to provided ra/dec
15:01 WARNING : Cannot convert from zenith/azimuth to ra/dec falling back to provided ra/dec
15:01 WARNING : Cannot convert from zenith/azimuth to ra/dec falling back to provided ra/dec
15:01 WARNING : Cannot convert from zenith/azimuth to ra/dec falling back to provided ra/dec
15:01 WARNING : Cannot convert from zenith/azimuth to ra/dec falling back to provided ra/dec
15:01 WARNING : Cannot convert from zenith/azimuth to ra/dec falling back to provided ra/dec
15:01 WARNING : Cannot convert from zenith/azimuth to ra/dec falling back to provided ra/dec
15:01 WARNING : Cannot convert from zenith/azimuth to ra/dec falling back to provided ra/dec
15:01 WARNING : Cannot convert from zenith/azimuth to ra/dec falling back to provided ra/dec
15:01 WARNING : Cannot convert from zenith/azimuth to ra/dec falling back to provided ra/dec
15:01 WARNING : Cannot convert from zenith/azimuth to ra/dec falling back to provided ra/dec
15:01 WARNING : Cannot convert from zenith/azimuth to ra/dec falling back to provided ra/dec
15:01 WARNING : Cannot convert from zenith/azimuth to ra/dec falling back to provided ra/dec
15:01 WARNING : Cannot convert from zenith/azimuth to ra/dec falling back to provided ra/dec
15:01 WARNING : Cannot convert from zenith/azimuth to ra/dec falling back to provided ra/dec
15:01 WARNING : Cannot convert from zenith/azimuth to ra/dec falling back to provided ra/dec
15:01 WARNING : Cannot convert from zenith/azimuth to ra/dec falling back to provided ra/dec
15:01 WARNING : Cannot convert from zenith/azimuth to ra/dec falling back to provided ra/dec
15:01 WARNING : Cannot convert from zenith/azimuth to ra/dec falling back to provided ra/dec
15:01 WARNING : Cannot convert from zenith/azimuth to ra/dec falling back to provided ra/dec
15:01 WARNING : Cannot convert from zenith/azimuth to ra/dec falling back to provided ra/dec
15:01 WARNING : Cannot convert from zenith/azimuth to ra/dec falling back to provided ra/dec
15:01 WARNING : Cannot convert from zenith/azimuth to ra/dec falling back to provided ra/dec
15:01 WARNING : Cannot convert from zenith/azimuth to ra/dec falling back to provided ra/dec
15:01 WARNING : Cannot convert from zenith/azimuth to ra/dec falling back to provided ra/dec
15:01 WARNING : Cannot convert from zenith/azimuth to ra/dec falling back to provided ra/dec
15:01 WARNING : Cannot convert from zenith/azimuth to ra/dec falling back to provided ra/dec
15:01 WARNING : Cannot convert from zenith/azimuth to ra/dec falling back to provided ra/dec
15:01 WARNING : Cannot convert from zenith/azimuth to ra/dec falling back to provided ra/dec
15:01 WARNING : Cannot convert from zenith/azimuth to ra/dec falling back to provided ra/dec
15:01 WARNING : Cannot convert from zenith/azimuth to ra/dec falling back to provided ra/dec
15:01 WARNING : Cannot convert from zenith/azimuth to ra/dec falling back to provided ra/dec
15:01 WARNING : Cannot convert from zenith/azimuth to ra/dec falling back to provided ra/dec
15:01 WARNING : Cannot convert from zenith/azimuth to ra/dec falling back to provided ra/dec
15:01 WARNING : Cannot convert from zenith/azimuth to ra/dec falling back to provided ra/dec
15:01 WARNING : Cannot convert from zenith/azimuth to ra/dec falling back to provided ra/dec
15:01 WARNING : Cannot convert from zenith/azimuth to ra/dec falling back to provided ra/dec
15:01 INFO    : Single likelihood evaluation took 4.661e-02 s
15:01 WARNING : Cannot convert from zenith/azimuth to ra/dec falling back to provided ra/dec
15:01 INFO    : Using sampler Dynesty with kwargs {'nlive': 1024, 'bound': 'live', 'sample': 'act-walk', 'periodic': None, 'reflective': None, 'update_interval': 600, 'first_update': None, 'rstate': None, 'queue_size': 1, 'pool': None, 'use_pool': None, 'live_points': None, 'logl_args': None, 'logl_kwargs': None, 'ptform_args': None, 'ptform_kwargs': None, 'enlarge': None, 'bootstrap': None, 'walks': 100, 'facc': 0.2, 'slices': None, 'ncdim': None, 'blob': False, 'save_evaluation_history': False, 'history_filename': None, 'maxiter': None, 'maxcall': None, 'dlogz': 0.1, 'logl_max': inf, 'add_live': True, 'print_progress': True, 'print_func': <bound method Dynesty._print_func of <bilby.core.sampler.dynesty.Dynesty object at 0x78e8628369d0>>, 'save_bounds': False, 'checkpoint_file': None, 'checkpoint_every': 60, 'resume': False, 'seed': None}
15:01 INFO    : Global meta data was removed from the result object for compatibility. Use the `BILBY_INCLUDE_GLOBAL_METADATA` environment variable to include it. This behaviour will be removed in a future release. For more details see: https://bilby-dev.github.io/bilby/faq.html#global-meta-data
15:01 INFO    : Checkpoint every check_point_delta_t = 600s
15:01 INFO    : Using dynesty version 3.0.0
15:01 INFO    : Resume file outdir_GW170817/GW170817_resume.pickle does not exist.
15:01 INFO    : Generating initial points from the prior
15:01 WARNING : Cannot convert from zenith/azimuth to ra/dec falling back to provided ra/dec
15:01 WARNING : Cannot convert from zenith/azimuth to ra/dec falling back to provided ra/dec
15:01 WARNING : Cannot convert from zenith/azimuth to ra/dec falling back to provided ra/dec
15:01 WARNING : Cannot convert from zenith/azimuth to ra/dec falling back to provided ra/dec
15:01 WARNING : Cannot convert from zenith/azimuth to ra/dec falling back to provided ra/dec
15:01 WARNING : Cannot convert from zenith/azimuth to ra/dec falling back to provided ra/dec
15:01 WARNING : Cannot convert from zenith/azimuth to ra/dec falling back to provided ra/dec
15:01 WARNING : Cannot convert from zenith/azimuth to ra/dec falling back to provided ra/dec
15:01 WARNING : Cannot convert from zenith/azimuth to ra/dec falling back to provided ra/dec
15:01 WARNING : Cannot convert from zenith/azimuth to ra/dec falling back to provided ra/dec
15:01 WARNING : Cannot convert from zenith/azimuth to ra/dec falling back to provided ra/dec
15:01 WARNING : Cannot convert from zenith/azimuth to ra/dec falling back to provided ra/dec
15:01 WARNING : Cannot convert from zenith/azimuth to ra/dec falling back to provided ra/dec
15:01 WARNING : Cannot convert from zenith/azimuth to ra/dec falling back to provided ra/dec
15:01 WARNING : Cannot convert from zenith/azimuth to ra/dec falling back to provided ra/dec
15:01 WARNING : Cannot convert from zenith/azimuth to ra/dec falling back to provided ra/dec
15:01 WARNING : Cannot convert from zenith/azimuth to ra/dec falling back to provided ra/dec
15:01 WARNING : Cannot convert from zenith/azimuth to ra/dec falling back to provided ra/dec
15:01 WARNING : Cannot convert from zenith/azimuth to ra/dec falling back to provided ra/dec
15:01 WARNING : Cannot convert from zenith/azimuth to ra/dec falling back to provided ra/dec
15:01 WARNING : Cannot convert from zenith/azimuth to ra/dec falling back to provided ra/dec
15:01 WARNING : Cannot convert from zenith/azimuth to ra/dec falling back to provided ra/dec
15:01 WARNING : Cannot convert from zenith/azimuth to ra/dec falling back to provided ra/dec
15:01 WARNING : Cannot convert from zenith/azimuth to ra/dec falling back to provided ra/dec
15:01 WARNING : Cannot convert from zenith/azimuth to ra/dec falling back to provided ra/dec
15:01 WARNING : Cannot convert from zenith/azimuth to ra/dec falling back to provided ra/dec
15:01 WARNING : Cannot convert from zenith/azimuth to ra/dec falling back to provided ra/dec
15:01 WARNING : Cannot convert from zenith/azimuth to ra/dec falling back to provided ra/dec
15:01 WARNING : Cannot convert from zenith/azimuth to ra/dec falling back to provided ra/dec
15:01 WARNING : Cannot convert from zenith/azimuth to ra/dec falling back to provided ra/dec
15:01 WARNING : Cannot convert from zenith/azimuth to ra/dec falling back to provided ra/dec
15:01 WARNING : Cannot convert from zenith/azimuth to ra/dec falling back to provided ra/dec
15:01 WARNING : Cannot convert from zenith/azimuth to ra/dec falling back to provided ra/dec
15:01 WARNING : Cannot convert from zenith/azimuth to ra/dec falling back to provided ra/dec
15:01 WARNING : Cannot convert from zenith/azimuth to ra/dec falling back to provided ra/dec
15:01 WARNING : Cannot convert from zenith/azimuth to ra/dec falling back to provided ra/dec
15:01 WARNING : Cannot convert from zenith/azimuth to ra/dec falling back to provided ra/dec
15:01 WARNING : Cannot convert from zenith/azimuth to ra/dec falling back to provided ra/dec
15:01 WARNING : Cannot convert from zenith/azimuth to ra/dec falling back to provided ra/dec
15:01 WARNING : Cannot convert from zenith/azimuth to ra/dec falling back to provided ra/dec
15:01 WARNING : Cannot convert from zenith/azimuth to ra/dec falling back to provided ra/dec
15:01 WARNING : Cannot convert from zenith/azimuth to ra/dec falling back to provided ra/dec
15:01 WARNING : Cannot convert from zenith/azimuth to ra/dec falling back to provided ra/dec
15:01 WARNING : Cannot convert from zenith/azimuth to ra/dec falling back to provided ra/dec
15:01 WARNING : Cannot convert from zenith/azimuth to ra/dec falling back to provided ra/dec
15:01 WARNING : Cannot convert from zenith/azimuth to ra/dec falling back to provided ra/dec
15:01 WARNING : Cannot convert from zenith/azimuth to ra/dec falling back to provided ra/dec
15:01 WARNING : Cannot convert from zenith/azimuth to ra/dec falling back to provided ra/dec
15:01 WARNING : Cannot convert from zenith/azimuth to ra/dec falling back to provided ra/dec
15:01 WARNING : Cannot convert from zenith/azimuth to ra/dec falling back to provided ra/dec
15:01 WARNING : Cannot convert from zenith/azimuth to ra/dec falling back to provided ra/dec
15:01 WARNING : Cannot convert from zenith/azimuth to ra/dec falling back to provided ra/dec
15:01 WARNING : Cannot convert from zenith/azimuth to ra/dec falling back to provided ra/dec
15:01 WARNING : Cannot convert from zenith/azimuth to ra/dec falling back to provided ra/dec
15:01 WARNING : Cannot convert from zenith/azimuth to ra/dec falling back to provided ra/dec
15:01 WARNING : Cannot convert from zenith/azimuth to ra/dec falling back to provided ra/dec
15:01 WARNING : Cannot convert from zenith/azimuth to ra/dec falling back to provided ra/dec
15:01 WARNING : Cannot convert from zenith/azimuth to ra/dec falling back to provided ra/dec
15:01 WARNING : Cannot convert from zenith/azimuth to ra/dec falling back to provided ra/dec
15:01 WARNING : Cannot convert from zenith/azimuth to ra/dec falling back to provided ra/dec
15:01 WARNING : Cannot convert from zenith/azimuth to ra/dec falling back to provided ra/dec
15:01 WARNING : Cannot convert from zenith/azimuth to ra/dec falling back to provided ra/dec
15:01 WARNING : Cannot convert from zenith/azimuth to ra/dec falling back to provided ra/dec
15:01 WARNING : Cannot convert from zenith/azimuth to ra/dec falling back to provided ra/dec
15:01 WARNING : Cannot convert from zenith/azimuth to ra/dec falling back to provided ra/dec
15:01 WARNING : Cannot convert from zenith/azimuth to ra/dec falling back to provided ra/dec
15:01 WARNING : Cannot convert from zenith/azimuth to ra/dec falling back to provided ra/dec
15:01 WARNING : Cannot convert from zenith/azimuth to ra/dec falling back to provided ra/dec
15:01 WARNING : Cannot convert from zenith/azimuth to ra/dec falling back to provided ra/dec
15:01 WARNING : Cannot convert from zenith/azimuth to ra/dec falling back to provided ra/dec
15:01 WARNING : Cannot convert from zenith/azimuth to ra/dec falling back to provided ra/dec
15:01 WARNING : Cannot convert from zenith/azimuth to ra/dec falling back to provided ra/dec
15:01 WARNING : Cannot convert from zenith/azimuth to ra/dec falling back to provided ra/dec
15:01 WARNING : Cannot convert from zenith/azimuth to ra/dec falling back to provided ra/dec
15:01 WARNING : Cannot convert from zenith/azimuth to ra/dec falling back to provided ra/dec
15:01 WARNING : Cannot convert from zenith/azimuth to ra/dec falling back to provided ra/dec
15:01 WARNING : Cannot convert from zenith/azimuth to ra/dec falling back to provided ra/dec
15:01 WARNING : Cannot convert from zenith/azimuth to ra/dec falling back to provided ra/dec
15:01 WARNING : Cannot convert from zenith/azimuth to ra/dec falling back to provided ra/dec
15:01 WARNING : Cannot convert from zenith/azimuth to ra/dec falling back to provided ra/dec
15:01 WARNING : Cannot convert from zenith/azimuth to ra/dec falling back to provided ra/dec
15:01 WARNING : Cannot convert from zenith/azimuth to ra/dec falling back to provided ra/dec
15:01 WARNING : Cannot convert from zenith/azimuth to ra/dec falling back to provided ra/dec
15:01 WARNING : Cannot convert from zenith/azimuth to ra/dec falling back to provided ra/dec
15:01 WARNING : Cannot convert from zenith/azimuth to ra/dec falling back to provided ra/dec
15:01 WARNING : Cannot convert from zenith/azimuth to ra/dec falling back to provided ra/dec
15:01 WARNING : Cannot convert from zenith/azimuth to ra/dec falling back to provided ra/dec
15:01 WARNING : Cannot convert from zenith/azimuth to ra/dec falling back to provided ra/dec
15:01 WARNING : Cannot convert from zenith/azimuth to ra/dec falling back to provided ra/dec
15:01 WARNING : Cannot convert from zenith/azimuth to ra/dec falling back to provided ra/dec
15:01 WARNING : Cannot convert from zenith/azimuth to ra/dec falling back to provided ra/dec
15:01 WARNING : Cannot convert from zenith/azimuth to ra/dec falling back to provided ra/dec
15:01 WARNING : Cannot convert from zenith/azimuth to ra/dec falling back to provided ra/dec
15:01 WARNING : Cannot convert from zenith/azimuth to ra/dec falling back to provided ra/dec
15:01 WARNING : Cannot convert from zenith/azimuth to ra/dec falling back to provided ra/dec
15:01 WARNING : Cannot convert from zenith/azimuth to ra/dec falling back to provided ra/dec
15:01 WARNING : Cannot convert from zenith/azimuth to ra/dec falling back to provided ra/dec
15:01 WARNING : Cannot convert from zenith/azimuth to ra/dec falling back to provided ra/dec
15:01 WARNING : Cannot convert from zenith/azimuth to ra/dec falling back to provided ra/dec
15:01 WARNING : Cannot convert from zenith/azimuth to ra/dec falling back to provided ra/dec
15:01 WARNING : Cannot convert from zenith/azimuth to ra/dec falling back to provided ra/dec
15:01 WARNING : Cannot convert from zenith/azimuth to ra/dec falling back to provided ra/dec
15:01 WARNING : Cannot convert from zenith/azimuth to ra/dec falling back to provided ra/dec
15:01 WARNING : Cannot convert from zenith/azimuth to ra/dec falling back to provided ra/dec
15:01 WARNING : Cannot convert from zenith/azimuth to ra/dec falling back to provided ra/dec
15:01 WARNING : Cannot convert from zenith/azimuth to ra/dec falling back to provided ra/dec
15:01 WARNING : Cannot convert from zenith/azimuth to ra/dec falling back to provided ra/dec
15:01 WARNING : Cannot convert from zenith/azimuth to ra/dec falling back to provided ra/dec
15:01 WARNING : Cannot convert from zenith/azimuth to ra/dec falling back to provided ra/dec
15:01 WARNING : Cannot convert from zenith/azimuth to ra/dec falling back to provided ra/dec
15:01 WARNING : Cannot convert from zenith/azimuth to ra/dec falling back to provided ra/dec
15:01 WARNING : Cannot convert from zenith/azimuth to ra/dec falling back to provided ra/dec
15:01 WARNING : Cannot convert from zenith/azimuth to ra/dec falling back to provided ra/dec
15:01 WARNING : Cannot convert from zenith/azimuth to ra/dec falling back to provided ra/dec
15:01 WARNING : Cannot convert from zenith/azimuth to ra/dec falling back to provided ra/dec
15:01 WARNING : Cannot convert from zenith/azimuth to ra/dec falling back to provided ra/dec
15:01 WARNING : Cannot convert from zenith/azimuth to ra/dec falling back to provided ra/dec
15:01 WARNING : Cannot convert from zenith/azimuth to ra/dec falling back to provided ra/dec
15:01 WARNING : Cannot convert from zenith/azimuth to ra/dec falling back to provided ra/dec
15:01 WARNING : Cannot convert from zenith/azimuth to ra/dec falling back to provided ra/dec
15:01 WARNING : Cannot convert from zenith/azimuth to ra/dec falling back to provided ra/dec
15:01 WARNING : Cannot convert from zenith/azimuth to ra/dec falling back to provided ra/dec
15:01 WARNING : Cannot convert from zenith/azimuth to ra/dec falling back to provided ra/dec
15:01 WARNING : Cannot convert from zenith/azimuth to ra/dec falling back to provided ra/dec
15:01 WARNING : Cannot convert from zenith/azimuth to ra/dec falling back to provided ra/dec
15:01 WARNING : Cannot convert from zenith/azimuth to ra/dec falling back to provided ra/dec
15:01 WARNING : Cannot convert from zenith/azimuth to ra/dec falling back to provided ra/dec
15:01 WARNING : Cannot convert from zenith/azimuth to ra/dec falling back to provided ra/dec
15:01 WARNING : Cannot convert from zenith/azimuth to ra/dec falling back to provided ra/dec
15:01 WARNING : Cannot convert from zenith/azimuth to ra/dec falling back to provided ra/dec
15:01 WARNING : Cannot convert from zenith/azimuth to ra/dec falling back to provided ra/dec
15:01 WARNING : Cannot convert from zenith/azimuth to ra/dec falling back to provided ra/dec
15:01 WARNING : Cannot convert from zenith/azimuth to ra/dec falling back to provided ra/dec
15:01 WARNING : Cannot convert from zenith/azimuth to ra/dec falling back to provided ra/dec
15:01 WARNING : Cannot convert from zenith/azimuth to ra/dec falling back to provided ra/dec
15:01 WARNING : Cannot convert from zenith/azimuth to ra/dec falling back to provided ra/dec
15:01 WARNING : Cannot convert from zenith/azimuth to ra/dec falling back to provided ra/dec
15:01 WARNING : Cannot convert from zenith/azimuth to ra/dec falling back to provided ra/dec
15:01 WARNING : Cannot convert from zenith/azimuth to ra/dec falling back to provided ra/dec
15:01 WARNING : Cannot convert from zenith/azimuth to ra/dec falling back to provided ra/dec
15:01 WARNING : Cannot convert from zenith/azimuth to ra/dec falling back to provided ra/dec
15:01 WARNING : Cannot convert from zenith/azimuth to ra/dec falling back to provided ra/dec
15:01 WARNING : Cannot convert from zenith/azimuth to ra/dec falling back to provided ra/dec
15:01 WARNING : Cannot convert from zenith/azimuth to ra/dec falling back to provided ra/dec
15:01 WARNING : Cannot convert from zenith/azimuth to ra/dec falling back to provided ra/dec
15:01 WARNING : Cannot convert from zenith/azimuth to ra/dec falling back to provided ra/dec
15:01 WARNING : Cannot convert from zenith/azimuth to ra/dec falling back to provided ra/dec
15:01 WARNING : Cannot convert from zenith/azimuth to ra/dec falling back to provided ra/dec
15:01 WARNING : Cannot convert from zenith/azimuth to ra/dec falling back to provided ra/dec
15:01 WARNING : Cannot convert from zenith/azimuth to ra/dec falling back to provided ra/dec
15:01 WARNING : Cannot convert from zenith/azimuth to ra/dec falling back to provided ra/dec
15:01 WARNING : Cannot convert from zenith/azimuth to ra/dec falling back to provided ra/dec
15:01 WARNING : Cannot convert from zenith/azimuth to ra/dec falling back to provided ra/dec
15:01 WARNING : Cannot convert from zenith/azimuth to ra/dec falling back to provided ra/dec
15:01 WARNING : Cannot convert from zenith/azimuth to ra/dec falling back to provided ra/dec
15:01 WARNING : Cannot convert from zenith/azimuth to ra/dec falling back to provided ra/dec
15:01 WARNING : Cannot convert from zenith/azimuth to ra/dec falling back to provided ra/dec
15:01 WARNING : Cannot convert from zenith/azimuth to ra/dec falling back to provided ra/dec
15:01 WARNING : Cannot convert from zenith/azimuth to ra/dec falling back to provided ra/dec
15:01 WARNING : Cannot convert from zenith/azimuth to ra/dec falling back to provided ra/dec
15:01 WARNING : Cannot convert from zenith/azimuth to ra/dec falling back to provided ra/dec
15:01 WARNING : Cannot convert from zenith/azimuth to ra/dec falling back to provided ra/dec
15:01 WARNING : Cannot convert from zenith/azimuth to ra/dec falling back to provided ra/dec
15:01 WARNING : Cannot convert from zenith/azimuth to ra/dec falling back to provided ra/dec
15:01 WARNING : Cannot convert from zenith/azimuth to ra/dec falling back to provided ra/dec
15:01 WARNING : Cannot convert from zenith/azimuth to ra/dec falling back to provided ra/dec
15:01 WARNING : Cannot convert from zenith/azimuth to ra/dec falling back to provided ra/dec
15:01 WARNING : Cannot convert from zenith/azimuth to ra/dec falling back to provided ra/dec
15:01 WARNING : Cannot convert from zenith/azimuth to ra/dec falling back to provided ra/dec
15:01 WARNING : Cannot convert from zenith/azimuth to ra/dec falling back to provided ra/dec
15:01 WARNING : Cannot convert from zenith/azimuth to ra/dec falling back to provided ra/dec
15:01 WARNING : Cannot convert from zenith/azimuth to ra/dec falling back to provided ra/dec
15:01 WARNING : Cannot convert from zenith/azimuth to ra/dec falling back to provided ra/dec
15:01 WARNING : Cannot convert from zenith/azimuth to ra/dec falling back to provided ra/dec
15:01 WARNING : Cannot convert from zenith/azimuth to ra/dec falling back to provided ra/dec
15:01 WARNING : Cannot convert from zenith/azimuth to ra/dec falling back to provided ra/dec
15:01 WARNING : Cannot convert from zenith/azimuth to ra/dec falling back to provided ra/dec
15:01 WARNING : Cannot convert from zenith/azimuth to ra/dec falling back to provided ra/dec
15:01 WARNING : Cannot convert from zenith/azimuth to ra/dec falling back to provided ra/dec
15:01 WARNING : Cannot convert from zenith/azimuth to ra/dec falling back to provided ra/dec
15:01 WARNING : Cannot convert from zenith/azimuth to ra/dec falling back to provided ra/dec
15:01 WARNING : Cannot convert from zenith/azimuth to ra/dec falling back to provided ra/dec
15:01 WARNING : Cannot convert from zenith/azimuth to ra/dec falling back to provided ra/dec
15:01 WARNING : Cannot convert from zenith/azimuth to ra/dec falling back to provided ra/dec
15:01 WARNING : Cannot convert from zenith/azimuth to ra/dec falling back to provided ra/dec
15:01 WARNING : Cannot convert from zenith/azimuth to ra/dec falling back to provided ra/dec
15:01 WARNING : Cannot convert from zenith/azimuth to ra/dec falling back to provided ra/dec
15:01 WARNING : Cannot convert from zenith/azimuth to ra/dec falling back to provided ra/dec
15:01 WARNING : Cannot convert from zenith/azimuth to ra/dec falling back to provided ra/dec
15:01 WARNING : Cannot convert from zenith/azimuth to ra/dec falling back to provided ra/dec
15:01 WARNING : Cannot convert from zenith/azimuth to ra/dec falling back to provided ra/dec
15:01 WARNING : Cannot convert from zenith/azimuth to ra/dec falling back to provided ra/dec
15:01 WARNING : Cannot convert from zenith/azimuth to ra/dec falling back to provided ra/dec
15:01 WARNING : Cannot convert from zenith/azimuth to ra/dec falling back to provided ra/dec
15:01 WARNING : Cannot convert from zenith/azimuth to ra/dec falling back to provided ra/dec
15:01 WARNING : Cannot convert from zenith/azimuth to ra/dec falling back to provided ra/dec
15:01 WARNING : Cannot convert from zenith/azimuth to ra/dec falling back to provided ra/dec
15:01 WARNING : Cannot convert from zenith/azimuth to ra/dec falling back to provided ra/dec
15:01 WARNING : Cannot convert from zenith/azimuth to ra/dec falling back to provided ra/dec
15:01 WARNING : Cannot convert from zenith/azimuth to ra/dec falling back to provided ra/dec
15:01 WARNING : Cannot convert from zenith/azimuth to ra/dec falling back to provided ra/dec
15:01 WARNING : Cannot convert from zenith/azimuth to ra/dec falling back to provided ra/dec
15:01 WARNING : Cannot convert from zenith/azimuth to ra/dec falling back to provided ra/dec
15:01 WARNING : Cannot convert from zenith/azimuth to ra/dec falling back to provided ra/dec
15:01 WARNING : Cannot convert from zenith/azimuth to ra/dec falling back to provided ra/dec
15:01 WARNING : Cannot convert from zenith/azimuth to ra/dec falling back to provided ra/dec
15:01 WARNING : Cannot convert from zenith/azimuth to ra/dec falling back to provided ra/dec
15:01 WARNING : Cannot convert from zenith/azimuth to ra/dec falling back to provided ra/dec
15:01 WARNING : Cannot convert from zenith/azimuth to ra/dec falling back to provided ra/dec
15:01 WARNING : Cannot convert from zenith/azimuth to ra/dec falling back to provided ra/dec
15:01 WARNING : Cannot convert from zenith/azimuth to ra/dec falling back to provided ra/dec
15:01 WARNING : Cannot convert from zenith/azimuth to ra/dec falling back to provided ra/dec
15:01 WARNING : Cannot convert from zenith/azimuth to ra/dec falling back to provided ra/dec
15:01 WARNING : Cannot convert from zenith/azimuth to ra/dec falling back to provided ra/dec
15:01 WARNING : Cannot convert from zenith/azimuth to ra/dec falling back to provided ra/dec
15:01 WARNING : Cannot convert from zenith/azimuth to ra/dec falling back to provided ra/dec
15:01 WARNING : Cannot convert from zenith/azimuth to ra/dec falling back to provided ra/dec
15:01 WARNING : Cannot convert from zenith/azimuth to ra/dec falling back to provided ra/dec
15:01 WARNING : Cannot convert from zenith/azimuth to ra/dec falling back to provided ra/dec
15:01 WARNING : Cannot convert from zenith/azimuth to ra/dec falling back to provided ra/dec
15:01 WARNING : Cannot convert from zenith/azimuth to ra/dec falling back to provided ra/dec
15:01 WARNING : Cannot convert from zenith/azimuth to ra/dec falling back to provided ra/dec
15:01 WARNING : Cannot convert from zenith/azimuth to ra/dec falling back to provided ra/dec
15:01 WARNING : Cannot convert from zenith/azimuth to ra/dec falling back to provided ra/dec
15:01 WARNING : Cannot convert from zenith/azimuth to ra/dec falling back to provided ra/dec
15:01 WARNING : Cannot convert from zenith/azimuth to ra/dec falling back to provided ra/dec
15:01 WARNING : Cannot convert from zenith/azimuth to ra/dec falling back to provided ra/dec
15:01 WARNING : Cannot convert from zenith/azimuth to ra/dec falling back to provided ra/dec
15:01 WARNING : Cannot convert from zenith/azimuth to ra/dec falling back to provided ra/dec
15:01 WARNING : Cannot convert from zenith/azimuth to ra/dec falling back to provided ra/dec
15:01 WARNING : Cannot convert from zenith/azimuth to ra/dec falling back to provided ra/dec
15:01 WARNING : Cannot convert from zenith/azimuth to ra/dec falling back to provided ra/dec
15:01 WARNING : Cannot convert from zenith/azimuth to ra/dec falling back to provided ra/dec
15:01 WARNING : Cannot convert from zenith/azimuth to ra/dec falling back to provided ra/dec
15:01 WARNING : Cannot convert from zenith/azimuth to ra/dec falling back to provided ra/dec
15:01 WARNING : Cannot convert from zenith/azimuth to ra/dec falling back to provided ra/dec
15:01 WARNING : Cannot convert from zenith/azimuth to ra/dec falling back to provided ra/dec
15:01 WARNING : Cannot convert from zenith/azimuth to ra/dec falling back to provided ra/dec
15:01 WARNING : Cannot convert from zenith/azimuth to ra/dec falling back to provided ra/dec
15:01 WARNING : Cannot convert from zenith/azimuth to ra/dec falling back to provided ra/dec
15:01 WARNING : Cannot convert from zenith/azimuth to ra/dec falling back to provided ra/dec
15:01 WARNING : Cannot convert from zenith/azimuth to ra/dec falling back to provided ra/dec
15:01 WARNING : Cannot convert from zenith/azimuth to ra/dec falling back to provided ra/dec
15:01 WARNING : Cannot convert from zenith/azimuth to ra/dec falling back to provided ra/dec
15:01 WARNING : Cannot convert from zenith/azimuth to ra/dec falling back to provided ra/dec
15:01 WARNING : Cannot convert from zenith/azimuth to ra/dec falling back to provided ra/dec
15:01 WARNING : Cannot convert from zenith/azimuth to ra/dec falling back to provided ra/dec
15:01 WARNING : Cannot convert from zenith/azimuth to ra/dec falling back to provided ra/dec
15:01 WARNING : Cannot convert from zenith/azimuth to ra/dec falling back to provided ra/dec
15:01 WARNING : Cannot convert from zenith/azimuth to ra/dec falling back to provided ra/dec
15:01 WARNING : Cannot convert from zenith/azimuth to ra/dec falling back to provided ra/dec
15:01 WARNING : Cannot convert from zenith/azimuth to ra/dec falling back to provided ra/dec
15:01 WARNING : Cannot convert from zenith/azimuth to ra/dec falling back to provided ra/dec
15:01 WARNING : Cannot convert from zenith/azimuth to ra/dec falling back to provided ra/dec
15:01 WARNING : Cannot convert from zenith/azimuth to ra/dec falling back to provided ra/dec
15:01 WARNING : Cannot convert from zenith/azimuth to ra/dec falling back to provided ra/dec
15:01 WARNING : Cannot convert from zenith/azimuth to ra/dec falling back to provided ra/dec
15:01 WARNING : Cannot convert from zenith/azimuth to ra/dec falling back to provided ra/dec
15:01 WARNING : Cannot convert from zenith/azimuth to ra/dec falling back to provided ra/dec
15:01 WARNING : Cannot convert from zenith/azimuth to ra/dec falling back to provided ra/dec
15:01 WARNING : Cannot convert from zenith/azimuth to ra/dec falling back to provided ra/dec
15:01 WARNING : Cannot convert from zenith/azimuth to ra/dec falling back to provided ra/dec
15:01 WARNING : Cannot convert from zenith/azimuth to ra/dec falling back to provided ra/dec
15:01 WARNING : Cannot convert from zenith/azimuth to ra/dec falling back to provided ra/dec
15:01 WARNING : Cannot convert from zenith/azimuth to ra/dec falling back to provided ra/dec
15:01 WARNING : Cannot convert from zenith/azimuth to ra/dec falling back to provided ra/dec
15:01 WARNING : Cannot convert from zenith/azimuth to ra/dec falling back to provided ra/dec
15:01 WARNING : Cannot convert from zenith/azimuth to ra/dec falling back to provided ra/dec
15:01 WARNING : Cannot convert from zenith/azimuth to ra/dec falling back to provided ra/dec
15:01 WARNING : Cannot convert from zenith/azimuth to ra/dec falling back to provided ra/dec
15:01 WARNING : Cannot convert from zenith/azimuth to ra/dec falling back to provided ra/dec
15:01 WARNING : Cannot convert from zenith/azimuth to ra/dec falling back to provided ra/dec
15:01 WARNING : Cannot convert from zenith/azimuth to ra/dec falling back to provided ra/dec
15:01 WARNING : Cannot convert from zenith/azimuth to ra/dec falling back to provided ra/dec
15:01 WARNING : Cannot convert from zenith/azimuth to ra/dec falling back to provided ra/dec
15:01 WARNING : Cannot convert from zenith/azimuth to ra/dec falling back to provided ra/dec
15:01 WARNING : Cannot convert from zenith/azimuth to ra/dec falling back to provided ra/dec
15:01 WARNING : Cannot convert from zenith/azimuth to ra/dec falling back to provided ra/dec
15:01 WARNING : Cannot convert from zenith/azimuth to ra/dec falling back to provided ra/dec
15:01 WARNING : Cannot convert from zenith/azimuth to ra/dec falling back to provided ra/dec
15:01 WARNING : Cannot convert from zenith/azimuth to ra/dec falling back to provided ra/dec
15:01 WARNING : Cannot convert from zenith/azimuth to ra/dec falling back to provided ra/dec
15:01 WARNING : Cannot convert from zenith/azimuth to ra/dec falling back to provided ra/dec
15:01 WARNING : Cannot convert from zenith/azimuth to ra/dec falling back to provided ra/dec
15:01 WARNING : Cannot convert from zenith/azimuth to ra/dec falling back to provided ra/dec
15:01 WARNING : Cannot convert from zenith/azimuth to ra/dec falling back to provided ra/dec
15:01 WARNING : Cannot convert from zenith/azimuth to ra/dec falling back to provided ra/dec
15:01 WARNING : Cannot convert from zenith/azimuth to ra/dec falling back to provided ra/dec
15:01 WARNING : Cannot convert from zenith/azimuth to ra/dec falling back to provided ra/dec
15:01 WARNING : Cannot convert from zenith/azimuth to ra/dec falling back to provided ra/dec
15:01 WARNING : Cannot convert from zenith/azimuth to ra/dec falling back to provided ra/dec
15:01 WARNING : Cannot convert from zenith/azimuth to ra/dec falling back to provided ra/dec
15:01 WARNING : Cannot convert from zenith/azimuth to ra/dec falling back to provided ra/dec
15:01 WARNING : Cannot convert from zenith/azimuth to ra/dec falling back to provided ra/dec
15:01 WARNING : Cannot convert from zenith/azimuth to ra/dec falling back to provided ra/dec
15:01 WARNING : Cannot convert from zenith/azimuth to ra/dec falling back to provided ra/dec
15:01 WARNING : Cannot convert from zenith/azimuth to ra/dec falling back to provided ra/dec
15:01 WARNING : Cannot convert from zenith/azimuth to ra/dec falling back to provided ra/dec
15:01 WARNING : Cannot convert from zenith/azimuth to ra/dec falling back to provided ra/dec
15:01 WARNING : Cannot convert from zenith/azimuth to ra/dec falling back to provided ra/dec
15:01 WARNING : Cannot convert from zenith/azimuth to ra/dec falling back to provided ra/dec
15:01 WARNING : Cannot convert from zenith/azimuth to ra/dec falling back to provided ra/dec
15:01 WARNING : Cannot convert from zenith/azimuth to ra/dec falling back to provided ra/dec
15:01 WARNING : Cannot convert from zenith/azimuth to ra/dec falling back to provided ra/dec
15:01 WARNING : Cannot convert from zenith/azimuth to ra/dec falling back to provided ra/dec
15:01 WARNING : Cannot convert from zenith/azimuth to ra/dec falling back to provided ra/dec
15:01 WARNING : Cannot convert from zenith/azimuth to ra/dec falling back to provided ra/dec
15:01 WARNING : Cannot convert from zenith/azimuth to ra/dec falling back to provided ra/dec
15:01 WARNING : Cannot convert from zenith/azimuth to ra/dec falling back to provided ra/dec
15:01 WARNING : Cannot convert from zenith/azimuth to ra/dec falling back to provided ra/dec
15:01 WARNING : Cannot convert from zenith/azimuth to ra/dec falling back to provided ra/dec
15:01 WARNING : Cannot convert from zenith/azimuth to ra/dec falling back to provided ra/dec
15:01 WARNING : Cannot convert from zenith/azimuth to ra/dec falling back to provided ra/dec
15:01 WARNING : Cannot convert from zenith/azimuth to ra/dec falling back to provided ra/dec
15:01 WARNING : Cannot convert from zenith/azimuth to ra/dec falling back to provided ra/dec
15:01 WARNING : Cannot convert from zenith/azimuth to ra/dec falling back to provided ra/dec
15:01 WARNING : Cannot convert from zenith/azimuth to ra/dec falling back to provided ra/dec
15:01 WARNING : Cannot convert from zenith/azimuth to ra/dec falling back to provided ra/dec
15:01 WARNING : Cannot convert from zenith/azimuth to ra/dec falling back to provided ra/dec
15:01 WARNING : Cannot convert from zenith/azimuth to ra/dec falling back to provided ra/dec
15:01 WARNING : Cannot convert from zenith/azimuth to ra/dec falling back to provided ra/dec
15:01 WARNING : Cannot convert from zenith/azimuth to ra/dec falling back to provided ra/dec
15:01 WARNING : Cannot convert from zenith/azimuth to ra/dec falling back to provided ra/dec
15:01 WARNING : Cannot convert from zenith/azimuth to ra/dec falling back to provided ra/dec
15:01 WARNING : Cannot convert from zenith/azimuth to ra/dec falling back to provided ra/dec
15:01 WARNING : Cannot convert from zenith/azimuth to ra/dec falling back to provided ra/dec
15:01 WARNING : Cannot convert from zenith/azimuth to ra/dec falling back to provided ra/dec
15:01 WARNING : Cannot convert from zenith/azimuth to ra/dec falling back to provided ra/dec
15:01 WARNING : Cannot convert from zenith/azimuth to ra/dec falling back to provided ra/dec
15:01 WARNING : Cannot convert from zenith/azimuth to ra/dec falling back to provided ra/dec
15:01 WARNING : Cannot convert from zenith/azimuth to ra/dec falling back to provided ra/dec
15:01 WARNING : Cannot convert from zenith/azimuth to ra/dec falling back to provided ra/dec
15:01 WARNING : Cannot convert from zenith/azimuth to ra/dec falling back to provided ra/dec
15:01 WARNING : Cannot convert from zenith/azimuth to ra/dec falling back to provided ra/dec
15:01 WARNING : Cannot convert from zenith/azimuth to ra/dec falling back to provided ra/dec
15:01 WARNING : Cannot convert from zenith/azimuth to ra/dec falling back to provided ra/dec
15:01 WARNING : Cannot convert from zenith/azimuth to ra/dec falling back to provided ra/dec
15:01 WARNING : Cannot convert from zenith/azimuth to ra/dec falling back to provided ra/dec
15:01 WARNING : Cannot convert from zenith/azimuth to ra/dec falling back to provided ra/dec
15:01 WARNING : Cannot convert from zenith/azimuth to ra/dec falling back to provided ra/dec
15:01 WARNING : Cannot convert from zenith/azimuth to ra/dec falling back to provided ra/dec
15:01 WARNING : Cannot convert from zenith/azimuth to ra/dec falling back to provided ra/dec
15:01 WARNING : Cannot convert from zenith/azimuth to ra/dec falling back to provided ra/dec
15:01 WARNING : Cannot convert from zenith/azimuth to ra/dec falling back to provided ra/dec
15:01 WARNING : Cannot convert from zenith/azimuth to ra/dec falling back to provided ra/dec
15:01 WARNING : Cannot convert from zenith/azimuth to ra/dec falling back to provided ra/dec
15:01 WARNING : Cannot convert from zenith/azimuth to ra/dec falling back to provided ra/dec
15:01 WARNING : Cannot convert from zenith/azimuth to ra/dec falling back to provided ra/dec
15:01 WARNING : Cannot convert from zenith/azimuth to ra/dec falling back to provided ra/dec
15:01 WARNING : Cannot convert from zenith/azimuth to ra/dec falling back to provided ra/dec
15:01 WARNING : Cannot convert from zenith/azimuth to ra/dec falling back to provided ra/dec
15:01 WARNING : Cannot convert from zenith/azimuth to ra/dec falling back to provided ra/dec
15:01 WARNING : Cannot convert from zenith/azimuth to ra/dec falling back to provided ra/dec
15:01 WARNING : Cannot convert from zenith/azimuth to ra/dec falling back to provided ra/dec
15:01 WARNING : Cannot convert from zenith/azimuth to ra/dec falling back to provided ra/dec
15:01 WARNING : Cannot convert from zenith/azimuth to ra/dec falling back to provided ra/dec
15:01 WARNING : Cannot convert from zenith/azimuth to ra/dec falling back to provided ra/dec
15:01 WARNING : Cannot convert from zenith/azimuth to ra/dec falling back to provided ra/dec
15:01 WARNING : Cannot convert from zenith/azimuth to ra/dec falling back to provided ra/dec
15:01 WARNING : Cannot convert from zenith/azimuth to ra/dec falling back to provided ra/dec
15:01 WARNING : Cannot convert from zenith/azimuth to ra/dec falling back to provided ra/dec
15:01 WARNING : Cannot convert from zenith/azimuth to ra/dec falling back to provided ra/dec
15:01 WARNING : Cannot convert from zenith/azimuth to ra/dec falling back to provided ra/dec
15:01 WARNING : Cannot convert from zenith/azimuth to ra/dec falling back to provided ra/dec
15:01 WARNING : Cannot convert from zenith/azimuth to ra/dec falling back to provided ra/dec
15:01 WARNING : Cannot convert from zenith/azimuth to ra/dec falling back to provided ra/dec
15:01 WARNING : Cannot convert from zenith/azimuth to ra/dec falling back to provided ra/dec
15:01 WARNING : Cannot convert from zenith/azimuth to ra/dec falling back to provided ra/dec
15:01 WARNING : Cannot convert from zenith/azimuth to ra/dec falling back to provided ra/dec
15:01 WARNING : Cannot convert from zenith/azimuth to ra/dec falling back to provided ra/dec
15:01 WARNING : Cannot convert from zenith/azimuth to ra/dec falling back to provided ra/dec
15:01 WARNING : Cannot convert from zenith/azimuth to ra/dec falling back to provided ra/dec
15:01 WARNING : Cannot convert from zenith/azimuth to ra/dec falling back to provided ra/dec
15:01 WARNING : Cannot convert from zenith/azimuth to ra/dec falling back to provided ra/dec
15:01 WARNING : Cannot convert from zenith/azimuth to ra/dec falling back to provided ra/dec
15:01 WARNING : Cannot convert from zenith/azimuth to ra/dec falling back to provided ra/dec
15:01 WARNING : Cannot convert from zenith/azimuth to ra/dec falling back to provided ra/dec
15:01 WARNING : Cannot convert from zenith/azimuth to ra/dec falling back to provided ra/dec
15:01 WARNING : Cannot convert from zenith/azimuth to ra/dec falling back to provided ra/dec
15:01 WARNING : Cannot convert from zenith/azimuth to ra/dec falling back to provided ra/dec
15:01 WARNING : Cannot convert from zenith/azimuth to ra/dec falling back to provided ra/dec
15:01 WARNING : Cannot convert from zenith/azimuth to ra/dec falling back to provided ra/dec
15:01 WARNING : Cannot convert from zenith/azimuth to ra/dec falling back to provided ra/dec
15:01 WARNING : Cannot convert from zenith/azimuth to ra/dec falling back to provided ra/dec
15:01 WARNING : Cannot convert from zenith/azimuth to ra/dec falling back to provided ra/dec
15:01 WARNING : Cannot convert from zenith/azimuth to ra/dec falling back to provided ra/dec
15:01 WARNING : Cannot convert from zenith/azimuth to ra/dec falling back to provided ra/dec
15:01 WARNING : Cannot convert from zenith/azimuth to ra/dec falling back to provided ra/dec
15:01 WARNING : Cannot convert from zenith/azimuth to ra/dec falling back to provided ra/dec
15:01 WARNING : Cannot convert from zenith/azimuth to ra/dec falling back to provided ra/dec
15:01 WARNING : Cannot convert from zenith/azimuth to ra/dec falling back to provided ra/dec
15:01 WARNING : Cannot convert from zenith/azimuth to ra/dec falling back to provided ra/dec
15:01 WARNING : Cannot convert from zenith/azimuth to ra/dec falling back to provided ra/dec
15:01 WARNING : Cannot convert from zenith/azimuth to ra/dec falling back to provided ra/dec
15:01 WARNING : Cannot convert from zenith/azimuth to ra/dec falling back to provided ra/dec
15:01 WARNING : Cannot convert from zenith/azimuth to ra/dec falling back to provided ra/dec
15:01 WARNING : Cannot convert from zenith/azimuth to ra/dec falling back to provided ra/dec
15:01 WARNING : Cannot convert from zenith/azimuth to ra/dec falling back to provided ra/dec
15:01 WARNING : Cannot convert from zenith/azimuth to ra/dec falling back to provided ra/dec
15:01 WARNING : Cannot convert from zenith/azimuth to ra/dec falling back to provided ra/dec
15:01 WARNING : Cannot convert from zenith/azimuth to ra/dec falling back to provided ra/dec
15:01 WARNING : Cannot convert from zenith/azimuth to ra/dec falling back to provided ra/dec
15:01 WARNING : Cannot convert from zenith/azimuth to ra/dec falling back to provided ra/dec
15:01 WARNING : Cannot convert from zenith/azimuth to ra/dec falling back to provided ra/dec
15:01 WARNING : Cannot convert from zenith/azimuth to ra/dec falling back to provided ra/dec
15:01 WARNING : Cannot convert from zenith/azimuth to ra/dec falling back to provided ra/dec
15:01 WARNING : Cannot convert from zenith/azimuth to ra/dec falling back to provided ra/dec
15:01 WARNING : Cannot convert from zenith/azimuth to ra/dec falling back to provided ra/dec
15:01 WARNING : Cannot convert from zenith/azimuth to ra/dec falling back to provided ra/dec
15:01 WARNING : Cannot convert from zenith/azimuth to ra/dec falling back to provided ra/dec
15:01 WARNING : Cannot convert from zenith/azimuth to ra/dec falling back to provided ra/dec
15:01 WARNING : Cannot convert from zenith/azimuth to ra/dec falling back to provided ra/dec
15:01 WARNING : Cannot convert from zenith/azimuth to ra/dec falling back to provided ra/dec
15:01 WARNING : Cannot convert from zenith/azimuth to ra/dec falling back to provided ra/dec
15:01 WARNING : Cannot convert from zenith/azimuth to ra/dec falling back to provided ra/dec
15:01 WARNING : Cannot convert from zenith/azimuth to ra/dec falling back to provided ra/dec
15:01 WARNING : Cannot convert from zenith/azimuth to ra/dec falling back to provided ra/dec
15:01 WARNING : Cannot convert from zenith/azimuth to ra/dec falling back to provided ra/dec
15:01 WARNING : Cannot convert from zenith/azimuth to ra/dec falling back to provided ra/dec
15:01 WARNING : Cannot convert from zenith/azimuth to ra/dec falling back to provided ra/dec
15:01 WARNING : Cannot convert from zenith/azimuth to ra/dec falling back to provided ra/dec
15:01 WARNING : Cannot convert from zenith/azimuth to ra/dec falling back to provided ra/dec
15:01 WARNING : Cannot convert from zenith/azimuth to ra/dec falling back to provided ra/dec
15:01 WARNING : Cannot convert from zenith/azimuth to ra/dec falling back to provided ra/dec
15:01 WARNING : Cannot convert from zenith/azimuth to ra/dec falling back to provided ra/dec
15:01 WARNING : Cannot convert from zenith/azimuth to ra/dec falling back to provided ra/dec
15:01 WARNING : Cannot convert from zenith/azimuth to ra/dec falling back to provided ra/dec
15:01 WARNING : Cannot convert from zenith/azimuth to ra/dec falling back to provided ra/dec
15:01 WARNING : Cannot convert from zenith/azimuth to ra/dec falling back to provided ra/dec
15:01 WARNING : Cannot convert from zenith/azimuth to ra/dec falling back to provided ra/dec
15:01 WARNING : Cannot convert from zenith/azimuth to ra/dec falling back to provided ra/dec
15:01 WARNING : Cannot convert from zenith/azimuth to ra/dec falling back to provided ra/dec
15:01 WARNING : Cannot convert from zenith/azimuth to ra/dec falling back to provided ra/dec
15:01 WARNING : Cannot convert from zenith/azimuth to ra/dec falling back to provided ra/dec
15:01 WARNING : Cannot convert from zenith/azimuth to ra/dec falling back to provided ra/dec
15:01 WARNING : Cannot convert from zenith/azimuth to ra/dec falling back to provided ra/dec
15:01 WARNING : Cannot convert from zenith/azimuth to ra/dec falling back to provided ra/dec
15:01 WARNING : Cannot convert from zenith/azimuth to ra/dec falling back to provided ra/dec
15:01 WARNING : Cannot convert from zenith/azimuth to ra/dec falling back to provided ra/dec
15:01 WARNING : Cannot convert from zenith/azimuth to ra/dec falling back to provided ra/dec
15:01 WARNING : Cannot convert from zenith/azimuth to ra/dec falling back to provided ra/dec
15:01 WARNING : Cannot convert from zenith/azimuth to ra/dec falling back to provided ra/dec
15:01 WARNING : Cannot convert from zenith/azimuth to ra/dec falling back to provided ra/dec
15:01 WARNING : Cannot convert from zenith/azimuth to ra/dec falling back to provided ra/dec
15:01 WARNING : Cannot convert from zenith/azimuth to ra/dec falling back to provided ra/dec
15:01 WARNING : Cannot convert from zenith/azimuth to ra/dec falling back to provided ra/dec
15:01 WARNING : Cannot convert from zenith/azimuth to ra/dec falling back to provided ra/dec
15:01 WARNING : Cannot convert from zenith/azimuth to ra/dec falling back to provided ra/dec
15:01 WARNING : Cannot convert from zenith/azimuth to ra/dec falling back to provided ra/dec
15:01 WARNING : Cannot convert from zenith/azimuth to ra/dec falling back to provided ra/dec
15:01 WARNING : Cannot convert from zenith/azimuth to ra/dec falling back to provided ra/dec
15:01 WARNING : Cannot convert from zenith/azimuth to ra/dec falling back to provided ra/dec
15:01 WARNING : Cannot convert from zenith/azimuth to ra/dec falling back to provided ra/dec
15:01 WARNING : Cannot convert from zenith/azimuth to ra/dec falling back to provided ra/dec
15:01 WARNING : Cannot convert from zenith/azimuth to ra/dec falling back to provided ra/dec
15:01 WARNING : Cannot convert from zenith/azimuth to ra/dec falling back to provided ra/dec
15:01 WARNING : Cannot convert from zenith/azimuth to ra/dec falling back to provided ra/dec
15:01 WARNING : Cannot convert from zenith/azimuth to ra/dec falling back to provided ra/dec
15:01 WARNING : Cannot convert from zenith/azimuth to ra/dec falling back to provided ra/dec
15:01 WARNING : Cannot convert from zenith/azimuth to ra/dec falling back to provided ra/dec
15:01 WARNING : Cannot convert from zenith/azimuth to ra/dec falling back to provided ra/dec
15:01 WARNING : Cannot convert from zenith/azimuth to ra/dec falling back to provided ra/dec
15:01 WARNING : Cannot convert from zenith/azimuth to ra/dec falling back to provided ra/dec
15:01 WARNING : Cannot convert from zenith/azimuth to ra/dec falling back to provided ra/dec
15:01 WARNING : Cannot convert from zenith/azimuth to ra/dec falling back to provided ra/dec
15:01 WARNING : Cannot convert from zenith/azimuth to ra/dec falling back to provided ra/dec
15:01 WARNING : Cannot convert from zenith/azimuth to ra/dec falling back to provided ra/dec
15:01 WARNING : Cannot convert from zenith/azimuth to ra/dec falling back to provided ra/dec
15:01 WARNING : Cannot convert from zenith/azimuth to ra/dec falling back to provided ra/dec
15:01 WARNING : Cannot convert from zenith/azimuth to ra/dec falling back to provided ra/dec
15:01 WARNING : Cannot convert from zenith/azimuth to ra/dec falling back to provided ra/dec
15:01 WARNING : Cannot convert from zenith/azimuth to ra/dec falling back to provided ra/dec
15:01 WARNING : Cannot convert from zenith/azimuth to ra/dec falling back to provided ra/dec
15:01 WARNING : Cannot convert from zenith/azimuth to ra/dec falling back to provided ra/dec
15:01 WARNING : Cannot convert from zenith/azimuth to ra/dec falling back to provided ra/dec
15:01 WARNING : Cannot convert from zenith/azimuth to ra/dec falling back to provided ra/dec
15:01 WARNING : Cannot convert from zenith/azimuth to ra/dec falling back to provided ra/dec
15:01 WARNING : Cannot convert from zenith/azimuth to ra/dec falling back to provided ra/dec
15:01 WARNING : Cannot convert from zenith/azimuth to ra/dec falling back to provided ra/dec
15:01 WARNING : Cannot convert from zenith/azimuth to ra/dec falling back to provided ra/dec
15:01 WARNING : Cannot convert from zenith/azimuth to ra/dec falling back to provided ra/dec
15:01 WARNING : Cannot convert from zenith/azimuth to ra/dec falling back to provided ra/dec
15:01 WARNING : Cannot convert from zenith/azimuth to ra/dec falling back to provided ra/dec
15:01 WARNING : Cannot convert from zenith/azimuth to ra/dec falling back to provided ra/dec
15:01 WARNING : Cannot convert from zenith/azimuth to ra/dec falling back to provided ra/dec
15:01 WARNING : Cannot convert from zenith/azimuth to ra/dec falling back to provided ra/dec
15:01 WARNING : Cannot convert from zenith/azimuth to ra/dec falling back to provided ra/dec
15:01 WARNING : Cannot convert from zenith/azimuth to ra/dec falling back to provided ra/dec
15:01 WARNING : Cannot convert from zenith/azimuth to ra/dec falling back to provided ra/dec
15:01 WARNING : Cannot convert from zenith/azimuth to ra/dec falling back to provided ra/dec
15:01 WARNING : Cannot convert from zenith/azimuth to ra/dec falling back to provided ra/dec
15:01 WARNING : Cannot convert from zenith/azimuth to ra/dec falling back to provided ra/dec
15:01 WARNING : Cannot convert from zenith/azimuth to ra/dec falling back to provided ra/dec
15:01 WARNING : Cannot convert from zenith/azimuth to ra/dec falling back to provided ra/dec
15:01 WARNING : Cannot convert from zenith/azimuth to ra/dec falling back to provided ra/dec
15:01 WARNING : Cannot convert from zenith/azimuth to ra/dec falling back to provided ra/dec
15:01 WARNING : Cannot convert from zenith/azimuth to ra/dec falling back to provided ra/dec
15:01 WARNING : Cannot convert from zenith/azimuth to ra/dec falling back to provided ra/dec
15:01 WARNING : Cannot convert from zenith/azimuth to ra/dec falling back to provided ra/dec
15:01 WARNING : Cannot convert from zenith/azimuth to ra/dec falling back to provided ra/dec
15:01 WARNING : Cannot convert from zenith/azimuth to ra/dec falling back to provided ra/dec
15:01 WARNING : Cannot convert from zenith/azimuth to ra/dec falling back to provided ra/dec
15:01 WARNING : Cannot convert from zenith/azimuth to ra/dec falling back to provided ra/dec
15:01 WARNING : Cannot convert from zenith/azimuth to ra/dec falling back to provided ra/dec
15:01 WARNING : Cannot convert from zenith/azimuth to ra/dec falling back to provided ra/dec
15:01 WARNING : Cannot convert from zenith/azimuth to ra/dec falling back to provided ra/dec
15:01 WARNING : Cannot convert from zenith/azimuth to ra/dec falling back to provided ra/dec
15:01 WARNING : Cannot convert from zenith/azimuth to ra/dec falling back to provided ra/dec
15:01 WARNING : Cannot convert from zenith/azimuth to ra/dec falling back to provided ra/dec
15:01 WARNING : Cannot convert from zenith/azimuth to ra/dec falling back to provided ra/dec
15:01 WARNING : Cannot convert from zenith/azimuth to ra/dec falling back to provided ra/dec
15:01 WARNING : Cannot convert from zenith/azimuth to ra/dec falling back to provided ra/dec
15:01 WARNING : Cannot convert from zenith/azimuth to ra/dec falling back to provided ra/dec
15:01 WARNING : Cannot convert from zenith/azimuth to ra/dec falling back to provided ra/dec
15:01 WARNING : Cannot convert from zenith/azimuth to ra/dec falling back to provided ra/dec
15:01 WARNING : Cannot convert from zenith/azimuth to ra/dec falling back to provided ra/dec
15:01 WARNING : Cannot convert from zenith/azimuth to ra/dec falling back to provided ra/dec
15:01 WARNING : Cannot convert from zenith/azimuth to ra/dec falling back to provided ra/dec
15:01 WARNING : Cannot convert from zenith/azimuth to ra/dec falling back to provided ra/dec
15:01 WARNING : Cannot convert from zenith/azimuth to ra/dec falling back to provided ra/dec
15:01 WARNING : Cannot convert from zenith/azimuth to ra/dec falling back to provided ra/dec
15:01 WARNING : Cannot convert from zenith/azimuth to ra/dec falling back to provided ra/dec
15:01 WARNING : Cannot convert from zenith/azimuth to ra/dec falling back to provided ra/dec
15:01 WARNING : Cannot convert from zenith/azimuth to ra/dec falling back to provided ra/dec
15:01 WARNING : Cannot convert from zenith/azimuth to ra/dec falling back to provided ra/dec
15:01 WARNING : Cannot convert from zenith/azimuth to ra/dec falling back to provided ra/dec
15:01 WARNING : Cannot convert from zenith/azimuth to ra/dec falling back to provided ra/dec
15:01 WARNING : Cannot convert from zenith/azimuth to ra/dec falling back to provided ra/dec
15:01 WARNING : Cannot convert from zenith/azimuth to ra/dec falling back to provided ra/dec
15:01 WARNING : Cannot convert from zenith/azimuth to ra/dec falling back to provided ra/dec
15:01 WARNING : Cannot convert from zenith/azimuth to ra/dec falling back to provided ra/dec
15:01 WARNING : Cannot convert from zenith/azimuth to ra/dec falling back to provided ra/dec
15:01 WARNING : Cannot convert from zenith/azimuth to ra/dec falling back to provided ra/dec
15:01 WARNING : Cannot convert from zenith/azimuth to ra/dec falling back to provided ra/dec
15:01 WARNING : Cannot convert from zenith/azimuth to ra/dec falling back to provided ra/dec
15:01 WARNING : Cannot convert from zenith/azimuth to ra/dec falling back to provided ra/dec
15:01 WARNING : Cannot convert from zenith/azimuth to ra/dec falling back to provided ra/dec
15:01 WARNING : Cannot convert from zenith/azimuth to ra/dec falling back to provided ra/dec
15:01 WARNING : Cannot convert from zenith/azimuth to ra/dec falling back to provided ra/dec
15:01 WARNING : Cannot convert from zenith/azimuth to ra/dec falling back to provided ra/dec
15:01 WARNING : Cannot convert from zenith/azimuth to ra/dec falling back to provided ra/dec
15:01 WARNING : Cannot convert from zenith/azimuth to ra/dec falling back to provided ra/dec
15:01 WARNING : Cannot convert from zenith/azimuth to ra/dec falling back to provided ra/dec
15:01 WARNING : Cannot convert from zenith/azimuth to ra/dec falling back to provided ra/dec
15:01 WARNING : Cannot convert from zenith/azimuth to ra/dec falling back to provided ra/dec
15:01 WARNING : Cannot convert from zenith/azimuth to ra/dec falling back to provided ra/dec
15:01 WARNING : Cannot convert from zenith/azimuth to ra/dec falling back to provided ra/dec
15:01 WARNING : Cannot convert from zenith/azimuth to ra/dec falling back to provided ra/dec
15:01 WARNING : Cannot convert from zenith/azimuth to ra/dec falling back to provided ra/dec
15:01 WARNING : Cannot convert from zenith/azimuth to ra/dec falling back to provided ra/dec
15:01 WARNING : Cannot convert from zenith/azimuth to ra/dec falling back to provided ra/dec
15:01 WARNING : Cannot convert from zenith/azimuth to ra/dec falling back to provided ra/dec
15:01 WARNING : Cannot convert from zenith/azimuth to ra/dec falling back to provided ra/dec
15:01 WARNING : Cannot convert from zenith/azimuth to ra/dec falling back to provided ra/dec
15:01 WARNING : Cannot convert from zenith/azimuth to ra/dec falling back to provided ra/dec
15:01 WARNING : Cannot convert from zenith/azimuth to ra/dec falling back to provided ra/dec
15:01 WARNING : Cannot convert from zenith/azimuth to ra/dec falling back to provided ra/dec
15:01 WARNING : Cannot convert from zenith/azimuth to ra/dec falling back to provided ra/dec
15:01 WARNING : Cannot convert from zenith/azimuth to ra/dec falling back to provided ra/dec
15:01 WARNING : Cannot convert from zenith/azimuth to ra/dec falling back to provided ra/dec
15:01 WARNING : Cannot convert from zenith/azimuth to ra/dec falling back to provided ra/dec
15:01 WARNING : Cannot convert from zenith/azimuth to ra/dec falling back to provided ra/dec
15:01 WARNING : Cannot convert from zenith/azimuth to ra/dec falling back to provided ra/dec
15:01 WARNING : Cannot convert from zenith/azimuth to ra/dec falling back to provided ra/dec
15:01 WARNING : Cannot convert from zenith/azimuth to ra/dec falling back to provided ra/dec
15:01 WARNING : Cannot convert from zenith/azimuth to ra/dec falling back to provided ra/dec
15:01 WARNING : Cannot convert from zenith/azimuth to ra/dec falling back to provided ra/dec
15:01 WARNING : Cannot convert from zenith/azimuth to ra/dec falling back to provided ra/dec
15:01 WARNING : Cannot convert from zenith/azimuth to ra/dec falling back to provided ra/dec
15:01 WARNING : Cannot convert from zenith/azimuth to ra/dec falling back to provided ra/dec
15:01 WARNING : Cannot convert from zenith/azimuth to ra/dec falling back to provided ra/dec
15:01 WARNING : Cannot convert from zenith/azimuth to ra/dec falling back to provided ra/dec
15:01 WARNING : Cannot convert from zenith/azimuth to ra/dec falling back to provided ra/dec
15:01 WARNING : Cannot convert from zenith/azimuth to ra/dec falling back to provided ra/dec
15:01 WARNING : Cannot convert from zenith/azimuth to ra/dec falling back to provided ra/dec
15:01 WARNING : Cannot convert from zenith/azimuth to ra/dec falling back to provided ra/dec
15:01 WARNING : Cannot convert from zenith/azimuth to ra/dec falling back to provided ra/dec
15:01 WARNING : Cannot convert from zenith/azimuth to ra/dec falling back to provided ra/dec
15:01 WARNING : Cannot convert from zenith/azimuth to ra/dec falling back to provided ra/dec
15:01 WARNING : Cannot convert from zenith/azimuth to ra/dec falling back to provided ra/dec
15:01 WARNING : Cannot convert from zenith/azimuth to ra/dec falling back to provided ra/dec
15:01 WARNING : Cannot convert from zenith/azimuth to ra/dec falling back to provided ra/dec
15:01 WARNING : Cannot convert from zenith/azimuth to ra/dec falling back to provided ra/dec
15:01 WARNING : Cannot convert from zenith/azimuth to ra/dec falling back to provided ra/dec
15:01 WARNING : Cannot convert from zenith/azimuth to ra/dec falling back to provided ra/dec
15:01 WARNING : Cannot convert from zenith/azimuth to ra/dec falling back to provided ra/dec
15:01 WARNING : Cannot convert from zenith/azimuth to ra/dec falling back to provided ra/dec
15:01 WARNING : Cannot convert from zenith/azimuth to ra/dec falling back to provided ra/dec
15:01 WARNING : Cannot convert from zenith/azimuth to ra/dec falling back to provided ra/dec
15:01 WARNING : Cannot convert from zenith/azimuth to ra/dec falling back to provided ra/dec
15:01 WARNING : Cannot convert from zenith/azimuth to ra/dec falling back to provided ra/dec
15:01 WARNING : Cannot convert from zenith/azimuth to ra/dec falling back to provided ra/dec
15:01 WARNING : Cannot convert from zenith/azimuth to ra/dec falling back to provided ra/dec
15:01 WARNING : Cannot convert from zenith/azimuth to ra/dec falling back to provided ra/dec
15:01 WARNING : Cannot convert from zenith/azimuth to ra/dec falling back to provided ra/dec
15:01 WARNING : Cannot convert from zenith/azimuth to ra/dec falling back to provided ra/dec
15:01 WARNING : Cannot convert from zenith/azimuth to ra/dec falling back to provided ra/dec
15:01 WARNING : Cannot convert from zenith/azimuth to ra/dec falling back to provided ra/dec
15:01 WARNING : Cannot convert from zenith/azimuth to ra/dec falling back to provided ra/dec
15:01 WARNING : Cannot convert from zenith/azimuth to ra/dec falling back to provided ra/dec
15:01 WARNING : Cannot convert from zenith/azimuth to ra/dec falling back to provided ra/dec
15:01 WARNING : Cannot convert from zenith/azimuth to ra/dec falling back to provided ra/dec
15:01 WARNING : Cannot convert from zenith/azimuth to ra/dec falling back to provided ra/dec
15:01 WARNING : Cannot convert from zenith/azimuth to ra/dec falling back to provided ra/dec
15:01 WARNING : Cannot convert from zenith/azimuth to ra/dec falling back to provided ra/dec
15:01 WARNING : Cannot convert from zenith/azimuth to ra/dec falling back to provided ra/dec
15:01 WARNING : Cannot convert from zenith/azimuth to ra/dec falling back to provided ra/dec
15:01 WARNING : Cannot convert from zenith/azimuth to ra/dec falling back to provided ra/dec
15:01 WARNING : Cannot convert from zenith/azimuth to ra/dec falling back to provided ra/dec
15:01 WARNING : Cannot convert from zenith/azimuth to ra/dec falling back to provided ra/dec
15:01 WARNING : Cannot convert from zenith/azimuth to ra/dec falling back to provided ra/dec
15:01 WARNING : Cannot convert from zenith/azimuth to ra/dec falling back to provided ra/dec
15:01 WARNING : Cannot convert from zenith/azimuth to ra/dec falling back to provided ra/dec
15:01 WARNING : Cannot convert from zenith/azimuth to ra/dec falling back to provided ra/dec
15:01 WARNING : Cannot convert from zenith/azimuth to ra/dec falling back to provided ra/dec
15:01 WARNING : Cannot convert from zenith/azimuth to ra/dec falling back to provided ra/dec
15:01 WARNING : Cannot convert from zenith/azimuth to ra/dec falling back to provided ra/dec
15:01 WARNING : Cannot convert from zenith/azimuth to ra/dec falling back to provided ra/dec
15:01 WARNING : Cannot convert from zenith/azimuth to ra/dec falling back to provided ra/dec
15:01 WARNING : Cannot convert from zenith/azimuth to ra/dec falling back to provided ra/dec
15:01 WARNING : Cannot convert from zenith/azimuth to ra/dec falling back to provided ra/dec
15:01 WARNING : Cannot convert from zenith/azimuth to ra/dec falling back to provided ra/dec
15:01 WARNING : Cannot convert from zenith/azimuth to ra/dec falling back to provided ra/dec
15:01 WARNING : Cannot convert from zenith/azimuth to ra/dec falling back to provided ra/dec
15:01 WARNING : Cannot convert from zenith/azimuth to ra/dec falling back to provided ra/dec
15:01 WARNING : Cannot convert from zenith/azimuth to ra/dec falling back to provided ra/dec
15:01 WARNING : Cannot convert from zenith/azimuth to ra/dec falling back to provided ra/dec
15:01 WARNING : Cannot convert from zenith/azimuth to ra/dec falling back to provided ra/dec
15:01 WARNING : Cannot convert from zenith/azimuth to ra/dec falling back to provided ra/dec
15:01 WARNING : Cannot convert from zenith/azimuth to ra/dec falling back to provided ra/dec
15:01 WARNING : Cannot convert from zenith/azimuth to ra/dec falling back to provided ra/dec
15:01 WARNING : Cannot convert from zenith/azimuth to ra/dec falling back to provided ra/dec
15:01 WARNING : Cannot convert from zenith/azimuth to ra/dec falling back to provided ra/dec
15:01 WARNING : Cannot convert from zenith/azimuth to ra/dec falling back to provided ra/dec
15:01 WARNING : Cannot convert from zenith/azimuth to ra/dec falling back to provided ra/dec
15:01 WARNING : Cannot convert from zenith/azimuth to ra/dec falling back to provided ra/dec
15:01 WARNING : Cannot convert from zenith/azimuth to ra/dec falling back to provided ra/dec
15:01 WARNING : Cannot convert from zenith/azimuth to ra/dec falling back to provided ra/dec
15:01 WARNING : Cannot convert from zenith/azimuth to ra/dec falling back to provided ra/dec
15:01 WARNING : Cannot convert from zenith/azimuth to ra/dec falling back to provided ra/dec
15:01 WARNING : Cannot convert from zenith/azimuth to ra/dec falling back to provided ra/dec
15:01 WARNING : Cannot convert from zenith/azimuth to ra/dec falling back to provided ra/dec
15:01 WARNING : Cannot convert from zenith/azimuth to ra/dec falling back to provided ra/dec
15:01 WARNING : Cannot convert from zenith/azimuth to ra/dec falling back to provided ra/dec
15:01 WARNING : Cannot convert from zenith/azimuth to ra/dec falling back to provided ra/dec
15:01 WARNING : Cannot convert from zenith/azimuth to ra/dec falling back to provided ra/dec
15:01 WARNING : Cannot convert from zenith/azimuth to ra/dec falling back to provided ra/dec
15:01 WARNING : Cannot convert from zenith/azimuth to ra/dec falling back to provided ra/dec
15:01 WARNING : Cannot convert from zenith/azimuth to ra/dec falling back to provided ra/dec
15:01 WARNING : Cannot convert from zenith/azimuth to ra/dec falling back to provided ra/dec
15:01 WARNING : Cannot convert from zenith/azimuth to ra/dec falling back to provided ra/dec
15:01 WARNING : Cannot convert from zenith/azimuth to ra/dec falling back to provided ra/dec
15:01 WARNING : Cannot convert from zenith/azimuth to ra/dec falling back to provided ra/dec
15:01 WARNING : Cannot convert from zenith/azimuth to ra/dec falling back to provided ra/dec
15:01 WARNING : Cannot convert from zenith/azimuth to ra/dec falling back to provided ra/dec
15:01 WARNING : Cannot convert from zenith/azimuth to ra/dec falling back to provided ra/dec
15:01 WARNING : Cannot convert from zenith/azimuth to ra/dec falling back to provided ra/dec
15:01 WARNING : Cannot convert from zenith/azimuth to ra/dec falling back to provided ra/dec
15:01 WARNING : Cannot convert from zenith/azimuth to ra/dec falling back to provided ra/dec
15:01 WARNING : Cannot convert from zenith/azimuth to ra/dec falling back to provided ra/dec
15:01 WARNING : Cannot convert from zenith/azimuth to ra/dec falling back to provided ra/dec
15:01 WARNING : Cannot convert from zenith/azimuth to ra/dec falling back to provided ra/dec
15:01 WARNING : Cannot convert from zenith/azimuth to ra/dec falling back to provided ra/dec
15:01 WARNING : Cannot convert from zenith/azimuth to ra/dec falling back to provided ra/dec
15:01 WARNING : Cannot convert from zenith/azimuth to ra/dec falling back to provided ra/dec
15:01 WARNING : Cannot convert from zenith/azimuth to ra/dec falling back to provided ra/dec
15:01 WARNING : Cannot convert from zenith/azimuth to ra/dec falling back to provided ra/dec
15:01 WARNING : Cannot convert from zenith/azimuth to ra/dec falling back to provided ra/dec
15:01 WARNING : Cannot convert from zenith/azimuth to ra/dec falling back to provided ra/dec
15:01 WARNING : Cannot convert from zenith/azimuth to ra/dec falling back to provided ra/dec
15:01 WARNING : Cannot convert from zenith/azimuth to ra/dec falling back to provided ra/dec
15:01 WARNING : Cannot convert from zenith/azimuth to ra/dec falling back to provided ra/dec
15:01 WARNING : Cannot convert from zenith/azimuth to ra/dec falling back to provided ra/dec
15:01 WARNING : Cannot convert from zenith/azimuth to ra/dec falling back to provided ra/dec
15:01 WARNING : Cannot convert from zenith/azimuth to ra/dec falling back to provided ra/dec
15:01 WARNING : Cannot convert from zenith/azimuth to ra/dec falling back to provided ra/dec
15:01 WARNING : Cannot convert from zenith/azimuth to ra/dec falling back to provided ra/dec
15:01 WARNING : Cannot convert from zenith/azimuth to ra/dec falling back to provided ra/dec
15:01 WARNING : Cannot convert from zenith/azimuth to ra/dec falling back to provided ra/dec
15:01 WARNING : Cannot convert from zenith/azimuth to ra/dec falling back to provided ra/dec
15:01 WARNING : Cannot convert from zenith/azimuth to ra/dec falling back to provided ra/dec
15:01 WARNING : Cannot convert from zenith/azimuth to ra/dec falling back to provided ra/dec
15:01 WARNING : Cannot convert from zenith/azimuth to ra/dec falling back to provided ra/dec
15:01 WARNING : Cannot convert from zenith/azimuth to ra/dec falling back to provided ra/dec
15:01 WARNING : Cannot convert from zenith/azimuth to ra/dec falling back to provided ra/dec
15:01 WARNING : Cannot convert from zenith/azimuth to ra/dec falling back to provided ra/dec
15:01 WARNING : Cannot convert from zenith/azimuth to ra/dec falling back to provided ra/dec
15:01 WARNING : Cannot convert from zenith/azimuth to ra/dec falling back to provided ra/dec
15:01 WARNING : Cannot convert from zenith/azimuth to ra/dec falling back to provided ra/dec
15:01 WARNING : Cannot convert from zenith/azimuth to ra/dec falling back to provided ra/dec
15:01 WARNING : Cannot convert from zenith/azimuth to ra/dec falling back to provided ra/dec
15:01 WARNING : Cannot convert from zenith/azimuth to ra/dec falling back to provided ra/dec
15:01 WARNING : Cannot convert from zenith/azimuth to ra/dec falling back to provided ra/dec
15:01 WARNING : Cannot convert from zenith/azimuth to ra/dec falling back to provided ra/dec
15:01 WARNING : Cannot convert from zenith/azimuth to ra/dec falling back to provided ra/dec
15:01 WARNING : Cannot convert from zenith/azimuth to ra/dec falling back to provided ra/dec
15:01 WARNING : Cannot convert from zenith/azimuth to ra/dec falling back to provided ra/dec
15:01 WARNING : Cannot convert from zenith/azimuth to ra/dec falling back to provided ra/dec
15:01 WARNING : Cannot convert from zenith/azimuth to ra/dec falling back to provided ra/dec
15:01 WARNING : Cannot convert from zenith/azimuth to ra/dec falling back to provided ra/dec
15:01 WARNING : Cannot convert from zenith/azimuth to ra/dec falling back to provided ra/dec
15:01 WARNING : Cannot convert from zenith/azimuth to ra/dec falling back to provided ra/dec
15:01 WARNING : Cannot convert from zenith/azimuth to ra/dec falling back to provided ra/dec
15:01 WARNING : Cannot convert from zenith/azimuth to ra/dec falling back to provided ra/dec
15:01 WARNING : Cannot convert from zenith/azimuth to ra/dec falling back to provided ra/dec
15:01 WARNING : Cannot convert from zenith/azimuth to ra/dec falling back to provided ra/dec
15:01 WARNING : Cannot convert from zenith/azimuth to ra/dec falling back to provided ra/dec
15:01 WARNING : Cannot convert from zenith/azimuth to ra/dec falling back to provided ra/dec
15:01 WARNING : Cannot convert from zenith/azimuth to ra/dec falling back to provided ra/dec
15:01 WARNING : Cannot convert from zenith/azimuth to ra/dec falling back to provided ra/dec
15:01 WARNING : Cannot convert from zenith/azimuth to ra/dec falling back to provided ra/dec
15:01 WARNING : Cannot convert from zenith/azimuth to ra/dec falling back to provided ra/dec
15:01 WARNING : Cannot convert from zenith/azimuth to ra/dec falling back to provided ra/dec
15:01 WARNING : Cannot convert from zenith/azimuth to ra/dec falling back to provided ra/dec
15:01 WARNING : Cannot convert from zenith/azimuth to ra/dec falling back to provided ra/dec
15:01 WARNING : Cannot convert from zenith/azimuth to ra/dec falling back to provided ra/dec
15:01 WARNING : Cannot convert from zenith/azimuth to ra/dec falling back to provided ra/dec
15:01 WARNING : Cannot convert from zenith/azimuth to ra/dec falling back to provided ra/dec
15:01 WARNING : Cannot convert from zenith/azimuth to ra/dec falling back to provided ra/dec
15:01 WARNING : Cannot convert from zenith/azimuth to ra/dec falling back to provided ra/dec
15:01 WARNING : Cannot convert from zenith/azimuth to ra/dec falling back to provided ra/dec
15:01 WARNING : Cannot convert from zenith/azimuth to ra/dec falling back to provided ra/dec
15:01 WARNING : Cannot convert from zenith/azimuth to ra/dec falling back to provided ra/dec
15:01 WARNING : Cannot convert from zenith/azimuth to ra/dec falling back to provided ra/dec
15:01 WARNING : Cannot convert from zenith/azimuth to ra/dec falling back to provided ra/dec
15:01 WARNING : Cannot convert from zenith/azimuth to ra/dec falling back to provided ra/dec
15:01 WARNING : Cannot convert from zenith/azimuth to ra/dec falling back to provided ra/dec
15:01 WARNING : Cannot convert from zenith/azimuth to ra/dec falling back to provided ra/dec
15:01 WARNING : Cannot convert from zenith/azimuth to ra/dec falling back to provided ra/dec
15:01 WARNING : Cannot convert from zenith/azimuth to ra/dec falling back to provided ra/dec
15:01 WARNING : Cannot convert from zenith/azimuth to ra/dec falling back to provided ra/dec
15:01 WARNING : Cannot convert from zenith/azimuth to ra/dec falling back to provided ra/dec
15:01 WARNING : Cannot convert from zenith/azimuth to ra/dec falling back to provided ra/dec
15:01 WARNING : Cannot convert from zenith/azimuth to ra/dec falling back to provided ra/dec
15:01 WARNING : Cannot convert from zenith/azimuth to ra/dec falling back to provided ra/dec
15:01 WARNING : Cannot convert from zenith/azimuth to ra/dec falling back to provided ra/dec
15:01 WARNING : Cannot convert from zenith/azimuth to ra/dec falling back to provided ra/dec
15:01 WARNING : Cannot convert from zenith/azimuth to ra/dec falling back to provided ra/dec
15:01 WARNING : Cannot convert from zenith/azimuth to ra/dec falling back to provided ra/dec
15:01 WARNING : Cannot convert from zenith/azimuth to ra/dec falling back to provided ra/dec
15:01 WARNING : Cannot convert from zenith/azimuth to ra/dec falling back to provided ra/dec
15:01 WARNING : Cannot convert from zenith/azimuth to ra/dec falling back to provided ra/dec
15:01 WARNING : Cannot convert from zenith/azimuth to ra/dec falling back to provided ra/dec
15:01 WARNING : Cannot convert from zenith/azimuth to ra/dec falling back to provided ra/dec
15:01 WARNING : Cannot convert from zenith/azimuth to ra/dec falling back to provided ra/dec
15:01 WARNING : Cannot convert from zenith/azimuth to ra/dec falling back to provided ra/dec
15:01 WARNING : Cannot convert from zenith/azimuth to ra/dec falling back to provided ra/dec
15:01 WARNING : Cannot convert from zenith/azimuth to ra/dec falling back to provided ra/dec
15:01 WARNING : Cannot convert from zenith/azimuth to ra/dec falling back to provided ra/dec
15:01 WARNING : Cannot convert from zenith/azimuth to ra/dec falling back to provided ra/dec
15:01 WARNING : Cannot convert from zenith/azimuth to ra/dec falling back to provided ra/dec
15:01 WARNING : Cannot convert from zenith/azimuth to ra/dec falling back to provided ra/dec
15:01 WARNING : Cannot convert from zenith/azimuth to ra/dec falling back to provided ra/dec
15:01 WARNING : Cannot convert from zenith/azimuth to ra/dec falling back to provided ra/dec
15:01 WARNING : Cannot convert from zenith/azimuth to ra/dec falling back to provided ra/dec
15:01 WARNING : Cannot convert from zenith/azimuth to ra/dec falling back to provided ra/dec
15:01 WARNING : Cannot convert from zenith/azimuth to ra/dec falling back to provided ra/dec
15:01 WARNING : Cannot convert from zenith/azimuth to ra/dec falling back to provided ra/dec
15:01 WARNING : Cannot convert from zenith/azimuth to ra/dec falling back to provided ra/dec
15:01 WARNING : Cannot convert from zenith/azimuth to ra/dec falling back to provided ra/dec
15:01 WARNING : Cannot convert from zenith/azimuth to ra/dec falling back to provided ra/dec
15:01 WARNING : Cannot convert from zenith/azimuth to ra/dec falling back to provided ra/dec
15:01 WARNING : Cannot convert from zenith/azimuth to ra/dec falling back to provided ra/dec
15:01 WARNING : Cannot convert from zenith/azimuth to ra/dec falling back to provided ra/dec
15:01 WARNING : Cannot convert from zenith/azimuth to ra/dec falling back to provided ra/dec
15:01 WARNING : Cannot convert from zenith/azimuth to ra/dec falling back to provided ra/dec
15:01 WARNING : Cannot convert from zenith/azimuth to ra/dec falling back to provided ra/dec
15:01 WARNING : Cannot convert from zenith/azimuth to ra/dec falling back to provided ra/dec
15:01 WARNING : Cannot convert from zenith/azimuth to ra/dec falling back to provided ra/dec
15:01 WARNING : Cannot convert from zenith/azimuth to ra/dec falling back to provided ra/dec
15:01 WARNING : Cannot convert from zenith/azimuth to ra/dec falling back to provided ra/dec
15:01 WARNING : Cannot convert from zenith/azimuth to ra/dec falling back to provided ra/dec
15:01 WARNING : Cannot convert from zenith/azimuth to ra/dec falling back to provided ra/dec
15:01 WARNING : Cannot convert from zenith/azimuth to ra/dec falling back to provided ra/dec
15:01 WARNING : Cannot convert from zenith/azimuth to ra/dec falling back to provided ra/dec
15:01 WARNING : Cannot convert from zenith/azimuth to ra/dec falling back to provided ra/dec
15:01 WARNING : Cannot convert from zenith/azimuth to ra/dec falling back to provided ra/dec
15:01 WARNING : Cannot convert from zenith/azimuth to ra/dec falling back to provided ra/dec
15:01 WARNING : Cannot convert from zenith/azimuth to ra/dec falling back to provided ra/dec
15:01 WARNING : Cannot convert from zenith/azimuth to ra/dec falling back to provided ra/dec
15:01 WARNING : Cannot convert from zenith/azimuth to ra/dec falling back to provided ra/dec
15:01 WARNING : Cannot convert from zenith/azimuth to ra/dec falling back to provided ra/dec
15:01 WARNING : Cannot convert from zenith/azimuth to ra/dec falling back to provided ra/dec
15:01 WARNING : Cannot convert from zenith/azimuth to ra/dec falling back to provided ra/dec
15:01 WARNING : Cannot convert from zenith/azimuth to ra/dec falling back to provided ra/dec
15:01 WARNING : Cannot convert from zenith/azimuth to ra/dec falling back to provided ra/dec
15:01 WARNING : Cannot convert from zenith/azimuth to ra/dec falling back to provided ra/dec
15:01 WARNING : Cannot convert from zenith/azimuth to ra/dec falling back to provided ra/dec
15:01 WARNING : Cannot convert from zenith/azimuth to ra/dec falling back to provided ra/dec
15:01 WARNING : Cannot convert from zenith/azimuth to ra/dec falling back to provided ra/dec
15:01 WARNING : Cannot convert from zenith/azimuth to ra/dec falling back to provided ra/dec
15:02 WARNING : Cannot convert from zenith/azimuth to ra/dec falling back to provided ra/dec
15:02 WARNING : Cannot convert from zenith/azimuth to ra/dec falling back to provided ra/dec
15:02 WARNING : Cannot convert from zenith/azimuth to ra/dec falling back to provided ra/dec
15:02 WARNING : Cannot convert from zenith/azimuth to ra/dec falling back to provided ra/dec
15:02 WARNING : Cannot convert from zenith/azimuth to ra/dec falling back to provided ra/dec
15:02 WARNING : Cannot convert from zenith/azimuth to ra/dec falling back to provided ra/dec
15:02 WARNING : Cannot convert from zenith/azimuth to ra/dec falling back to provided ra/dec
15:02 WARNING : Cannot convert from zenith/azimuth to ra/dec falling back to provided ra/dec
15:02 WARNING : Cannot convert from zenith/azimuth to ra/dec falling back to provided ra/dec
15:02 WARNING : Cannot convert from zenith/azimuth to ra/dec falling back to provided ra/dec
15:02 WARNING : Cannot convert from zenith/azimuth to ra/dec falling back to provided ra/dec
15:02 WARNING : Cannot convert from zenith/azimuth to ra/dec falling back to provided ra/dec
15:02 WARNING : Cannot convert from zenith/azimuth to ra/dec falling back to provided ra/dec
15:02 WARNING : Cannot convert from zenith/azimuth to ra/dec falling back to provided ra/dec
15:02 WARNING : Cannot convert from zenith/azimuth to ra/dec falling back to provided ra/dec
15:02 WARNING : Cannot convert from zenith/azimuth to ra/dec falling back to provided ra/dec
15:02 WARNING : Cannot convert from zenith/azimuth to ra/dec falling back to provided ra/dec
15:02 WARNING : Cannot convert from zenith/azimuth to ra/dec falling back to provided ra/dec
15:02 WARNING : Cannot convert from zenith/azimuth to ra/dec falling back to provided ra/dec
15:02 WARNING : Cannot convert from zenith/azimuth to ra/dec falling back to provided ra/dec
15:02 WARNING : Cannot convert from zenith/azimuth to ra/dec falling back to provided ra/dec
15:02 WARNING : Cannot convert from zenith/azimuth to ra/dec falling back to provided ra/dec
15:02 WARNING : Cannot convert from zenith/azimuth to ra/dec falling back to provided ra/dec
15:02 WARNING : Cannot convert from zenith/azimuth to ra/dec falling back to provided ra/dec
15:02 WARNING : Cannot convert from zenith/azimuth to ra/dec falling back to provided ra/dec
15:02 WARNING : Cannot convert from zenith/azimuth to ra/dec falling back to provided ra/dec
15:02 WARNING : Cannot convert from zenith/azimuth to ra/dec falling back to provided ra/dec
15:02 WARNING : Cannot convert from zenith/azimuth to ra/dec falling back to provided ra/dec
15:02 WARNING : Cannot convert from zenith/azimuth to ra/dec falling back to provided ra/dec
15:02 WARNING : Cannot convert from zenith/azimuth to ra/dec falling back to provided ra/dec
15:02 WARNING : Cannot convert from zenith/azimuth to ra/dec falling back to provided ra/dec
15:02 WARNING : Cannot convert from zenith/azimuth to ra/dec falling back to provided ra/dec
15:02 WARNING : Cannot convert from zenith/azimuth to ra/dec falling back to provided ra/dec
15:02 WARNING : Cannot convert from zenith/azimuth to ra/dec falling back to provided ra/dec
15:02 WARNING : Cannot convert from zenith/azimuth to ra/dec falling back to provided ra/dec
15:02 WARNING : Cannot convert from zenith/azimuth to ra/dec falling back to provided ra/dec
15:02 WARNING : Cannot convert from zenith/azimuth to ra/dec falling back to provided ra/dec
15:02 WARNING : Cannot convert from zenith/azimuth to ra/dec falling back to provided ra/dec
15:02 WARNING : Cannot convert from zenith/azimuth to ra/dec falling back to provided ra/dec
15:02 WARNING : Cannot convert from zenith/azimuth to ra/dec falling back to provided ra/dec
15:02 WARNING : Cannot convert from zenith/azimuth to ra/dec falling back to provided ra/dec
15:02 WARNING : Cannot convert from zenith/azimuth to ra/dec falling back to provided ra/dec
15:02 WARNING : Cannot convert from zenith/azimuth to ra/dec falling back to provided ra/dec
15:02 WARNING : Cannot convert from zenith/azimuth to ra/dec falling back to provided ra/dec
15:02 WARNING : Cannot convert from zenith/azimuth to ra/dec falling back to provided ra/dec
15:02 WARNING : Cannot convert from zenith/azimuth to ra/dec falling back to provided ra/dec
15:02 WARNING : Cannot convert from zenith/azimuth to ra/dec falling back to provided ra/dec
15:02 WARNING : Cannot convert from zenith/azimuth to ra/dec falling back to provided ra/dec
15:02 WARNING : Cannot convert from zenith/azimuth to ra/dec falling back to provided ra/dec
15:02 WARNING : Cannot convert from zenith/azimuth to ra/dec falling back to provided ra/dec
15:02 WARNING : Cannot convert from zenith/azimuth to ra/dec falling back to provided ra/dec
15:02 WARNING : Cannot convert from zenith/azimuth to ra/dec falling back to provided ra/dec
15:02 WARNING : Cannot convert from zenith/azimuth to ra/dec falling back to provided ra/dec
15:02 WARNING : Cannot convert from zenith/azimuth to ra/dec falling back to provided ra/dec
15:02 WARNING : Cannot convert from zenith/azimuth to ra/dec falling back to provided ra/dec
15:02 WARNING : Cannot convert from zenith/azimuth to ra/dec falling back to provided ra/dec
15:02 WARNING : Cannot convert from zenith/azimuth to ra/dec falling back to provided ra/dec
15:02 WARNING : Cannot convert from zenith/azimuth to ra/dec falling back to provided ra/dec
15:02 WARNING : Cannot convert from zenith/azimuth to ra/dec falling back to provided ra/dec
15:02 WARNING : Cannot convert from zenith/azimuth to ra/dec falling back to provided ra/dec
15:02 WARNING : Cannot convert from zenith/azimuth to ra/dec falling back to provided ra/dec
15:02 WARNING : Cannot convert from zenith/azimuth to ra/dec falling back to provided ra/dec
15:02 WARNING : Cannot convert from zenith/azimuth to ra/dec falling back to provided ra/dec
15:02 WARNING : Cannot convert from zenith/azimuth to ra/dec falling back to provided ra/dec
15:02 WARNING : Cannot convert from zenith/azimuth to ra/dec falling back to provided ra/dec
15:02 WARNING : Cannot convert from zenith/azimuth to ra/dec falling back to provided ra/dec
15:02 WARNING : Cannot convert from zenith/azimuth to ra/dec falling back to provided ra/dec
15:02 WARNING : Cannot convert from zenith/azimuth to ra/dec falling back to provided ra/dec
15:02 WARNING : Cannot convert from zenith/azimuth to ra/dec falling back to provided ra/dec
15:02 WARNING : Cannot convert from zenith/azimuth to ra/dec falling back to provided ra/dec
15:02 WARNING : Cannot convert from zenith/azimuth to ra/dec falling back to provided ra/dec
15:02 WARNING : Cannot convert from zenith/azimuth to ra/dec falling back to provided ra/dec
15:02 WARNING : Cannot convert from zenith/azimuth to ra/dec falling back to provided ra/dec
15:02 WARNING : Cannot convert from zenith/azimuth to ra/dec falling back to provided ra/dec
15:02 WARNING : Cannot convert from zenith/azimuth to ra/dec falling back to provided ra/dec
15:02 WARNING : Cannot convert from zenith/azimuth to ra/dec falling back to provided ra/dec
15:02 WARNING : Cannot convert from zenith/azimuth to ra/dec falling back to provided ra/dec
15:02 WARNING : Cannot convert from zenith/azimuth to ra/dec falling back to provided ra/dec
15:02 WARNING : Cannot convert from zenith/azimuth to ra/dec falling back to provided ra/dec
15:02 WARNING : Cannot convert from zenith/azimuth to ra/dec falling back to provided ra/dec
15:02 WARNING : Cannot convert from zenith/azimuth to ra/dec falling back to provided ra/dec
15:02 WARNING : Cannot convert from zenith/azimuth to ra/dec falling back to provided ra/dec
15:02 WARNING : Cannot convert from zenith/azimuth to ra/dec falling back to provided ra/dec
15:02 WARNING : Cannot convert from zenith/azimuth to ra/dec falling back to provided ra/dec
15:02 WARNING : Cannot convert from zenith/azimuth to ra/dec falling back to provided ra/dec
15:02 WARNING : Cannot convert from zenith/azimuth to ra/dec falling back to provided ra/dec
15:02 WARNING : Cannot convert from zenith/azimuth to ra/dec falling back to provided ra/dec
15:02 WARNING : Cannot convert from zenith/azimuth to ra/dec falling back to provided ra/dec
15:02 WARNING : Cannot convert from zenith/azimuth to ra/dec falling back to provided ra/dec
15:02 WARNING : Cannot convert from zenith/azimuth to ra/dec falling back to provided ra/dec
15:02 WARNING : Cannot convert from zenith/azimuth to ra/dec falling back to provided ra/dec
15:02 WARNING : Cannot convert from zenith/azimuth to ra/dec falling back to provided ra/dec
15:02 WARNING : Cannot convert from zenith/azimuth to ra/dec falling back to provided ra/dec
15:02 WARNING : Cannot convert from zenith/azimuth to ra/dec falling back to provided ra/dec
15:02 WARNING : Cannot convert from zenith/azimuth to ra/dec falling back to provided ra/dec
15:02 WARNING : Cannot convert from zenith/azimuth to ra/dec falling back to provided ra/dec
15:02 WARNING : Cannot convert from zenith/azimuth to ra/dec falling back to provided ra/dec
15:02 WARNING : Cannot convert from zenith/azimuth to ra/dec falling back to provided ra/dec
15:02 WARNING : Cannot convert from zenith/azimuth to ra/dec falling back to provided ra/dec
15:02 WARNING : Cannot convert from zenith/azimuth to ra/dec falling back to provided ra/dec
15:02 WARNING : Cannot convert from zenith/azimuth to ra/dec falling back to provided ra/dec
15:02 WARNING : Cannot convert from zenith/azimuth to ra/dec falling back to provided ra/dec
15:02 WARNING : Cannot convert from zenith/azimuth to ra/dec falling back to provided ra/dec
15:02 WARNING : Cannot convert from zenith/azimuth to ra/dec falling back to provided ra/dec
15:02 WARNING : Cannot convert from zenith/azimuth to ra/dec falling back to provided ra/dec
15:02 WARNING : Cannot convert from zenith/azimuth to ra/dec falling back to provided ra/dec
15:02 WARNING : Cannot convert from zenith/azimuth to ra/dec falling back to provided ra/dec
15:02 WARNING : Cannot convert from zenith/azimuth to ra/dec falling back to provided ra/dec
15:02 WARNING : Cannot convert from zenith/azimuth to ra/dec falling back to provided ra/dec
15:02 WARNING : Cannot convert from zenith/azimuth to ra/dec falling back to provided ra/dec
15:02 WARNING : Cannot convert from zenith/azimuth to ra/dec falling back to provided ra/dec
15:02 WARNING : Cannot convert from zenith/azimuth to ra/dec falling back to provided ra/dec
15:02 WARNING : Cannot convert from zenith/azimuth to ra/dec falling back to provided ra/dec
15:02 WARNING : Cannot convert from zenith/azimuth to ra/dec falling back to provided ra/dec
15:02 WARNING : Cannot convert from zenith/azimuth to ra/dec falling back to provided ra/dec
15:02 WARNING : Cannot convert from zenith/azimuth to ra/dec falling back to provided ra/dec
15:02 WARNING : Cannot convert from zenith/azimuth to ra/dec falling back to provided ra/dec
15:02 WARNING : Cannot convert from zenith/azimuth to ra/dec falling back to provided ra/dec
15:02 WARNING : Cannot convert from zenith/azimuth to ra/dec falling back to provided ra/dec
15:02 WARNING : Cannot convert from zenith/azimuth to ra/dec falling back to provided ra/dec
15:02 WARNING : Cannot convert from zenith/azimuth to ra/dec falling back to provided ra/dec
15:02 WARNING : Cannot convert from zenith/azimuth to ra/dec falling back to provided ra/dec
15:02 WARNING : Cannot convert from zenith/azimuth to ra/dec falling back to provided ra/dec
15:02 WARNING : Cannot convert from zenith/azimuth to ra/dec falling back to provided ra/dec
15:02 WARNING : Cannot convert from zenith/azimuth to ra/dec falling back to provided ra/dec
15:02 WARNING : Cannot convert from zenith/azimuth to ra/dec falling back to provided ra/dec
15:02 WARNING : Cannot convert from zenith/azimuth to ra/dec falling back to provided ra/dec
15:02 WARNING : Cannot convert from zenith/azimuth to ra/dec falling back to provided ra/dec
15:02 WARNING : Cannot convert from zenith/azimuth to ra/dec falling back to provided ra/dec
15:02 WARNING : Cannot convert from zenith/azimuth to ra/dec falling back to provided ra/dec
15:02 WARNING : Cannot convert from zenith/azimuth to ra/dec falling back to provided ra/dec
15:02 WARNING : Cannot convert from zenith/azimuth to ra/dec falling back to provided ra/dec
15:02 WARNING : Cannot convert from zenith/azimuth to ra/dec falling back to provided ra/dec
15:02 WARNING : Cannot convert from zenith/azimuth to ra/dec falling back to provided ra/dec
15:02 WARNING : Cannot convert from zenith/azimuth to ra/dec falling back to provided ra/dec
15:02 WARNING : Cannot convert from zenith/azimuth to ra/dec falling back to provided ra/dec
15:02 WARNING : Cannot convert from zenith/azimuth to ra/dec falling back to provided ra/dec
15:02 WARNING : Cannot convert from zenith/azimuth to ra/dec falling back to provided ra/dec
15:02 WARNING : Cannot convert from zenith/azimuth to ra/dec falling back to provided ra/dec
15:02 WARNING : Cannot convert from zenith/azimuth to ra/dec falling back to provided ra/dec
15:02 WARNING : Cannot convert from zenith/azimuth to ra/dec falling back to provided ra/dec
15:02 WARNING : Cannot convert from zenith/azimuth to ra/dec falling back to provided ra/dec
15:02 WARNING : Cannot convert from zenith/azimuth to ra/dec falling back to provided ra/dec
15:02 WARNING : Cannot convert from zenith/azimuth to ra/dec falling back to provided ra/dec
15:02 WARNING : Cannot convert from zenith/azimuth to ra/dec falling back to provided ra/dec
15:02 WARNING : Cannot convert from zenith/azimuth to ra/dec falling back to provided ra/dec
15:02 WARNING : Cannot convert from zenith/azimuth to ra/dec falling back to provided ra/dec
15:02 WARNING : Cannot convert from zenith/azimuth to ra/dec falling back to provided ra/dec
15:02 WARNING : Cannot convert from zenith/azimuth to ra/dec falling back to provided ra/dec
15:02 WARNING : Cannot convert from zenith/azimuth to ra/dec falling back to provided ra/dec
15:02 WARNING : Cannot convert from zenith/azimuth to ra/dec falling back to provided ra/dec
15:02 WARNING : Cannot convert from zenith/azimuth to ra/dec falling back to provided ra/dec
15:02 WARNING : Cannot convert from zenith/azimuth to ra/dec falling back to provided ra/dec
15:02 WARNING : Cannot convert from zenith/azimuth to ra/dec falling back to provided ra/dec
15:02 WARNING : Cannot convert from zenith/azimuth to ra/dec falling back to provided ra/dec
15:02 WARNING : Cannot convert from zenith/azimuth to ra/dec falling back to provided ra/dec
15:02 WARNING : Cannot convert from zenith/azimuth to ra/dec falling back to provided ra/dec
15:02 WARNING : Cannot convert from zenith/azimuth to ra/dec falling back to provided ra/dec
15:02 WARNING : Cannot convert from zenith/azimuth to ra/dec falling back to provided ra/dec
15:02 WARNING : Cannot convert from zenith/azimuth to ra/dec falling back to provided ra/dec
15:02 WARNING : Cannot convert from zenith/azimuth to ra/dec falling back to provided ra/dec
15:02 WARNING : Cannot convert from zenith/azimuth to ra/dec falling back to provided ra/dec
15:02 WARNING : Cannot convert from zenith/azimuth to ra/dec falling back to provided ra/dec
15:02 WARNING : Cannot convert from zenith/azimuth to ra/dec falling back to provided ra/dec
15:02 WARNING : Cannot convert from zenith/azimuth to ra/dec falling back to provided ra/dec
15:02 WARNING : Cannot convert from zenith/azimuth to ra/dec falling back to provided ra/dec
15:02 WARNING : Cannot convert from zenith/azimuth to ra/dec falling back to provided ra/dec
15:02 WARNING : Cannot convert from zenith/azimuth to ra/dec falling back to provided ra/dec
15:02 WARNING : Cannot convert from zenith/azimuth to ra/dec falling back to provided ra/dec
15:02 WARNING : Cannot convert from zenith/azimuth to ra/dec falling back to provided ra/dec
15:02 WARNING : Cannot convert from zenith/azimuth to ra/dec falling back to provided ra/dec
15:02 WARNING : Cannot convert from zenith/azimuth to ra/dec falling back to provided ra/dec
15:02 WARNING : Cannot convert from zenith/azimuth to ra/dec falling back to provided ra/dec
15:02 WARNING : Cannot convert from zenith/azimuth to ra/dec falling back to provided ra/dec
15:02 WARNING : Cannot convert from zenith/azimuth to ra/dec falling back to provided ra/dec
15:02 WARNING : Cannot convert from zenith/azimuth to ra/dec falling back to provided ra/dec
15:02 WARNING : Cannot convert from zenith/azimuth to ra/dec falling back to provided ra/dec
15:02 WARNING : Cannot convert from zenith/azimuth to ra/dec falling back to provided ra/dec
15:02 WARNING : Cannot convert from zenith/azimuth to ra/dec falling back to provided ra/dec
15:02 WARNING : Cannot convert from zenith/azimuth to ra/dec falling back to provided ra/dec
15:02 WARNING : Cannot convert from zenith/azimuth to ra/dec falling back to provided ra/dec
15:02 WARNING : Cannot convert from zenith/azimuth to ra/dec falling back to provided ra/dec
15:02 WARNING : Cannot convert from zenith/azimuth to ra/dec falling back to provided ra/dec
15:02 WARNING : Cannot convert from zenith/azimuth to ra/dec falling back to provided ra/dec
15:02 WARNING : Cannot convert from zenith/azimuth to ra/dec falling back to provided ra/dec
15:02 WARNING : Cannot convert from zenith/azimuth to ra/dec falling back to provided ra/dec
15:02 WARNING : Cannot convert from zenith/azimuth to ra/dec falling back to provided ra/dec
15:02 WARNING : Cannot convert from zenith/azimuth to ra/dec falling back to provided ra/dec
15:02 WARNING : Cannot convert from zenith/azimuth to ra/dec falling back to provided ra/dec
15:02 WARNING : Cannot convert from zenith/azimuth to ra/dec falling back to provided ra/dec
15:02 WARNING : Cannot convert from zenith/azimuth to ra/dec falling back to provided ra/dec
15:02 WARNING : Cannot convert from zenith/azimuth to ra/dec falling back to provided ra/dec
15:02 WARNING : Cannot convert from zenith/azimuth to ra/dec falling back to provided ra/dec
15:02 WARNING : Cannot convert from zenith/azimuth to ra/dec falling back to provided ra/dec
15:02 WARNING : Cannot convert from zenith/azimuth to ra/dec falling back to provided ra/dec
15:02 WARNING : Cannot convert from zenith/azimuth to ra/dec falling back to provided ra/dec
15:02 WARNING : Cannot convert from zenith/azimuth to ra/dec falling back to provided ra/dec
15:02 WARNING : Cannot convert from zenith/azimuth to ra/dec falling back to provided ra/dec
15:02 WARNING : Cannot convert from zenith/azimuth to ra/dec falling back to provided ra/dec
15:02 WARNING : Cannot convert from zenith/azimuth to ra/dec falling back to provided ra/dec
15:02 WARNING : Cannot convert from zenith/azimuth to ra/dec falling back to provided ra/dec
15:02 WARNING : Cannot convert from zenith/azimuth to ra/dec falling back to provided ra/dec
15:02 WARNING : Cannot convert from zenith/azimuth to ra/dec falling back to provided ra/dec
15:02 WARNING : Cannot convert from zenith/azimuth to ra/dec falling back to provided ra/dec
15:02 WARNING : Cannot convert from zenith/azimuth to ra/dec falling back to provided ra/dec
15:02 WARNING : Cannot convert from zenith/azimuth to ra/dec falling back to provided ra/dec
15:02 WARNING : Cannot convert from zenith/azimuth to ra/dec falling back to provided ra/dec
15:02 WARNING : Cannot convert from zenith/azimuth to ra/dec falling back to provided ra/dec
15:02 WARNING : Cannot convert from zenith/azimuth to ra/dec falling back to provided ra/dec
15:02 WARNING : Cannot convert from zenith/azimuth to ra/dec falling back to provided ra/dec
15:02 WARNING : Cannot convert from zenith/azimuth to ra/dec falling back to provided ra/dec
15:02 WARNING : Cannot convert from zenith/azimuth to ra/dec falling back to provided ra/dec
15:02 WARNING : Cannot convert from zenith/azimuth to ra/dec falling back to provided ra/dec
15:02 WARNING : Cannot convert from zenith/azimuth to ra/dec falling back to provided ra/dec
15:02 WARNING : Cannot convert from zenith/azimuth to ra/dec falling back to provided ra/dec
15:02 WARNING : Cannot convert from zenith/azimuth to ra/dec falling back to provided ra/dec
15:02 WARNING : Cannot convert from zenith/azimuth to ra/dec falling back to provided ra/dec
15:02 WARNING : Cannot convert from zenith/azimuth to ra/dec falling back to provided ra/dec
15:02 WARNING : Cannot convert from zenith/azimuth to ra/dec falling back to provided ra/dec
15:02 WARNING : Cannot convert from zenith/azimuth to ra/dec falling back to provided ra/dec
15:02 WARNING : Cannot convert from zenith/azimuth to ra/dec falling back to provided ra/dec
15:02 WARNING : Cannot convert from zenith/azimuth to ra/dec falling back to provided ra/dec
15:02 WARNING : Cannot convert from zenith/azimuth to ra/dec falling back to provided ra/dec
15:02 WARNING : Cannot convert from zenith/azimuth to ra/dec falling back to provided ra/dec
15:02 WARNING : Cannot convert from zenith/azimuth to ra/dec falling back to provided ra/dec
15:02 WARNING : Cannot convert from zenith/azimuth to ra/dec falling back to provided ra/dec
15:02 WARNING : Cannot convert from zenith/azimuth to ra/dec falling back to provided ra/dec
15:02 WARNING : Cannot convert from zenith/azimuth to ra/dec falling back to provided ra/dec
15:02 WARNING : Cannot convert from zenith/azimuth to ra/dec falling back to provided ra/dec
15:02 WARNING : Cannot convert from zenith/azimuth to ra/dec falling back to provided ra/dec
15:02 WARNING : Cannot convert from zenith/azimuth to ra/dec falling back to provided ra/dec
15:02 WARNING : Cannot convert from zenith/azimuth to ra/dec falling back to provided ra/dec
15:02 WARNING : Cannot convert from zenith/azimuth to ra/dec falling back to provided ra/dec
15:02 WARNING : Cannot convert from zenith/azimuth to ra/dec falling back to provided ra/dec
15:02 WARNING : Cannot convert from zenith/azimuth to ra/dec falling back to provided ra/dec
15:02 WARNING : Cannot convert from zenith/azimuth to ra/dec falling back to provided ra/dec
15:02 WARNING : Cannot convert from zenith/azimuth to ra/dec falling back to provided ra/dec
15:02 WARNING : Cannot convert from zenith/azimuth to ra/dec falling back to provided ra/dec
15:02 WARNING : Cannot convert from zenith/azimuth to ra/dec falling back to provided ra/dec
15:02 WARNING : Cannot convert from zenith/azimuth to ra/dec falling back to provided ra/dec
15:02 WARNING : Cannot convert from zenith/azimuth to ra/dec falling back to provided ra/dec
15:02 WARNING : Cannot convert from zenith/azimuth to ra/dec falling back to provided ra/dec
15:02 WARNING : Cannot convert from zenith/azimuth to ra/dec falling back to provided ra/dec
15:02 WARNING : Cannot convert from zenith/azimuth to ra/dec falling back to provided ra/dec
15:02 WARNING : Cannot convert from zenith/azimuth to ra/dec falling back to provided ra/dec
15:02 WARNING : Cannot convert from zenith/azimuth to ra/dec falling back to provided ra/dec
15:02 WARNING : Cannot convert from zenith/azimuth to ra/dec falling back to provided ra/dec
15:02 WARNING : Cannot convert from zenith/azimuth to ra/dec falling back to provided ra/dec
15:02 WARNING : Cannot convert from zenith/azimuth to ra/dec falling back to provided ra/dec
15:02 WARNING : Cannot convert from zenith/azimuth to ra/dec falling back to provided ra/dec
15:02 WARNING : Cannot convert from zenith/azimuth to ra/dec falling back to provided ra/dec
15:02 WARNING : Cannot convert from zenith/azimuth to ra/dec falling back to provided ra/dec
15:02 WARNING : Cannot convert from zenith/azimuth to ra/dec falling back to provided ra/dec
15:02 WARNING : Cannot convert from zenith/azimuth to ra/dec falling back to provided ra/dec
15:02 WARNING : Cannot convert from zenith/azimuth to ra/dec falling back to provided ra/dec
15:02 WARNING : Cannot convert from zenith/azimuth to ra/dec falling back to provided ra/dec
15:02 WARNING : Cannot convert from zenith/azimuth to ra/dec falling back to provided ra/dec
15:02 WARNING : Cannot convert from zenith/azimuth to ra/dec falling back to provided ra/dec
15:02 WARNING : Cannot convert from zenith/azimuth to ra/dec falling back to provided ra/dec
15:02 WARNING : Cannot convert from zenith/azimuth to ra/dec falling back to provided ra/dec
15:02 WARNING : Cannot convert from zenith/azimuth to ra/dec falling back to provided ra/dec
15:02 WARNING : Cannot convert from zenith/azimuth to ra/dec falling back to provided ra/dec
15:02 WARNING : Cannot convert from zenith/azimuth to ra/dec falling back to provided ra/dec
15:02 WARNING : Cannot convert from zenith/azimuth to ra/dec falling back to provided ra/dec
15:02 WARNING : Cannot convert from zenith/azimuth to ra/dec falling back to provided ra/dec
15:02 WARNING : Cannot convert from zenith/azimuth to ra/dec falling back to provided ra/dec
15:02 WARNING : Cannot convert from zenith/azimuth to ra/dec falling back to provided ra/dec
15:02 WARNING : Cannot convert from zenith/azimuth to ra/dec falling back to provided ra/dec
15:02 WARNING : Cannot convert from zenith/azimuth to ra/dec falling back to provided ra/dec
15:02 WARNING : Cannot convert from zenith/azimuth to ra/dec falling back to provided ra/dec
15:02 WARNING : Cannot convert from zenith/azimuth to ra/dec falling back to provided ra/dec
15:02 WARNING : Cannot convert from zenith/azimuth to ra/dec falling back to provided ra/dec
15:02 WARNING : Cannot convert from zenith/azimuth to ra/dec falling back to provided ra/dec
15:02 WARNING : Cannot convert from zenith/azimuth to ra/dec falling back to provided ra/dec
15:02 WARNING : Cannot convert from zenith/azimuth to ra/dec falling back to provided ra/dec
15:02 WARNING : Cannot convert from zenith/azimuth to ra/dec falling back to provided ra/dec
15:02 WARNING : Cannot convert from zenith/azimuth to ra/dec falling back to provided ra/dec
15:02 WARNING : Cannot convert from zenith/azimuth to ra/dec falling back to provided ra/dec
15:02 WARNING : Cannot convert from zenith/azimuth to ra/dec falling back to provided ra/dec
15:02 WARNING : Cannot convert from zenith/azimuth to ra/dec falling back to provided ra/dec
15:02 WARNING : Cannot convert from zenith/azimuth to ra/dec falling back to provided ra/dec
15:02 WARNING : Cannot convert from zenith/azimuth to ra/dec falling back to provided ra/dec
15:02 WARNING : Cannot convert from zenith/azimuth to ra/dec falling back to provided ra/dec
15:02 WARNING : Cannot convert from zenith/azimuth to ra/dec falling back to provided ra/dec
15:02 WARNING : Cannot convert from zenith/azimuth to ra/dec falling back to provided ra/dec
15:02 WARNING : Cannot convert from zenith/azimuth to ra/dec falling back to provided ra/dec
15:02 WARNING : Cannot convert from zenith/azimuth to ra/dec falling back to provided ra/dec
15:02 WARNING : Cannot convert from zenith/azimuth to ra/dec falling back to provided ra/dec
15:02 WARNING : Cannot convert from zenith/azimuth to ra/dec falling back to provided ra/dec
15:02 WARNING : Cannot convert from zenith/azimuth to ra/dec falling back to provided ra/dec
15:02 WARNING : Cannot convert from zenith/azimuth to ra/dec falling back to provided ra/dec
15:02 WARNING : Cannot convert from zenith/azimuth to ra/dec falling back to provided ra/dec
15:02 WARNING : Cannot convert from zenith/azimuth to ra/dec falling back to provided ra/dec
15:02 WARNING : Cannot convert from zenith/azimuth to ra/dec falling back to provided ra/dec
15:02 WARNING : Cannot convert from zenith/azimuth to ra/dec falling back to provided ra/dec
15:02 WARNING : Cannot convert from zenith/azimuth to ra/dec falling back to provided ra/dec
15:02 WARNING : Cannot convert from zenith/azimuth to ra/dec falling back to provided ra/dec
15:02 WARNING : Cannot convert from zenith/azimuth to ra/dec falling back to provided ra/dec
15:02 WARNING : Cannot convert from zenith/azimuth to ra/dec falling back to provided ra/dec
15:02 WARNING : Cannot convert from zenith/azimuth to ra/dec falling back to provided ra/dec
15:02 WARNING : Cannot convert from zenith/azimuth to ra/dec falling back to provided ra/dec
15:02 WARNING : Cannot convert from zenith/azimuth to ra/dec falling back to provided ra/dec
15:02 WARNING : Cannot convert from zenith/azimuth to ra/dec falling back to provided ra/dec
15:02 WARNING : Cannot convert from zenith/azimuth to ra/dec falling back to provided ra/dec
15:02 WARNING : Cannot convert from zenith/azimuth to ra/dec falling back to provided ra/dec
15:02 WARNING : Cannot convert from zenith/azimuth to ra/dec falling back to provided ra/dec
15:02 WARNING : Cannot convert from zenith/azimuth to ra/dec falling back to provided ra/dec
15:02 WARNING : Cannot convert from zenith/azimuth to ra/dec falling back to provided ra/dec
15:02 WARNING : Cannot convert from zenith/azimuth to ra/dec falling back to provided ra/dec
15:02 WARNING : Cannot convert from zenith/azimuth to ra/dec falling back to provided ra/dec
15:02 WARNING : Cannot convert from zenith/azimuth to ra/dec falling back to provided ra/dec
15:02 WARNING : Cannot convert from zenith/azimuth to ra/dec falling back to provided ra/dec
15:02 WARNING : Cannot convert from zenith/azimuth to ra/dec falling back to provided ra/dec
15:02 WARNING : Cannot convert from zenith/azimuth to ra/dec falling back to provided ra/dec
15:02 WARNING : Cannot convert from zenith/azimuth to ra/dec falling back to provided ra/dec
15:02 WARNING : Cannot convert from zenith/azimuth to ra/dec falling back to provided ra/dec
15:02 WARNING : Cannot convert from zenith/azimuth to ra/dec falling back to provided ra/dec
15:02 WARNING : Cannot convert from zenith/azimuth to ra/dec falling back to provided ra/dec
15:02 WARNING : Cannot convert from zenith/azimuth to ra/dec falling back to provided ra/dec
15:02 WARNING : Cannot convert from zenith/azimuth to ra/dec falling back to provided ra/dec
15:02 WARNING : Cannot convert from zenith/azimuth to ra/dec falling back to provided ra/dec
15:02 WARNING : Cannot convert from zenith/azimuth to ra/dec falling back to provided ra/dec
15:02 WARNING : Cannot convert from zenith/azimuth to ra/dec falling back to provided ra/dec
15:02 WARNING : Cannot convert from zenith/azimuth to ra/dec falling back to provided ra/dec
15:02 WARNING : Cannot convert from zenith/azimuth to ra/dec falling back to provided ra/dec
15:02 WARNING : Cannot convert from zenith/azimuth to ra/dec falling back to provided ra/dec
15:02 WARNING : Cannot convert from zenith/azimuth to ra/dec falling back to provided ra/dec
15:02 WARNING : Cannot convert from zenith/azimuth to ra/dec falling back to provided ra/dec
15:02 WARNING : Cannot convert from zenith/azimuth to ra/dec falling back to provided ra/dec
15:02 WARNING : Cannot convert from zenith/azimuth to ra/dec falling back to provided ra/dec
15:02 WARNING : Cannot convert from zenith/azimuth to ra/dec falling back to provided ra/dec
15:02 WARNING : Cannot convert from zenith/azimuth to ra/dec falling back to provided ra/dec
15:02 WARNING : Cannot convert from zenith/azimuth to ra/dec falling back to provided ra/dec
15:02 WARNING : Cannot convert from zenith/azimuth to ra/dec falling back to provided ra/dec
15:02 WARNING : Cannot convert from zenith/azimuth to ra/dec falling back to provided ra/dec
15:02 WARNING : Cannot convert from zenith/azimuth to ra/dec falling back to provided ra/dec
15:02 WARNING : Cannot convert from zenith/azimuth to ra/dec falling back to provided ra/dec
15:02 WARNING : Cannot convert from zenith/azimuth to ra/dec falling back to provided ra/dec
15:02 WARNING : Cannot convert from zenith/azimuth to ra/dec falling back to provided ra/dec
15:02 WARNING : Cannot convert from zenith/azimuth to ra/dec falling back to provided ra/dec
15:02 WARNING : Cannot convert from zenith/azimuth to ra/dec falling back to provided ra/dec
15:02 WARNING : Cannot convert from zenith/azimuth to ra/dec falling back to provided ra/dec
15:02 WARNING : Cannot convert from zenith/azimuth to ra/dec falling back to provided ra/dec
15:02 WARNING : Cannot convert from zenith/azimuth to ra/dec falling back to provided ra/dec
15:02 WARNING : Cannot convert from zenith/azimuth to ra/dec falling back to provided ra/dec
15:02 WARNING : Cannot convert from zenith/azimuth to ra/dec falling back to provided ra/dec
15:02 WARNING : Cannot convert from zenith/azimuth to ra/dec falling back to provided ra/dec
15:02 WARNING : Cannot convert from zenith/azimuth to ra/dec falling back to provided ra/dec
15:02 WARNING : Cannot convert from zenith/azimuth to ra/dec falling back to provided ra/dec
15:02 WARNING : Cannot convert from zenith/azimuth to ra/dec falling back to provided ra/dec
15:02 WARNING : Cannot convert from zenith/azimuth to ra/dec falling back to provided ra/dec
15:02 WARNING : Cannot convert from zenith/azimuth to ra/dec falling back to provided ra/dec
15:02 WARNING : Cannot convert from zenith/azimuth to ra/dec falling back to provided ra/dec
15:02 WARNING : Cannot convert from zenith/azimuth to ra/dec falling back to provided ra/dec
15:02 WARNING : Cannot convert from zenith/azimuth to ra/dec falling back to provided ra/dec
15:02 WARNING : Cannot convert from zenith/azimuth to ra/dec falling back to provided ra/dec
15:02 WARNING : Cannot convert from zenith/azimuth to ra/dec falling back to provided ra/dec
15:02 WARNING : Cannot convert from zenith/azimuth to ra/dec falling back to provided ra/dec
15:02 WARNING : Cannot convert from zenith/azimuth to ra/dec falling back to provided ra/dec
15:02 WARNING : Cannot convert from zenith/azimuth to ra/dec falling back to provided ra/dec
15:02 WARNING : Cannot convert from zenith/azimuth to ra/dec falling back to provided ra/dec
15:02 WARNING : Cannot convert from zenith/azimuth to ra/dec falling back to provided ra/dec
15:02 WARNING : Cannot convert from zenith/azimuth to ra/dec falling back to provided ra/dec
15:02 WARNING : Cannot convert from zenith/azimuth to ra/dec falling back to provided ra/dec
15:02 WARNING : Cannot convert from zenith/azimuth to ra/dec falling back to provided ra/dec
15:02 WARNING : Cannot convert from zenith/azimuth to ra/dec falling back to provided ra/dec
15:02 WARNING : Cannot convert from zenith/azimuth to ra/dec falling back to provided ra/dec
15:02 WARNING : Cannot convert from zenith/azimuth to ra/dec falling back to provided ra/dec
15:02 WARNING : Cannot convert from zenith/azimuth to ra/dec falling back to provided ra/dec
15:02 WARNING : Cannot convert from zenith/azimuth to ra/dec falling back to provided ra/dec
15:02 WARNING : Cannot convert from zenith/azimuth to ra/dec falling back to provided ra/dec
15:02 WARNING : Cannot convert from zenith/azimuth to ra/dec falling back to provided ra/dec
15:02 WARNING : Cannot convert from zenith/azimuth to ra/dec falling back to provided ra/dec
15:02 WARNING : Cannot convert from zenith/azimuth to ra/dec falling back to provided ra/dec
15:02 WARNING : Cannot convert from zenith/azimuth to ra/dec falling back to provided ra/dec
15:02 WARNING : Cannot convert from zenith/azimuth to ra/dec falling back to provided ra/dec
15:02 WARNING : Cannot convert from zenith/azimuth to ra/dec falling back to provided ra/dec
15:02 WARNING : Cannot convert from zenith/azimuth to ra/dec falling back to provided ra/dec
15:02 WARNING : Cannot convert from zenith/azimuth to ra/dec falling back to provided ra/dec
15:02 WARNING : Cannot convert from zenith/azimuth to ra/dec falling back to provided ra/dec
15:02 WARNING : Cannot convert from zenith/azimuth to ra/dec falling back to provided ra/dec
15:02 WARNING : Cannot convert from zenith/azimuth to ra/dec falling back to provided ra/dec
15:02 WARNING : Cannot convert from zenith/azimuth to ra/dec falling back to provided ra/dec
15:02 WARNING : Cannot convert from zenith/azimuth to ra/dec falling back to provided ra/dec
15:02 WARNING : Cannot convert from zenith/azimuth to ra/dec falling back to provided ra/dec
15:02 WARNING : Cannot convert from zenith/azimuth to ra/dec falling back to provided ra/dec
15:02 WARNING : Cannot convert from zenith/azimuth to ra/dec falling back to provided ra/dec
15:02 WARNING : Cannot convert from zenith/azimuth to ra/dec falling back to provided ra/dec
15:02 WARNING : Cannot convert from zenith/azimuth to ra/dec falling back to provided ra/dec
15:02 WARNING : Cannot convert from zenith/azimuth to ra/dec falling back to provided ra/dec
15:02 WARNING : Cannot convert from zenith/azimuth to ra/dec falling back to provided ra/dec
15:02 WARNING : Cannot convert from zenith/azimuth to ra/dec falling back to provided ra/dec
15:02 WARNING : Cannot convert from zenith/azimuth to ra/dec falling back to provided ra/dec
15:02 WARNING : Cannot convert from zenith/azimuth to ra/dec falling back to provided ra/dec
15:02 WARNING : Cannot convert from zenith/azimuth to ra/dec falling back to provided ra/dec
15:02 WARNING : Cannot convert from zenith/azimuth to ra/dec falling back to provided ra/dec
15:02 WARNING : Cannot convert from zenith/azimuth to ra/dec falling back to provided ra/dec
15:02 WARNING : Cannot convert from zenith/azimuth to ra/dec falling back to provided ra/dec
15:02 WARNING : Cannot convert from zenith/azimuth to ra/dec falling back to provided ra/dec
15:02 WARNING : Cannot convert from zenith/azimuth to ra/dec falling back to provided ra/dec
15:02 WARNING : Cannot convert from zenith/azimuth to ra/dec falling back to provided ra/dec
15:02 WARNING : Cannot convert from zenith/azimuth to ra/dec falling back to provided ra/dec
15:02 WARNING : Cannot convert from zenith/azimuth to ra/dec falling back to provided ra/dec
15:02 WARNING : Cannot convert from zenith/azimuth to ra/dec falling back to provided ra/dec
15:02 WARNING : Cannot convert from zenith/azimuth to ra/dec falling back to provided ra/dec
15:02 WARNING : Cannot convert from zenith/azimuth to ra/dec falling back to provided ra/dec
15:02 WARNING : Cannot convert from zenith/azimuth to ra/dec falling back to provided ra/dec
15:02 WARNING : Cannot convert from zenith/azimuth to ra/dec falling back to provided ra/dec
15:02 WARNING : Cannot convert from zenith/azimuth to ra/dec falling back to provided ra/dec
15:02 WARNING : Cannot convert from zenith/azimuth to ra/dec falling back to provided ra/dec
15:02 WARNING : Cannot convert from zenith/azimuth to ra/dec falling back to provided ra/dec
15:02 WARNING : Cannot convert from zenith/azimuth to ra/dec falling back to provided ra/dec
15:02 WARNING : Cannot convert from zenith/azimuth to ra/dec falling back to provided ra/dec
15:02 WARNING : Cannot convert from zenith/azimuth to ra/dec falling back to provided ra/dec
15:02 WARNING : Cannot convert from zenith/azimuth to ra/dec falling back to provided ra/dec
15:02 WARNING : Cannot convert from zenith/azimuth to ra/dec falling back to provided ra/dec
15:02 WARNING : Cannot convert from zenith/azimuth to ra/dec falling back to provided ra/dec
15:02 WARNING : Cannot convert from zenith/azimuth to ra/dec falling back to provided ra/dec
15:02 WARNING : Cannot convert from zenith/azimuth to ra/dec falling back to provided ra/dec
15:02 WARNING : Cannot convert from zenith/azimuth to ra/dec falling back to provided ra/dec
15:02 WARNING : Cannot convert from zenith/azimuth to ra/dec falling back to provided ra/dec
15:02 WARNING : Cannot convert from zenith/azimuth to ra/dec falling back to provided ra/dec
15:02 WARNING : Cannot convert from zenith/azimuth to ra/dec falling back to provided ra/dec
15:02 WARNING : Cannot convert from zenith/azimuth to ra/dec falling back to provided ra/dec
15:02 WARNING : Cannot convert from zenith/azimuth to ra/dec falling back to provided ra/dec
15:02 WARNING : Cannot convert from zenith/azimuth to ra/dec falling back to provided ra/dec
15:02 WARNING : Cannot convert from zenith/azimuth to ra/dec falling back to provided ra/dec
15:02 WARNING : Cannot convert from zenith/azimuth to ra/dec falling back to provided ra/dec
15:02 WARNING : Cannot convert from zenith/azimuth to ra/dec falling back to provided ra/dec
15:02 WARNING : Cannot convert from zenith/azimuth to ra/dec falling back to provided ra/dec
15:02 WARNING : Cannot convert from zenith/azimuth to ra/dec falling back to provided ra/dec
15:02 WARNING : Cannot convert from zenith/azimuth to ra/dec falling back to provided ra/dec
15:02 WARNING : Cannot convert from zenith/azimuth to ra/dec falling back to provided ra/dec
15:02 WARNING : Cannot convert from zenith/azimuth to ra/dec falling back to provided ra/dec
15:02 WARNING : Cannot convert from zenith/azimuth to ra/dec falling back to provided ra/dec
15:02 WARNING : Cannot convert from zenith/azimuth to ra/dec falling back to provided ra/dec
15:02 WARNING : Cannot convert from zenith/azimuth to ra/dec falling back to provided ra/dec
15:02 WARNING : Cannot convert from zenith/azimuth to ra/dec falling back to provided ra/dec
15:02 WARNING : Cannot convert from zenith/azimuth to ra/dec falling back to provided ra/dec
15:02 WARNING : Cannot convert from zenith/azimuth to ra/dec falling back to provided ra/dec
15:02 WARNING : Cannot convert from zenith/azimuth to ra/dec falling back to provided ra/dec
15:02 WARNING : Cannot convert from zenith/azimuth to ra/dec falling back to provided ra/dec
15:02 WARNING : Cannot convert from zenith/azimuth to ra/dec falling back to provided ra/dec
15:02 WARNING : Cannot convert from zenith/azimuth to ra/dec falling back to provided ra/dec
15:02 WARNING : Cannot convert from zenith/azimuth to ra/dec falling back to provided ra/dec
15:02 WARNING : Cannot convert from zenith/azimuth to ra/dec falling back to provided ra/dec
15:02 WARNING : Cannot convert from zenith/azimuth to ra/dec falling back to provided ra/dec
15:02 WARNING : Cannot convert from zenith/azimuth to ra/dec falling back to provided ra/dec
15:02 WARNING : Cannot convert from zenith/azimuth to ra/dec falling back to provided ra/dec
15:02 WARNING : Cannot convert from zenith/azimuth to ra/dec falling back to provided ra/dec
15:02 WARNING : Cannot convert from zenith/azimuth to ra/dec falling back to provided ra/dec
15:02 WARNING : Cannot convert from zenith/azimuth to ra/dec falling back to provided ra/dec
15:02 WARNING : Cannot convert from zenith/azimuth to ra/dec falling back to provided ra/dec
15:02 WARNING : Cannot convert from zenith/azimuth to ra/dec falling back to provided ra/dec
15:02 WARNING : Cannot convert from zenith/azimuth to ra/dec falling back to provided ra/dec
15:02 WARNING : Cannot convert from zenith/azimuth to ra/dec falling back to provided ra/dec
15:02 WARNING : Cannot convert from zenith/azimuth to ra/dec falling back to provided ra/dec
15:02 WARNING : Cannot convert from zenith/azimuth to ra/dec falling back to provided ra/dec
15:02 WARNING : Cannot convert from zenith/azimuth to ra/dec falling back to provided ra/dec
15:02 WARNING : Cannot convert from zenith/azimuth to ra/dec falling back to provided ra/dec
15:02 WARNING : Cannot convert from zenith/azimuth to ra/dec falling back to provided ra/dec
15:02 WARNING : Cannot convert from zenith/azimuth to ra/dec falling back to provided ra/dec
15:02 WARNING : Cannot convert from zenith/azimuth to ra/dec falling back to provided ra/dec
15:02 WARNING : Cannot convert from zenith/azimuth to ra/dec falling back to provided ra/dec
15:02 WARNING : Cannot convert from zenith/azimuth to ra/dec falling back to provided ra/dec
15:02 WARNING : Cannot convert from zenith/azimuth to ra/dec falling back to provided ra/dec
15:02 WARNING : Cannot convert from zenith/azimuth to ra/dec falling back to provided ra/dec
15:02 WARNING : Cannot convert from zenith/azimuth to ra/dec falling back to provided ra/dec
15:02 WARNING : Cannot convert from zenith/azimuth to ra/dec falling back to provided ra/dec
15:02 WARNING : Cannot convert from zenith/azimuth to ra/dec falling back to provided ra/dec
15:02 WARNING : Cannot convert from zenith/azimuth to ra/dec falling back to provided ra/dec
15:02 WARNING : Cannot convert from zenith/azimuth to ra/dec falling back to provided ra/dec
15:02 WARNING : Cannot convert from zenith/azimuth to ra/dec falling back to provided ra/dec
15:02 WARNING : Cannot convert from zenith/azimuth to ra/dec falling back to provided ra/dec
15:02 WARNING : Cannot convert from zenith/azimuth to ra/dec falling back to provided ra/dec
15:02 WARNING : Cannot convert from zenith/azimuth to ra/dec falling back to provided ra/dec
15:02 WARNING : Cannot convert from zenith/azimuth to ra/dec falling back to provided ra/dec
15:02 WARNING : Cannot convert from zenith/azimuth to ra/dec falling back to provided ra/dec
15:02 WARNING : Cannot convert from zenith/azimuth to ra/dec falling back to provided ra/dec
15:02 WARNING : Cannot convert from zenith/azimuth to ra/dec falling back to provided ra/dec
15:02 WARNING : Cannot convert from zenith/azimuth to ra/dec falling back to provided ra/dec
15:02 WARNING : Cannot convert from zenith/azimuth to ra/dec falling back to provided ra/dec
15:02 WARNING : Cannot convert from zenith/azimuth to ra/dec falling back to provided ra/dec
15:02 WARNING : Cannot convert from zenith/azimuth to ra/dec falling back to provided ra/dec
15:02 WARNING : Cannot convert from zenith/azimuth to ra/dec falling back to provided ra/dec
15:02 WARNING : Cannot convert from zenith/azimuth to ra/dec falling back to provided ra/dec
15:02 WARNING : Cannot convert from zenith/azimuth to ra/dec falling back to provided ra/dec
15:02 WARNING : Cannot convert from zenith/azimuth to ra/dec falling back to provided ra/dec
15:02 WARNING : Cannot convert from zenith/azimuth to ra/dec falling back to provided ra/dec
15:02 WARNING : Cannot convert from zenith/azimuth to ra/dec falling back to provided ra/dec
15:02 WARNING : Cannot convert from zenith/azimuth to ra/dec falling back to provided ra/dec
15:02 WARNING : Cannot convert from zenith/azimuth to ra/dec falling back to provided ra/dec
15:02 WARNING : Cannot convert from zenith/azimuth to ra/dec falling back to provided ra/dec
15:02 WARNING : Cannot convert from zenith/azimuth to ra/dec falling back to provided ra/dec
15:02 WARNING : Cannot convert from zenith/azimuth to ra/dec falling back to provided ra/dec
15:02 WARNING : Cannot convert from zenith/azimuth to ra/dec falling back to provided ra/dec
15:02 WARNING : Cannot convert from zenith/azimuth to ra/dec falling back to provided ra/dec
15:02 WARNING : Cannot convert from zenith/azimuth to ra/dec falling back to provided ra/dec
15:02 WARNING : Cannot convert from zenith/azimuth to ra/dec falling back to provided ra/dec
15:02 WARNING : Cannot convert from zenith/azimuth to ra/dec falling back to provided ra/dec
15:02 WARNING : Cannot convert from zenith/azimuth to ra/dec falling back to provided ra/dec
15:02 WARNING : Cannot convert from zenith/azimuth to ra/dec falling back to provided ra/dec
15:02 WARNING : Cannot convert from zenith/azimuth to ra/dec falling back to provided ra/dec
15:02 WARNING : Cannot convert from zenith/azimuth to ra/dec falling back to provided ra/dec
15:02 WARNING : Cannot convert from zenith/azimuth to ra/dec falling back to provided ra/dec
15:02 WARNING : Cannot convert from zenith/azimuth to ra/dec falling back to provided ra/dec
15:02 WARNING : Cannot convert from zenith/azimuth to ra/dec falling back to provided ra/dec
15:02 WARNING : Cannot convert from zenith/azimuth to ra/dec falling back to provided ra/dec
15:02 WARNING : Cannot convert from zenith/azimuth to ra/dec falling back to provided ra/dec
15:02 WARNING : Cannot convert from zenith/azimuth to ra/dec falling back to provided ra/dec
15:02 WARNING : Cannot convert from zenith/azimuth to ra/dec falling back to provided ra/dec
15:02 WARNING : Cannot convert from zenith/azimuth to ra/dec falling back to provided ra/dec
15:02 WARNING : Cannot convert from zenith/azimuth to ra/dec falling back to provided ra/dec
15:02 WARNING : Cannot convert from zenith/azimuth to ra/dec falling back to provided ra/dec
15:02 WARNING : Cannot convert from zenith/azimuth to ra/dec falling back to provided ra/dec
15:02 WARNING : Cannot convert from zenith/azimuth to ra/dec falling back to provided ra/dec
15:02 WARNING : Cannot convert from zenith/azimuth to ra/dec falling back to provided ra/dec
15:02 WARNING : Cannot convert from zenith/azimuth to ra/dec falling back to provided ra/dec
15:02 WARNING : Cannot convert from zenith/azimuth to ra/dec falling back to provided ra/dec
15:02 WARNING : Cannot convert from zenith/azimuth to ra/dec falling back to provided ra/dec
15:02 WARNING : Cannot convert from zenith/azimuth to ra/dec falling back to provided ra/dec
15:02 WARNING : Cannot convert from zenith/azimuth to ra/dec falling back to provided ra/dec
15:02 WARNING : Cannot convert from zenith/azimuth to ra/dec falling back to provided ra/dec
15:02 WARNING : Cannot convert from zenith/azimuth to ra/dec falling back to provided ra/dec
15:02 WARNING : Cannot convert from zenith/azimuth to ra/dec falling back to provided ra/dec
15:02 WARNING : Cannot convert from zenith/azimuth to ra/dec falling back to provided ra/dec
15:02 WARNING : Cannot convert from zenith/azimuth to ra/dec falling back to provided ra/dec
15:02 WARNING : Cannot convert from zenith/azimuth to ra/dec falling back to provided ra/dec
15:02 WARNING : Cannot convert from zenith/azimuth to ra/dec falling back to provided ra/dec
15:02 WARNING : Cannot convert from zenith/azimuth to ra/dec falling back to provided ra/dec
15:02 WARNING : Cannot convert from zenith/azimuth to ra/dec falling back to provided ra/dec
15:02 WARNING : Cannot convert from zenith/azimuth to ra/dec falling back to provided ra/dec
15:02 WARNING : Cannot convert from zenith/azimuth to ra/dec falling back to provided ra/dec
15:02 WARNING : Cannot convert from zenith/azimuth to ra/dec falling back to provided ra/dec
15:02 WARNING : Cannot convert from zenith/azimuth to ra/dec falling back to provided ra/dec
15:02 WARNING : Cannot convert from zenith/azimuth to ra/dec falling back to provided ra/dec
15:02 WARNING : Cannot convert from zenith/azimuth to ra/dec falling back to provided ra/dec
15:02 WARNING : Cannot convert from zenith/azimuth to ra/dec falling back to provided ra/dec
15:02 WARNING : Cannot convert from zenith/azimuth to ra/dec falling back to provided ra/dec
15:02 WARNING : Cannot convert from zenith/azimuth to ra/dec falling back to provided ra/dec
15:02 WARNING : Cannot convert from zenith/azimuth to ra/dec falling back to provided ra/dec
15:02 WARNING : Cannot convert from zenith/azimuth to ra/dec falling back to provided ra/dec
15:02 WARNING : Cannot convert from zenith/azimuth to ra/dec falling back to provided ra/dec
15:02 WARNING : Cannot convert from zenith/azimuth to ra/dec falling back to provided ra/dec
15:02 WARNING : Cannot convert from zenith/azimuth to ra/dec falling back to provided ra/dec
15:02 WARNING : Cannot convert from zenith/azimuth to ra/dec falling back to provided ra/dec
15:02 WARNING : Cannot convert from zenith/azimuth to ra/dec falling back to provided ra/dec
15:02 WARNING : Cannot convert from zenith/azimuth to ra/dec falling back to provided ra/dec
15:02 WARNING : Cannot convert from zenith/azimuth to ra/dec falling back to provided ra/dec
15:02 WARNING : Cannot convert from zenith/azimuth to ra/dec falling back to provided ra/dec
15:02 WARNING : Cannot convert from zenith/azimuth to ra/dec falling back to provided ra/dec
15:02 WARNING : Cannot convert from zenith/azimuth to ra/dec falling back to provided ra/dec
15:02 WARNING : Cannot convert from zenith/azimuth to ra/dec falling back to provided ra/dec
15:02 WARNING : Cannot convert from zenith/azimuth to ra/dec falling back to provided ra/dec
15:02 WARNING : Cannot convert from zenith/azimuth to ra/dec falling back to provided ra/dec
15:02 WARNING : Cannot convert from zenith/azimuth to ra/dec falling back to provided ra/dec
15:02 WARNING : Cannot convert from zenith/azimuth to ra/dec falling back to provided ra/dec
15:02 WARNING : Cannot convert from zenith/azimuth to ra/dec falling back to provided ra/dec
15:02 WARNING : Cannot convert from zenith/azimuth to ra/dec falling back to provided ra/dec
15:02 WARNING : Cannot convert from zenith/azimuth to ra/dec falling back to provided ra/dec
15:02 WARNING : Cannot convert from zenith/azimuth to ra/dec falling back to provided ra/dec
15:02 WARNING : Cannot convert from zenith/azimuth to ra/dec falling back to provided ra/dec
15:02 WARNING : Cannot convert from zenith/azimuth to ra/dec falling back to provided ra/dec
15:02 WARNING : Cannot convert from zenith/azimuth to ra/dec falling back to provided ra/dec
15:02 WARNING : Cannot convert from zenith/azimuth to ra/dec falling back to provided ra/dec
15:02 WARNING : Cannot convert from zenith/azimuth to ra/dec falling back to provided ra/dec
15:02 WARNING : Cannot convert from zenith/azimuth to ra/dec falling back to provided ra/dec
15:02 WARNING : Cannot convert from zenith/azimuth to ra/dec falling back to provided ra/dec
15:02 WARNING : Cannot convert from zenith/azimuth to ra/dec falling back to provided ra/dec
15:02 WARNING : Cannot convert from zenith/azimuth to ra/dec falling back to provided ra/dec
15:02 WARNING : Cannot convert from zenith/azimuth to ra/dec falling back to provided ra/dec
15:02 WARNING : Cannot convert from zenith/azimuth to ra/dec falling back to provided ra/dec
15:02 WARNING : Cannot convert from zenith/azimuth to ra/dec falling back to provided ra/dec
15:02 WARNING : Cannot convert from zenith/azimuth to ra/dec falling back to provided ra/dec
15:02 WARNING : Cannot convert from zenith/azimuth to ra/dec falling back to provided ra/dec
15:02 WARNING : Cannot convert from zenith/azimuth to ra/dec falling back to provided ra/dec
15:02 WARNING : Cannot convert from zenith/azimuth to ra/dec falling back to provided ra/dec
15:02 WARNING : Cannot convert from zenith/azimuth to ra/dec falling back to provided ra/dec
15:02 WARNING : Cannot convert from zenith/azimuth to ra/dec falling back to provided ra/dec
15:02 WARNING : Cannot convert from zenith/azimuth to ra/dec falling back to provided ra/dec
15:02 WARNING : Cannot convert from zenith/azimuth to ra/dec falling back to provided ra/dec
15:02 WARNING : Cannot convert from zenith/azimuth to ra/dec falling back to provided ra/dec
15:02 WARNING : Cannot convert from zenith/azimuth to ra/dec falling back to provided ra/dec
15:02 WARNING : Cannot convert from zenith/azimuth to ra/dec falling back to provided ra/dec
15:02 WARNING : Cannot convert from zenith/azimuth to ra/dec falling back to provided ra/dec
15:02 WARNING : Cannot convert from zenith/azimuth to ra/dec falling back to provided ra/dec
15:02 WARNING : Cannot convert from zenith/azimuth to ra/dec falling back to provided ra/dec
15:02 WARNING : Cannot convert from zenith/azimuth to ra/dec falling back to provided ra/dec
15:02 WARNING : Cannot convert from zenith/azimuth to ra/dec falling back to provided ra/dec
15:02 WARNING : Cannot convert from zenith/azimuth to ra/dec falling back to provided ra/dec
15:02 WARNING : Cannot convert from zenith/azimuth to ra/dec falling back to provided ra/dec
15:02 WARNING : Cannot convert from zenith/azimuth to ra/dec falling back to provided ra/dec
15:02 WARNING : Cannot convert from zenith/azimuth to ra/dec falling back to provided ra/dec
15:02 WARNING : Cannot convert from zenith/azimuth to ra/dec falling back to provided ra/dec
15:02 WARNING : Cannot convert from zenith/azimuth to ra/dec falling back to provided ra/dec
15:02 WARNING : Cannot convert from zenith/azimuth to ra/dec falling back to provided ra/dec
15:02 WARNING : Cannot convert from zenith/azimuth to ra/dec falling back to provided ra/dec
15:02 WARNING : Cannot convert from zenith/azimuth to ra/dec falling back to provided ra/dec
15:02 WARNING : Cannot convert from zenith/azimuth to ra/dec falling back to provided ra/dec
15:02 WARNING : Cannot convert from zenith/azimuth to ra/dec falling back to provided ra/dec
15:02 WARNING : Cannot convert from zenith/azimuth to ra/dec falling back to provided ra/dec
15:02 WARNING : Cannot convert from zenith/azimuth to ra/dec falling back to provided ra/dec
15:02 WARNING : Cannot convert from zenith/azimuth to ra/dec falling back to provided ra/dec
15:02 WARNING : Cannot convert from zenith/azimuth to ra/dec falling back to provided ra/dec
15:02 WARNING : Cannot convert from zenith/azimuth to ra/dec falling back to provided ra/dec
15:02 WARNING : Cannot convert from zenith/azimuth to ra/dec falling back to provided ra/dec
15:02 WARNING : Cannot convert from zenith/azimuth to ra/dec falling back to provided ra/dec
15:02 WARNING : Cannot convert from zenith/azimuth to ra/dec falling back to provided ra/dec
15:02 WARNING : Cannot convert from zenith/azimuth to ra/dec falling back to provided ra/dec
15:02 WARNING : Cannot convert from zenith/azimuth to ra/dec falling back to provided ra/dec
15:02 WARNING : Cannot convert from zenith/azimuth to ra/dec falling back to provided ra/dec
15:02 WARNING : Cannot convert from zenith/azimuth to ra/dec falling back to provided ra/dec
15:02 WARNING : Cannot convert from zenith/azimuth to ra/dec falling back to provided ra/dec
15:02 WARNING : Cannot convert from zenith/azimuth to ra/dec falling back to provided ra/dec
15:02 WARNING : Cannot convert from zenith/azimuth to ra/dec falling back to provided ra/dec
15:02 WARNING : Cannot convert from zenith/azimuth to ra/dec falling back to provided ra/dec
15:02 WARNING : Cannot convert from zenith/azimuth to ra/dec falling back to provided ra/dec
15:02 WARNING : Cannot convert from zenith/azimuth to ra/dec falling back to provided ra/dec
15:02 WARNING : Cannot convert from zenith/azimuth to ra/dec falling back to provided ra/dec
15:02 WARNING : Cannot convert from zenith/azimuth to ra/dec falling back to provided ra/dec
15:02 WARNING : Cannot convert from zenith/azimuth to ra/dec falling back to provided ra/dec
15:02 WARNING : Cannot convert from zenith/azimuth to ra/dec falling back to provided ra/dec
15:02 WARNING : Cannot convert from zenith/azimuth to ra/dec falling back to provided ra/dec
15:02 WARNING : Cannot convert from zenith/azimuth to ra/dec falling back to provided ra/dec
15:02 WARNING : Cannot convert from zenith/azimuth to ra/dec falling back to provided ra/dec
15:02 WARNING : Cannot convert from zenith/azimuth to ra/dec falling back to provided ra/dec
15:02 WARNING : Cannot convert from zenith/azimuth to ra/dec falling back to provided ra/dec
15:02 WARNING : Cannot convert from zenith/azimuth to ra/dec falling back to provided ra/dec
15:02 WARNING : Cannot convert from zenith/azimuth to ra/dec falling back to provided ra/dec
15:02 WARNING : Cannot convert from zenith/azimuth to ra/dec falling back to provided ra/dec
15:02 WARNING : Cannot convert from zenith/azimuth to ra/dec falling back to provided ra/dec
15:02 WARNING : Cannot convert from zenith/azimuth to ra/dec falling back to provided ra/dec
15:02 WARNING : Cannot convert from zenith/azimuth to ra/dec falling back to provided ra/dec
15:02 WARNING : Cannot convert from zenith/azimuth to ra/dec falling back to provided ra/dec
15:02 WARNING : Cannot convert from zenith/azimuth to ra/dec falling back to provided ra/dec
15:02 WARNING : Cannot convert from zenith/azimuth to ra/dec falling back to provided ra/dec
15:02 WARNING : Cannot convert from zenith/azimuth to ra/dec falling back to provided ra/dec
15:02 WARNING : Cannot convert from zenith/azimuth to ra/dec falling back to provided ra/dec
15:02 WARNING : Cannot convert from zenith/azimuth to ra/dec falling back to provided ra/dec
15:02 WARNING : Cannot convert from zenith/azimuth to ra/dec falling back to provided ra/dec
15:02 WARNING : Cannot convert from zenith/azimuth to ra/dec falling back to provided ra/dec
15:02 WARNING : Cannot convert from zenith/azimuth to ra/dec falling back to provided ra/dec
15:02 WARNING : Cannot convert from zenith/azimuth to ra/dec falling back to provided ra/dec
15:02 WARNING : Cannot convert from zenith/azimuth to ra/dec falling back to provided ra/dec
15:02 WARNING : Cannot convert from zenith/azimuth to ra/dec falling back to provided ra/dec
15:02 WARNING : Cannot convert from zenith/azimuth to ra/dec falling back to provided ra/dec
15:02 WARNING : Cannot convert from zenith/azimuth to ra/dec falling back to provided ra/dec
15:02 WARNING : Cannot convert from zenith/azimuth to ra/dec falling back to provided ra/dec
15:02 WARNING : Cannot convert from zenith/azimuth to ra/dec falling back to provided ra/dec
15:02 WARNING : Cannot convert from zenith/azimuth to ra/dec falling back to provided ra/dec
15:02 WARNING : Cannot convert from zenith/azimuth to ra/dec falling back to provided ra/dec
15:02 WARNING : Cannot convert from zenith/azimuth to ra/dec falling back to provided ra/dec
15:02 WARNING : Cannot convert from zenith/azimuth to ra/dec falling back to provided ra/dec
15:02 WARNING : Cannot convert from zenith/azimuth to ra/dec falling back to provided ra/dec
15:02 WARNING : Cannot convert from zenith/azimuth to ra/dec falling back to provided ra/dec
15:02 WARNING : Cannot convert from zenith/azimuth to ra/dec falling back to provided ra/dec
15:02 WARNING : Cannot convert from zenith/azimuth to ra/dec falling back to provided ra/dec
15:02 WARNING : Cannot convert from zenith/azimuth to ra/dec falling back to provided ra/dec
15:02 WARNING : Cannot convert from zenith/azimuth to ra/dec falling back to provided ra/dec
15:02 WARNING : Cannot convert from zenith/azimuth to ra/dec falling back to provided ra/dec
15:02 WARNING : Cannot convert from zenith/azimuth to ra/dec falling back to provided ra/dec
15:02 WARNING : Cannot convert from zenith/azimuth to ra/dec falling back to provided ra/dec
15:02 WARNING : Cannot convert from zenith/azimuth to ra/dec falling back to provided ra/dec
15:02 WARNING : Cannot convert from zenith/azimuth to ra/dec falling back to provided ra/dec
15:02 WARNING : Cannot convert from zenith/azimuth to ra/dec falling back to provided ra/dec
15:02 WARNING : Cannot convert from zenith/azimuth to ra/dec falling back to provided ra/dec
15:02 WARNING : Cannot convert from zenith/azimuth to ra/dec falling back to provided ra/dec
15:02 WARNING : Cannot convert from zenith/azimuth to ra/dec falling back to provided ra/dec
15:02 WARNING : Cannot convert from zenith/azimuth to ra/dec falling back to provided ra/dec
15:02 WARNING : Cannot convert from zenith/azimuth to ra/dec falling back to provided ra/dec
15:02 WARNING : Cannot convert from zenith/azimuth to ra/dec falling back to provided ra/dec
15:02 WARNING : Cannot convert from zenith/azimuth to ra/dec falling back to provided ra/dec
15:02 WARNING : Cannot convert from zenith/azimuth to ra/dec falling back to provided ra/dec
15:02 WARNING : Cannot convert from zenith/azimuth to ra/dec falling back to provided ra/dec
15:02 WARNING : Cannot convert from zenith/azimuth to ra/dec falling back to provided ra/dec
15:02 WARNING : Cannot convert from zenith/azimuth to ra/dec falling back to provided ra/dec
15:02 WARNING : Cannot convert from zenith/azimuth to ra/dec falling back to provided ra/dec
15:02 WARNING : Cannot convert from zenith/azimuth to ra/dec falling back to provided ra/dec
15:02 WARNING : Cannot convert from zenith/azimuth to ra/dec falling back to provided ra/dec
15:02 WARNING : Cannot convert from zenith/azimuth to ra/dec falling back to provided ra/dec
15:02 WARNING : Cannot convert from zenith/azimuth to ra/dec falling back to provided ra/dec
15:02 WARNING : Cannot convert from zenith/azimuth to ra/dec falling back to provided ra/dec
15:02 WARNING : Cannot convert from zenith/azimuth to ra/dec falling back to provided ra/dec
15:02 WARNING : Cannot convert from zenith/azimuth to ra/dec falling back to provided ra/dec
15:02 WARNING : Cannot convert from zenith/azimuth to ra/dec falling back to provided ra/dec
15:02 WARNING : Cannot convert from zenith/azimuth to ra/dec falling back to provided ra/dec
15:02 WARNING : Cannot convert from zenith/azimuth to ra/dec falling back to provided ra/dec
15:02 WARNING : Cannot convert from zenith/azimuth to ra/dec falling back to provided ra/dec
15:02 WARNING : Cannot convert from zenith/azimuth to ra/dec falling back to provided ra/dec
15:02 WARNING : Cannot convert from zenith/azimuth to ra/dec falling back to provided ra/dec
15:02 WARNING : Cannot convert from zenith/azimuth to ra/dec falling back to provided ra/dec
15:02 WARNING : Cannot convert from zenith/azimuth to ra/dec falling back to provided ra/dec
15:02 WARNING : Cannot convert from zenith/azimuth to ra/dec falling back to provided ra/dec
15:02 WARNING : Cannot convert from zenith/azimuth to ra/dec falling back to provided ra/dec
15:02 WARNING : Cannot convert from zenith/azimuth to ra/dec falling back to provided ra/dec
15:02 WARNING : Cannot convert from zenith/azimuth to ra/dec falling back to provided ra/dec
15:02 WARNING : Cannot convert from zenith/azimuth to ra/dec falling back to provided ra/dec
15:02 WARNING : Cannot convert from zenith/azimuth to ra/dec falling back to provided ra/dec
15:02 WARNING : Cannot convert from zenith/azimuth to ra/dec falling back to provided ra/dec
15:02 WARNING : Cannot convert from zenith/azimuth to ra/dec falling back to provided ra/dec
15:02 WARNING : Cannot convert from zenith/azimuth to ra/dec falling back to provided ra/dec
15:02 WARNING : Cannot convert from zenith/azimuth to ra/dec falling back to provided ra/dec
15:02 WARNING : Cannot convert from zenith/azimuth to ra/dec falling back to provided ra/dec
15:02 WARNING : Cannot convert from zenith/azimuth to ra/dec falling back to provided ra/dec
15:02 WARNING : Cannot convert from zenith/azimuth to ra/dec falling back to provided ra/dec
15:02 WARNING : Cannot convert from zenith/azimuth to ra/dec falling back to provided ra/dec
15:02 WARNING : Cannot convert from zenith/azimuth to ra/dec falling back to provided ra/dec
15:02 WARNING : Cannot convert from zenith/azimuth to ra/dec falling back to provided ra/dec
15:02 WARNING : Cannot convert from zenith/azimuth to ra/dec falling back to provided ra/dec
15:02 WARNING : Cannot convert from zenith/azimuth to ra/dec falling back to provided ra/dec
15:02 WARNING : Cannot convert from zenith/azimuth to ra/dec falling back to provided ra/dec
15:02 WARNING : Cannot convert from zenith/azimuth to ra/dec falling back to provided ra/dec
15:02 WARNING : Cannot convert from zenith/azimuth to ra/dec falling back to provided ra/dec
15:02 WARNING : Cannot convert from zenith/azimuth to ra/dec falling back to provided ra/dec
15:02 WARNING : Cannot convert from zenith/azimuth to ra/dec falling back to provided ra/dec
15:02 WARNING : Cannot convert from zenith/azimuth to ra/dec falling back to provided ra/dec
15:02 WARNING : Cannot convert from zenith/azimuth to ra/dec falling back to provided ra/dec
15:02 WARNING : Cannot convert from zenith/azimuth to ra/dec falling back to provided ra/dec
15:02 WARNING : Cannot convert from zenith/azimuth to ra/dec falling back to provided ra/dec
15:02 WARNING : Cannot convert from zenith/azimuth to ra/dec falling back to provided ra/dec
15:02 WARNING : Cannot convert from zenith/azimuth to ra/dec falling back to provided ra/dec
15:02 WARNING : Cannot convert from zenith/azimuth to ra/dec falling back to provided ra/dec
15:02 WARNING : Cannot convert from zenith/azimuth to ra/dec falling back to provided ra/dec
15:02 WARNING : Cannot convert from zenith/azimuth to ra/dec falling back to provided ra/dec
15:02 WARNING : Cannot convert from zenith/azimuth to ra/dec falling back to provided ra/dec
15:02 WARNING : Cannot convert from zenith/azimuth to ra/dec falling back to provided ra/dec
15:02 WARNING : Cannot convert from zenith/azimuth to ra/dec falling back to provided ra/dec
15:02 WARNING : Cannot convert from zenith/azimuth to ra/dec falling back to provided ra/dec
15:02 WARNING : Cannot convert from zenith/azimuth to ra/dec falling back to provided ra/dec
15:02 WARNING : Cannot convert from zenith/azimuth to ra/dec falling back to provided ra/dec
15:02 WARNING : Cannot convert from zenith/azimuth to ra/dec falling back to provided ra/dec
15:02 WARNING : Cannot convert from zenith/azimuth to ra/dec falling back to provided ra/dec
15:02 WARNING : Cannot convert from zenith/azimuth to ra/dec falling back to provided ra/dec
15:02 WARNING : Cannot convert from zenith/azimuth to ra/dec falling back to provided ra/dec
15:02 WARNING : Cannot convert from zenith/azimuth to ra/dec falling back to provided ra/dec
15:02 WARNING : Cannot convert from zenith/azimuth to ra/dec falling back to provided ra/dec
15:02 WARNING : Cannot convert from zenith/azimuth to ra/dec falling back to provided ra/dec
15:02 WARNING : Cannot convert from zenith/azimuth to ra/dec falling back to provided ra/dec
15:02 WARNING : Cannot convert from zenith/azimuth to ra/dec falling back to provided ra/dec
15:02 WARNING : Cannot convert from zenith/azimuth to ra/dec falling back to provided ra/dec
15:02 WARNING : Cannot convert from zenith/azimuth to ra/dec falling back to provided ra/dec
15:02 WARNING : Cannot convert from zenith/azimuth to ra/dec falling back to provided ra/dec
15:02 WARNING : Cannot convert from zenith/azimuth to ra/dec falling back to provided ra/dec
15:02 WARNING : Cannot convert from zenith/azimuth to ra/dec falling back to provided ra/dec
15:02 WARNING : Cannot convert from zenith/azimuth to ra/dec falling back to provided ra/dec
15:02 WARNING : Cannot convert from zenith/azimuth to ra/dec falling back to provided ra/dec
15:02 WARNING : Cannot convert from zenith/azimuth to ra/dec falling back to provided ra/dec
15:02 WARNING : Cannot convert from zenith/azimuth to ra/dec falling back to provided ra/dec
15:02 WARNING : Cannot convert from zenith/azimuth to ra/dec falling back to provided ra/dec
15:02 WARNING : Cannot convert from zenith/azimuth to ra/dec falling back to provided ra/dec
15:02 WARNING : Cannot convert from zenith/azimuth to ra/dec falling back to provided ra/dec
15:02 WARNING : Cannot convert from zenith/azimuth to ra/dec falling back to provided ra/dec
15:02 WARNING : Cannot convert from zenith/azimuth to ra/dec falling back to provided ra/dec
15:02 WARNING : Cannot convert from zenith/azimuth to ra/dec falling back to provided ra/dec
15:02 WARNING : Cannot convert from zenith/azimuth to ra/dec falling back to provided ra/dec
15:02 WARNING : Cannot convert from zenith/azimuth to ra/dec falling back to provided ra/dec
15:02 WARNING : Cannot convert from zenith/azimuth to ra/dec falling back to provided ra/dec
15:02 WARNING : Cannot convert from zenith/azimuth to ra/dec falling back to provided ra/dec
15:02 WARNING : Cannot convert from zenith/azimuth to ra/dec falling back to provided ra/dec
15:02 WARNING : Cannot convert from zenith/azimuth to ra/dec falling back to provided ra/dec
15:02 WARNING : Cannot convert from zenith/azimuth to ra/dec falling back to provided ra/dec
15:02 WARNING : Cannot convert from zenith/azimuth to ra/dec falling back to provided ra/dec
15:02 WARNING : Cannot convert from zenith/azimuth to ra/dec falling back to provided ra/dec
15:02 WARNING : Cannot convert from zenith/azimuth to ra/dec falling back to provided ra/dec
15:02 WARNING : Cannot convert from zenith/azimuth to ra/dec falling back to provided ra/dec
15:02 WARNING : Cannot convert from zenith/azimuth to ra/dec falling back to provided ra/dec
15:02 WARNING : Cannot convert from zenith/azimuth to ra/dec falling back to provided ra/dec
15:02 WARNING : Cannot convert from zenith/azimuth to ra/dec falling back to provided ra/dec
15:02 WARNING : Cannot convert from zenith/azimuth to ra/dec falling back to provided ra/dec
15:02 WARNING : Cannot convert from zenith/azimuth to ra/dec falling back to provided ra/dec
15:02 WARNING : Cannot convert from zenith/azimuth to ra/dec falling back to provided ra/dec
15:02 WARNING : Cannot convert from zenith/azimuth to ra/dec falling back to provided ra/dec
15:02 WARNING : Cannot convert from zenith/azimuth to ra/dec falling back to provided ra/dec
15:02 WARNING : Cannot convert from zenith/azimuth to ra/dec falling back to provided ra/dec
15:02 WARNING : Cannot convert from zenith/azimuth to ra/dec falling back to provided ra/dec
15:02 WARNING : Cannot convert from zenith/azimuth to ra/dec falling back to provided ra/dec
15:02 WARNING : Cannot convert from zenith/azimuth to ra/dec falling back to provided ra/dec
15:02 WARNING : Cannot convert from zenith/azimuth to ra/dec falling back to provided ra/dec
15:02 WARNING : Cannot convert from zenith/azimuth to ra/dec falling back to provided ra/dec
15:02 WARNING : Cannot convert from zenith/azimuth to ra/dec falling back to provided ra/dec
15:02 WARNING : Cannot convert from zenith/azimuth to ra/dec falling back to provided ra/dec
15:02 WARNING : Cannot convert from zenith/azimuth to ra/dec falling back to provided ra/dec
15:02 WARNING : Cannot convert from zenith/azimuth to ra/dec falling back to provided ra/dec
15:02 WARNING : Cannot convert from zenith/azimuth to ra/dec falling back to provided ra/dec
15:02 WARNING : Cannot convert from zenith/azimuth to ra/dec falling back to provided ra/dec
15:02 WARNING : Cannot convert from zenith/azimuth to ra/dec falling back to provided ra/dec
15:02 WARNING : Cannot convert from zenith/azimuth to ra/dec falling back to provided ra/dec
15:02 WARNING : Cannot convert from zenith/azimuth to ra/dec falling back to provided ra/dec
15:02 WARNING : Cannot convert from zenith/azimuth to ra/dec falling back to provided ra/dec
15:02 WARNING : Cannot convert from zenith/azimuth to ra/dec falling back to provided ra/dec
15:02 WARNING : Cannot convert from zenith/azimuth to ra/dec falling back to provided ra/dec
15:02 WARNING : Cannot convert from zenith/azimuth to ra/dec falling back to provided ra/dec
15:02 WARNING : Cannot convert from zenith/azimuth to ra/dec falling back to provided ra/dec
15:02 WARNING : Cannot convert from zenith/azimuth to ra/dec falling back to provided ra/dec
15:02 WARNING : Cannot convert from zenith/azimuth to ra/dec falling back to provided ra/dec
15:02 WARNING : Cannot convert from zenith/azimuth to ra/dec falling back to provided ra/dec
15:02 WARNING : Cannot convert from zenith/azimuth to ra/dec falling back to provided ra/dec
15:02 WARNING : Cannot convert from zenith/azimuth to ra/dec falling back to provided ra/dec
15:02 WARNING : Cannot convert from zenith/azimuth to ra/dec falling back to provided ra/dec
15:02 WARNING : Cannot convert from zenith/azimuth to ra/dec falling back to provided ra/dec
15:02 WARNING : Cannot convert from zenith/azimuth to ra/dec falling back to provided ra/dec
15:02 WARNING : Cannot convert from zenith/azimuth to ra/dec falling back to provided ra/dec
15:02 WARNING : Cannot convert from zenith/azimuth to ra/dec falling back to provided ra/dec
15:02 WARNING : Cannot convert from zenith/azimuth to ra/dec falling back to provided ra/dec
15:02 WARNING : Cannot convert from zenith/azimuth to ra/dec falling back to provided ra/dec
15:02 WARNING : Cannot convert from zenith/azimuth to ra/dec falling back to provided ra/dec
15:02 WARNING : Cannot convert from zenith/azimuth to ra/dec falling back to provided ra/dec
15:02 WARNING : Cannot convert from zenith/azimuth to ra/dec falling back to provided ra/dec
15:02 WARNING : Cannot convert from zenith/azimuth to ra/dec falling back to provided ra/dec
15:02 WARNING : Cannot convert from zenith/azimuth to ra/dec falling back to provided ra/dec
15:02 WARNING : Cannot convert from zenith/azimuth to ra/dec falling back to provided ra/dec
15:02 WARNING : Cannot convert from zenith/azimuth to ra/dec falling back to provided ra/dec
15:02 WARNING : Cannot convert from zenith/azimuth to ra/dec falling back to provided ra/dec
15:02 WARNING : Cannot convert from zenith/azimuth to ra/dec falling back to provided ra/dec
15:02 WARNING : Cannot convert from zenith/azimuth to ra/dec falling back to provided ra/dec
15:02 WARNING : Cannot convert from zenith/azimuth to ra/dec falling back to provided ra/dec
15:02 WARNING : Cannot convert from zenith/azimuth to ra/dec falling back to provided ra/dec
15:02 WARNING : Cannot convert from zenith/azimuth to ra/dec falling back to provided ra/dec
15:02 WARNING : Cannot convert from zenith/azimuth to ra/dec falling back to provided ra/dec
15:02 WARNING : Cannot convert from zenith/azimuth to ra/dec falling back to provided ra/dec
15:02 WARNING : Cannot convert from zenith/azimuth to ra/dec falling back to provided ra/dec
15:02 WARNING : Cannot convert from zenith/azimuth to ra/dec falling back to provided ra/dec
15:02 WARNING : Cannot convert from zenith/azimuth to ra/dec falling back to provided ra/dec
15:02 WARNING : Cannot convert from zenith/azimuth to ra/dec falling back to provided ra/dec
15:02 WARNING : Cannot convert from zenith/azimuth to ra/dec falling back to provided ra/dec
15:02 WARNING : Cannot convert from zenith/azimuth to ra/dec falling back to provided ra/dec
15:02 WARNING : Cannot convert from zenith/azimuth to ra/dec falling back to provided ra/dec
15:02 WARNING : Cannot convert from zenith/azimuth to ra/dec falling back to provided ra/dec
15:02 WARNING : Cannot convert from zenith/azimuth to ra/dec falling back to provided ra/dec
15:02 WARNING : Cannot convert from zenith/azimuth to ra/dec falling back to provided ra/dec
15:02 WARNING : Cannot convert from zenith/azimuth to ra/dec falling back to provided ra/dec
15:02 WARNING : Cannot convert from zenith/azimuth to ra/dec falling back to provided ra/dec
15:02 WARNING : Cannot convert from zenith/azimuth to ra/dec falling back to provided ra/dec
15:02 WARNING : Cannot convert from zenith/azimuth to ra/dec falling back to provided ra/dec
15:02 WARNING : Cannot convert from zenith/azimuth to ra/dec falling back to provided ra/dec
15:02 WARNING : Cannot convert from zenith/azimuth to ra/dec falling back to provided ra/dec
15:02 WARNING : Cannot convert from zenith/azimuth to ra/dec falling back to provided ra/dec
15:02 WARNING : Cannot convert from zenith/azimuth to ra/dec falling back to provided ra/dec
15:02 WARNING : Cannot convert from zenith/azimuth to ra/dec falling back to provided ra/dec
15:02 WARNING : Cannot convert from zenith/azimuth to ra/dec falling back to provided ra/dec
15:02 WARNING : Cannot convert from zenith/azimuth to ra/dec falling back to provided ra/dec
15:02 WARNING : Cannot convert from zenith/azimuth to ra/dec falling back to provided ra/dec
15:02 WARNING : Cannot convert from zenith/azimuth to ra/dec falling back to provided ra/dec
15:02 WARNING : Cannot convert from zenith/azimuth to ra/dec falling back to provided ra/dec
15:02 WARNING : Cannot convert from zenith/azimuth to ra/dec falling back to provided ra/dec
15:02 WARNING : Cannot convert from zenith/azimuth to ra/dec falling back to provided ra/dec
15:02 WARNING : Cannot convert from zenith/azimuth to ra/dec falling back to provided ra/dec
15:02 WARNING : Cannot convert from zenith/azimuth to ra/dec falling back to provided ra/dec
15:02 WARNING : Cannot convert from zenith/azimuth to ra/dec falling back to provided ra/dec
15:02 WARNING : Cannot convert from zenith/azimuth to ra/dec falling back to provided ra/dec
15:02 WARNING : Cannot convert from zenith/azimuth to ra/dec falling back to provided ra/dec
15:02 WARNING : Cannot convert from zenith/azimuth to ra/dec falling back to provided ra/dec
15:02 WARNING : Cannot convert from zenith/azimuth to ra/dec falling back to provided ra/dec
15:02 WARNING : Cannot convert from zenith/azimuth to ra/dec falling back to provided ra/dec
15:02 WARNING : Cannot convert from zenith/azimuth to ra/dec falling back to provided ra/dec
15:02 WARNING : Cannot convert from zenith/azimuth to ra/dec falling back to provided ra/dec
15:02 WARNING : Cannot convert from zenith/azimuth to ra/dec falling back to provided ra/dec
15:02 WARNING : Cannot convert from zenith/azimuth to ra/dec falling back to provided ra/dec
15:02 WARNING : Cannot convert from zenith/azimuth to ra/dec falling back to provided ra/dec
15:02 WARNING : Cannot convert from zenith/azimuth to ra/dec falling back to provided ra/dec
15:02 WARNING : Cannot convert from zenith/azimuth to ra/dec falling back to provided ra/dec
15:02 WARNING : Cannot convert from zenith/azimuth to ra/dec falling back to provided ra/dec
15:02 WARNING : Cannot convert from zenith/azimuth to ra/dec falling back to provided ra/dec
15:02 WARNING : Cannot convert from zenith/azimuth to ra/dec falling back to provided ra/dec
15:02 WARNING : Cannot convert from zenith/azimuth to ra/dec falling back to provided ra/dec
15:02 WARNING : Cannot convert from zenith/azimuth to ra/dec falling back to provided ra/dec
15:02 WARNING : Cannot convert from zenith/azimuth to ra/dec falling back to provided ra/dec
15:02 WARNING : Cannot convert from zenith/azimuth to ra/dec falling back to provided ra/dec
15:02 WARNING : Cannot convert from zenith/azimuth to ra/dec falling back to provided ra/dec
15:02 WARNING : Cannot convert from zenith/azimuth to ra/dec falling back to provided ra/dec
15:02 WARNING : Cannot convert from zenith/azimuth to ra/dec falling back to provided ra/dec
15:02 WARNING : Cannot convert from zenith/azimuth to ra/dec falling back to provided ra/dec
15:02 WARNING : Cannot convert from zenith/azimuth to ra/dec falling back to provided ra/dec
15:02 WARNING : Cannot convert from zenith/azimuth to ra/dec falling back to provided ra/dec
15:02 WARNING : Cannot convert from zenith/azimuth to ra/dec falling back to provided ra/dec
15:02 WARNING : Cannot convert from zenith/azimuth to ra/dec falling back to provided ra/dec
15:02 WARNING : Cannot convert from zenith/azimuth to ra/dec falling back to provided ra/dec
15:02 WARNING : Cannot convert from zenith/azimuth to ra/dec falling back to provided ra/dec
15:02 WARNING : Cannot convert from zenith/azimuth to ra/dec falling back to provided ra/dec
15:02 WARNING : Cannot convert from zenith/azimuth to ra/dec falling back to provided ra/dec
15:02 WARNING : Cannot convert from zenith/azimuth to ra/dec falling back to provided ra/dec
15:02 WARNING : Cannot convert from zenith/azimuth to ra/dec falling back to provided ra/dec
15:02 WARNING : Cannot convert from zenith/azimuth to ra/dec falling back to provided ra/dec
15:02 WARNING : Cannot convert from zenith/azimuth to ra/dec falling back to provided ra/dec
15:02 WARNING : Cannot convert from zenith/azimuth to ra/dec falling back to provided ra/dec
15:02 WARNING : Cannot convert from zenith/azimuth to ra/dec falling back to provided ra/dec
15:02 WARNING : Cannot convert from zenith/azimuth to ra/dec falling back to provided ra/dec
15:02 WARNING : Cannot convert from zenith/azimuth to ra/dec falling back to provided ra/dec
15:02 WARNING : Cannot convert from zenith/azimuth to ra/dec falling back to provided ra/dec
15:02 WARNING : Cannot convert from zenith/azimuth to ra/dec falling back to provided ra/dec
15:02 WARNING : Cannot convert from zenith/azimuth to ra/dec falling back to provided ra/dec
15:02 WARNING : Cannot convert from zenith/azimuth to ra/dec falling back to provided ra/dec
15:02 WARNING : Cannot convert from zenith/azimuth to ra/dec falling back to provided ra/dec
15:02 WARNING : Cannot convert from zenith/azimuth to ra/dec falling back to provided ra/dec
15:02 WARNING : Cannot convert from zenith/azimuth to ra/dec falling back to provided ra/dec
15:02 WARNING : Cannot convert from zenith/azimuth to ra/dec falling back to provided ra/dec
15:02 WARNING : Cannot convert from zenith/azimuth to ra/dec falling back to provided ra/dec
15:02 WARNING : Cannot convert from zenith/azimuth to ra/dec falling back to provided ra/dec
15:02 WARNING : Cannot convert from zenith/azimuth to ra/dec falling back to provided ra/dec
15:02 WARNING : Cannot convert from zenith/azimuth to ra/dec falling back to provided ra/dec
15:02 WARNING : Cannot convert from zenith/azimuth to ra/dec falling back to provided ra/dec
15:02 WARNING : Cannot convert from zenith/azimuth to ra/dec falling back to provided ra/dec
15:02 WARNING : Cannot convert from zenith/azimuth to ra/dec falling back to provided ra/dec
15:02 WARNING : Cannot convert from zenith/azimuth to ra/dec falling back to provided ra/dec
15:02 WARNING : Cannot convert from zenith/azimuth to ra/dec falling back to provided ra/dec
15:02 WARNING : Cannot convert from zenith/azimuth to ra/dec falling back to provided ra/dec
15:02 WARNING : Cannot convert from zenith/azimuth to ra/dec falling back to provided ra/dec
15:02 WARNING : Cannot convert from zenith/azimuth to ra/dec falling back to provided ra/dec
15:02 WARNING : Cannot convert from zenith/azimuth to ra/dec falling back to provided ra/dec
15:02 WARNING : Cannot convert from zenith/azimuth to ra/dec falling back to provided ra/dec
15:02 WARNING : Cannot convert from zenith/azimuth to ra/dec falling back to provided ra/dec
15:02 WARNING : Cannot convert from zenith/azimuth to ra/dec falling back to provided ra/dec
15:02 WARNING : Cannot convert from zenith/azimuth to ra/dec falling back to provided ra/dec
15:02 WARNING : Cannot convert from zenith/azimuth to ra/dec falling back to provided ra/dec
15:02 WARNING : Cannot convert from zenith/azimuth to ra/dec falling back to provided ra/dec
15:02 WARNING : Cannot convert from zenith/azimuth to ra/dec falling back to provided ra/dec
15:02 WARNING : Cannot convert from zenith/azimuth to ra/dec falling back to provided ra/dec
15:02 WARNING : Cannot convert from zenith/azimuth to ra/dec falling back to provided ra/dec
15:02 WARNING : Cannot convert from zenith/azimuth to ra/dec falling back to provided ra/dec
15:02 WARNING : Cannot convert from zenith/azimuth to ra/dec falling back to provided ra/dec
15:02 WARNING : Cannot convert from zenith/azimuth to ra/dec falling back to provided ra/dec
15:02 WARNING : Cannot convert from zenith/azimuth to ra/dec falling back to provided ra/dec
15:02 WARNING : Cannot convert from zenith/azimuth to ra/dec falling back to provided ra/dec
15:02 WARNING : Cannot convert from zenith/azimuth to ra/dec falling back to provided ra/dec
15:02 WARNING : Cannot convert from zenith/azimuth to ra/dec falling back to provided ra/dec
15:02 WARNING : Cannot convert from zenith/azimuth to ra/dec falling back to provided ra/dec
15:02 WARNING : Cannot convert from zenith/azimuth to ra/dec falling back to provided ra/dec
15:02 WARNING : Cannot convert from zenith/azimuth to ra/dec falling back to provided ra/dec
15:02 WARNING : Cannot convert from zenith/azimuth to ra/dec falling back to provided ra/dec
15:02 WARNING : Cannot convert from zenith/azimuth to ra/dec falling back to provided ra/dec
15:02 WARNING : Cannot convert from zenith/azimuth to ra/dec falling back to provided ra/dec
15:02 WARNING : Cannot convert from zenith/azimuth to ra/dec falling back to provided ra/dec
15:02 WARNING : Cannot convert from zenith/azimuth to ra/dec falling back to provided ra/dec
15:02 WARNING : Cannot convert from zenith/azimuth to ra/dec falling back to provided ra/dec
15:02 WARNING : Cannot convert from zenith/azimuth to ra/dec falling back to provided ra/dec
15:02 WARNING : Cannot convert from zenith/azimuth to ra/dec falling back to provided ra/dec
15:02 WARNING : Cannot convert from zenith/azimuth to ra/dec falling back to provided ra/dec
15:02 WARNING : Cannot convert from zenith/azimuth to ra/dec falling back to provided ra/dec
15:02 WARNING : Cannot convert from zenith/azimuth to ra/dec falling back to provided ra/dec
15:02 WARNING : Cannot convert from zenith/azimuth to ra/dec falling back to provided ra/dec
15:02 WARNING : Cannot convert from zenith/azimuth to ra/dec falling back to provided ra/dec
15:02 WARNING : Cannot convert from zenith/azimuth to ra/dec falling back to provided ra/dec
15:02 WARNING : Cannot convert from zenith/azimuth to ra/dec falling back to provided ra/dec
15:02 WARNING : Cannot convert from zenith/azimuth to ra/dec falling back to provided ra/dec
15:02 WARNING : Cannot convert from zenith/azimuth to ra/dec falling back to provided ra/dec
15:02 WARNING : Cannot convert from zenith/azimuth to ra/dec falling back to provided ra/dec
15:02 WARNING : Cannot convert from zenith/azimuth to ra/dec falling back to provided ra/dec
15:02 WARNING : Cannot convert from zenith/azimuth to ra/dec falling back to provided ra/dec
15:02 WARNING : Cannot convert from zenith/azimuth to ra/dec falling back to provided ra/dec
15:02 WARNING : Cannot convert from zenith/azimuth to ra/dec falling back to provided ra/dec
15:02 WARNING : Cannot convert from zenith/azimuth to ra/dec falling back to provided ra/dec
15:02 WARNING : Cannot convert from zenith/azimuth to ra/dec falling back to provided ra/dec
15:02 WARNING : Cannot convert from zenith/azimuth to ra/dec falling back to provided ra/dec
15:02 WARNING : Cannot convert from zenith/azimuth to ra/dec falling back to provided ra/dec
15:02 WARNING : Cannot convert from zenith/azimuth to ra/dec falling back to provided ra/dec
15:02 WARNING : Cannot convert from zenith/azimuth to ra/dec falling back to provided ra/dec
15:02 WARNING : Cannot convert from zenith/azimuth to ra/dec falling back to provided ra/dec
15:02 WARNING : Cannot convert from zenith/azimuth to ra/dec falling back to provided ra/dec
15:02 WARNING : Cannot convert from zenith/azimuth to ra/dec falling back to provided ra/dec
15:02 WARNING : Cannot convert from zenith/azimuth to ra/dec falling back to provided ra/dec
15:02 WARNING : Cannot convert from zenith/azimuth to ra/dec falling back to provided ra/dec
15:02 WARNING : Cannot convert from zenith/azimuth to ra/dec falling back to provided ra/dec
15:02 WARNING : Cannot convert from zenith/azimuth to ra/dec falling back to provided ra/dec
15:02 WARNING : Cannot convert from zenith/azimuth to ra/dec falling back to provided ra/dec
15:02 WARNING : Cannot convert from zenith/azimuth to ra/dec falling back to provided ra/dec
15:02 WARNING : Cannot convert from zenith/azimuth to ra/dec falling back to provided ra/dec
15:02 WARNING : Cannot convert from zenith/azimuth to ra/dec falling back to provided ra/dec
15:02 WARNING : Cannot convert from zenith/azimuth to ra/dec falling back to provided ra/dec
15:02 WARNING : Cannot convert from zenith/azimuth to ra/dec falling back to provided ra/dec
15:02 WARNING : Cannot convert from zenith/azimuth to ra/dec falling back to provided ra/dec
15:02 WARNING : Cannot convert from zenith/azimuth to ra/dec falling back to provided ra/dec
15:02 WARNING : Cannot convert from zenith/azimuth to ra/dec falling back to provided ra/dec
15:02 WARNING : Cannot convert from zenith/azimuth to ra/dec falling back to provided ra/dec
15:02 WARNING : Cannot convert from zenith/azimuth to ra/dec falling back to provided ra/dec
15:02 WARNING : Cannot convert from zenith/azimuth to ra/dec falling back to provided ra/dec
15:02 WARNING : Cannot convert from zenith/azimuth to ra/dec falling back to provided ra/dec
15:02 WARNING : Cannot convert from zenith/azimuth to ra/dec falling back to provided ra/dec
15:02 WARNING : Cannot convert from zenith/azimuth to ra/dec falling back to provided ra/dec
15:02 WARNING : Cannot convert from zenith/azimuth to ra/dec falling back to provided ra/dec
15:02 WARNING : Cannot convert from zenith/azimuth to ra/dec falling back to provided ra/dec
15:02 WARNING : Cannot convert from zenith/azimuth to ra/dec falling back to provided ra/dec
15:02 WARNING : Cannot convert from zenith/azimuth to ra/dec falling back to provided ra/dec
15:02 WARNING : Cannot convert from zenith/azimuth to ra/dec falling back to provided ra/dec
15:02 WARNING : Cannot convert from zenith/azimuth to ra/dec falling back to provided ra/dec
15:02 WARNING : Cannot convert from zenith/azimuth to ra/dec falling back to provided ra/dec
15:02 WARNING : Cannot convert from zenith/azimuth to ra/dec falling back to provided ra/dec
15:02 WARNING : Cannot convert from zenith/azimuth to ra/dec falling back to provided ra/dec
15:02 WARNING : Cannot convert from zenith/azimuth to ra/dec falling back to provided ra/dec
15:02 WARNING : Cannot convert from zenith/azimuth to ra/dec falling back to provided ra/dec
15:02 WARNING : Cannot convert from zenith/azimuth to ra/dec falling back to provided ra/dec
15:02 WARNING : Cannot convert from zenith/azimuth to ra/dec falling back to provided ra/dec
15:02 WARNING : Cannot convert from zenith/azimuth to ra/dec falling back to provided ra/dec
15:02 WARNING : Cannot convert from zenith/azimuth to ra/dec falling back to provided ra/dec
15:02 WARNING : Cannot convert from zenith/azimuth to ra/dec falling back to provided ra/dec
15:02 WARNING : Cannot convert from zenith/azimuth to ra/dec falling back to provided ra/dec
15:02 WARNING : Cannot convert from zenith/azimuth to ra/dec falling back to provided ra/dec
15:02 WARNING : Cannot convert from zenith/azimuth to ra/dec falling back to provided ra/dec
15:02 WARNING : Cannot convert from zenith/azimuth to ra/dec falling back to provided ra/dec
15:02 WARNING : Cannot convert from zenith/azimuth to ra/dec falling back to provided ra/dec
15:02 WARNING : Cannot convert from zenith/azimuth to ra/dec falling back to provided ra/dec
15:02 WARNING : Cannot convert from zenith/azimuth to ra/dec falling back to provided ra/dec
15:02 WARNING : Cannot convert from zenith/azimuth to ra/dec falling back to provided ra/dec
15:02 WARNING : Cannot convert from zenith/azimuth to ra/dec falling back to provided ra/dec
15:02 WARNING : Cannot convert from zenith/azimuth to ra/dec falling back to provided ra/dec
15:02 WARNING : Cannot convert from zenith/azimuth to ra/dec falling back to provided ra/dec
15:02 WARNING : Cannot convert from zenith/azimuth to ra/dec falling back to provided ra/dec
15:02 WARNING : Cannot convert from zenith/azimuth to ra/dec falling back to provided ra/dec
15:02 WARNING : Cannot convert from zenith/azimuth to ra/dec falling back to provided ra/dec
15:02 WARNING : Cannot convert from zenith/azimuth to ra/dec falling back to provided ra/dec
15:02 WARNING : Cannot convert from zenith/azimuth to ra/dec falling back to provided ra/dec
15:02 WARNING : Cannot convert from zenith/azimuth to ra/dec falling back to provided ra/dec
15:02 WARNING : Cannot convert from zenith/azimuth to ra/dec falling back to provided ra/dec
15:02 WARNING : Cannot convert from zenith/azimuth to ra/dec falling back to provided ra/dec
15:02 WARNING : Cannot convert from zenith/azimuth to ra/dec falling back to provided ra/dec
15:02 WARNING : Cannot convert from zenith/azimuth to ra/dec falling back to provided ra/dec
15:02 WARNING : Cannot convert from zenith/azimuth to ra/dec falling back to provided ra/dec
15:02 WARNING : Cannot convert from zenith/azimuth to ra/dec falling back to provided ra/dec
15:02 WARNING : Cannot convert from zenith/azimuth to ra/dec falling back to provided ra/dec
15:02 WARNING : Cannot convert from zenith/azimuth to ra/dec falling back to provided ra/dec
15:02 WARNING : Cannot convert from zenith/azimuth to ra/dec falling back to provided ra/dec
15:02 WARNING : Cannot convert from zenith/azimuth to ra/dec falling back to provided ra/dec
15:02 WARNING : Cannot convert from zenith/azimuth to ra/dec falling back to provided ra/dec
15:02 WARNING : Cannot convert from zenith/azimuth to ra/dec falling back to provided ra/dec
15:02 WARNING : Cannot convert from zenith/azimuth to ra/dec falling back to provided ra/dec
15:02 WARNING : Cannot convert from zenith/azimuth to ra/dec falling back to provided ra/dec
15:02 WARNING : Cannot convert from zenith/azimuth to ra/dec falling back to provided ra/dec
15:02 WARNING : Cannot convert from zenith/azimuth to ra/dec falling back to provided ra/dec
15:02 WARNING : Cannot convert from zenith/azimuth to ra/dec falling back to provided ra/dec
15:02 WARNING : Cannot convert from zenith/azimuth to ra/dec falling back to provided ra/dec
15:02 WARNING : Cannot convert from zenith/azimuth to ra/dec falling back to provided ra/dec
15:02 WARNING : Cannot convert from zenith/azimuth to ra/dec falling back to provided ra/dec
15:02 WARNING : Cannot convert from zenith/azimuth to ra/dec falling back to provided ra/dec
15:02 WARNING : Cannot convert from zenith/azimuth to ra/dec falling back to provided ra/dec
15:02 WARNING : Cannot convert from zenith/azimuth to ra/dec falling back to provided ra/dec
15:02 WARNING : Cannot convert from zenith/azimuth to ra/dec falling back to provided ra/dec
15:02 WARNING : Cannot convert from zenith/azimuth to ra/dec falling back to provided ra/dec
15:02 WARNING : Cannot convert from zenith/azimuth to ra/dec falling back to provided ra/dec
15:02 WARNING : Cannot convert from zenith/azimuth to ra/dec falling back to provided ra/dec
15:02 WARNING : Cannot convert from zenith/azimuth to ra/dec falling back to provided ra/dec
15:02 WARNING : Cannot convert from zenith/azimuth to ra/dec falling back to provided ra/dec
15:02 WARNING : Cannot convert from zenith/azimuth to ra/dec falling back to provided ra/dec
15:02 WARNING : Cannot convert from zenith/azimuth to ra/dec falling back to provided ra/dec
15:02 WARNING : Cannot convert from zenith/azimuth to ra/dec falling back to provided ra/dec
15:02 WARNING : Cannot convert from zenith/azimuth to ra/dec falling back to provided ra/dec
15:02 WARNING : Cannot convert from zenith/azimuth to ra/dec falling back to provided ra/dec
15:02 WARNING : Cannot convert from zenith/azimuth to ra/dec falling back to provided ra/dec
15:02 WARNING : Cannot convert from zenith/azimuth to ra/dec falling back to provided ra/dec
15:02 WARNING : Cannot convert from zenith/azimuth to ra/dec falling back to provided ra/dec
15:02 WARNING : Cannot convert from zenith/azimuth to ra/dec falling back to provided ra/dec
15:02 WARNING : Cannot convert from zenith/azimuth to ra/dec falling back to provided ra/dec
15:02 WARNING : Cannot convert from zenith/azimuth to ra/dec falling back to provided ra/dec
15:02 WARNING : Cannot convert from zenith/azimuth to ra/dec falling back to provided ra/dec
15:02 WARNING : Cannot convert from zenith/azimuth to ra/dec falling back to provided ra/dec
15:02 WARNING : Cannot convert from zenith/azimuth to ra/dec falling back to provided ra/dec
15:02 WARNING : Cannot convert from zenith/azimuth to ra/dec falling back to provided ra/dec
15:02 WARNING : Cannot convert from zenith/azimuth to ra/dec falling back to provided ra/dec
15:02 WARNING : Cannot convert from zenith/azimuth to ra/dec falling back to provided ra/dec
15:02 WARNING : Cannot convert from zenith/azimuth to ra/dec falling back to provided ra/dec
15:02 WARNING : Cannot convert from zenith/azimuth to ra/dec falling back to provided ra/dec
15:02 WARNING : Cannot convert from zenith/azimuth to ra/dec falling back to provided ra/dec
15:02 WARNING : Cannot convert from zenith/azimuth to ra/dec falling back to provided ra/dec
15:02 WARNING : Cannot convert from zenith/azimuth to ra/dec falling back to provided ra/dec
15:02 WARNING : Cannot convert from zenith/azimuth to ra/dec falling back to provided ra/dec
15:02 WARNING : Cannot convert from zenith/azimuth to ra/dec falling back to provided ra/dec
15:02 WARNING : Cannot convert from zenith/azimuth to ra/dec falling back to provided ra/dec
15:02 WARNING : Cannot convert from zenith/azimuth to ra/dec falling back to provided ra/dec
15:02 WARNING : Cannot convert from zenith/azimuth to ra/dec falling back to provided ra/dec
15:02 WARNING : Cannot convert from zenith/azimuth to ra/dec falling back to provided ra/dec
15:02 WARNING : Cannot convert from zenith/azimuth to ra/dec falling back to provided ra/dec
15:02 WARNING : Cannot convert from zenith/azimuth to ra/dec falling back to provided ra/dec
15:02 WARNING : Cannot convert from zenith/azimuth to ra/dec falling back to provided ra/dec
15:02 WARNING : Cannot convert from zenith/azimuth to ra/dec falling back to provided ra/dec
15:02 WARNING : Cannot convert from zenith/azimuth to ra/dec falling back to provided ra/dec
15:02 WARNING : Cannot convert from zenith/azimuth to ra/dec falling back to provided ra/dec
15:02 WARNING : Cannot convert from zenith/azimuth to ra/dec falling back to provided ra/dec
15:02 WARNING : Cannot convert from zenith/azimuth to ra/dec falling back to provided ra/dec
15:02 WARNING : Cannot convert from zenith/azimuth to ra/dec falling back to provided ra/dec
15:02 WARNING : Cannot convert from zenith/azimuth to ra/dec falling back to provided ra/dec
15:02 WARNING : Cannot convert from zenith/azimuth to ra/dec falling back to provided ra/dec
15:02 WARNING : Cannot convert from zenith/azimuth to ra/dec falling back to provided ra/dec
15:02 WARNING : Cannot convert from zenith/azimuth to ra/dec falling back to provided ra/dec
15:02 WARNING : Cannot convert from zenith/azimuth to ra/dec falling back to provided ra/dec
15:02 WARNING : Cannot convert from zenith/azimuth to ra/dec falling back to provided ra/dec
15:02 WARNING : Cannot convert from zenith/azimuth to ra/dec falling back to provided ra/dec
15:02 WARNING : Cannot convert from zenith/azimuth to ra/dec falling back to provided ra/dec
15:02 WARNING : Cannot convert from zenith/azimuth to ra/dec falling back to provided ra/dec
15:02 WARNING : Cannot convert from zenith/azimuth to ra/dec falling back to provided ra/dec
15:02 WARNING : Cannot convert from zenith/azimuth to ra/dec falling back to provided ra/dec
15:02 WARNING : Cannot convert from zenith/azimuth to ra/dec falling back to provided ra/dec
15:02 WARNING : Cannot convert from zenith/azimuth to ra/dec falling back to provided ra/dec
15:02 WARNING : Cannot convert from zenith/azimuth to ra/dec falling back to provided ra/dec
15:02 WARNING : Cannot convert from zenith/azimuth to ra/dec falling back to provided ra/dec
15:02 WARNING : Cannot convert from zenith/azimuth to ra/dec falling back to provided ra/dec
15:02 WARNING : Cannot convert from zenith/azimuth to ra/dec falling back to provided ra/dec
15:02 WARNING : Cannot convert from zenith/azimuth to ra/dec falling back to provided ra/dec
15:02 WARNING : Cannot convert from zenith/azimuth to ra/dec falling back to provided ra/dec
15:02 WARNING : Cannot convert from zenith/azimuth to ra/dec falling back to provided ra/dec
15:02 WARNING : Cannot convert from zenith/azimuth to ra/dec falling back to provided ra/dec
15:02 WARNING : Cannot convert from zenith/azimuth to ra/dec falling back to provided ra/dec
15:02 WARNING : Cannot convert from zenith/azimuth to ra/dec falling back to provided ra/dec
15:02 WARNING : Cannot convert from zenith/azimuth to ra/dec falling back to provided ra/dec
15:02 WARNING : Cannot convert from zenith/azimuth to ra/dec falling back to provided ra/dec
15:02 WARNING : Cannot convert from zenith/azimuth to ra/dec falling back to provided ra/dec
15:02 WARNING : Cannot convert from zenith/azimuth to ra/dec falling back to provided ra/dec
15:02 WARNING : Cannot convert from zenith/azimuth to ra/dec falling back to provided ra/dec
15:02 WARNING : Cannot convert from zenith/azimuth to ra/dec falling back to provided ra/dec
15:02 WARNING : Cannot convert from zenith/azimuth to ra/dec falling back to provided ra/dec
15:02 WARNING : Cannot convert from zenith/azimuth to ra/dec falling back to provided ra/dec
15:02 WARNING : Cannot convert from zenith/azimuth to ra/dec falling back to provided ra/dec
15:02 WARNING : Cannot convert from zenith/azimuth to ra/dec falling back to provided ra/dec
15:02 WARNING : Cannot convert from zenith/azimuth to ra/dec falling back to provided ra/dec
15:02 WARNING : Cannot convert from zenith/azimuth to ra/dec falling back to provided ra/dec
15:02 WARNING : Cannot convert from zenith/azimuth to ra/dec falling back to provided ra/dec
15:02 WARNING : Cannot convert from zenith/azimuth to ra/dec falling back to provided ra/dec
15:02 WARNING : Cannot convert from zenith/azimuth to ra/dec falling back to provided ra/dec
15:02 WARNING : Cannot convert from zenith/azimuth to ra/dec falling back to provided ra/dec
15:02 WARNING : Cannot convert from zenith/azimuth to ra/dec falling back to provided ra/dec
15:02 WARNING : Cannot convert from zenith/azimuth to ra/dec falling back to provided ra/dec
15:02 WARNING : Cannot convert from zenith/azimuth to ra/dec falling back to provided ra/dec
15:02 WARNING : Cannot convert from zenith/azimuth to ra/dec falling back to provided ra/dec
15:02 WARNING : Cannot convert from zenith/azimuth to ra/dec falling back to provided ra/dec
15:02 WARNING : Cannot convert from zenith/azimuth to ra/dec falling back to provided ra/dec
15:02 WARNING : Cannot convert from zenith/azimuth to ra/dec falling back to provided ra/dec
15:02 WARNING : Cannot convert from zenith/azimuth to ra/dec falling back to provided ra/dec
15:02 WARNING : Cannot convert from zenith/azimuth to ra/dec falling back to provided ra/dec
15:02 WARNING : Cannot convert from zenith/azimuth to ra/dec falling back to provided ra/dec
15:02 WARNING : Cannot convert from zenith/azimuth to ra/dec falling back to provided ra/dec
15:02 WARNING : Cannot convert from zenith/azimuth to ra/dec falling back to provided ra/dec
15:02 WARNING : Cannot convert from zenith/azimuth to ra/dec falling back to provided ra/dec
15:02 WARNING : Cannot convert from zenith/azimuth to ra/dec falling back to provided ra/dec
15:02 WARNING : Cannot convert from zenith/azimuth to ra/dec falling back to provided ra/dec
15:02 WARNING : Cannot convert from zenith/azimuth to ra/dec falling back to provided ra/dec
15:02 WARNING : Cannot convert from zenith/azimuth to ra/dec falling back to provided ra/dec
15:02 WARNING : Cannot convert from zenith/azimuth to ra/dec falling back to provided ra/dec
15:02 WARNING : Cannot convert from zenith/azimuth to ra/dec falling back to provided ra/dec
15:02 WARNING : Cannot convert from zenith/azimuth to ra/dec falling back to provided ra/dec
15:02 WARNING : Cannot convert from zenith/azimuth to ra/dec falling back to provided ra/dec
15:02 WARNING : Cannot convert from zenith/azimuth to ra/dec falling back to provided ra/dec
15:02 WARNING : Cannot convert from zenith/azimuth to ra/dec falling back to provided ra/dec
15:02 WARNING : Cannot convert from zenith/azimuth to ra/dec falling back to provided ra/dec
15:02 WARNING : Cannot convert from zenith/azimuth to ra/dec falling back to provided ra/dec
15:02 WARNING : Cannot convert from zenith/azimuth to ra/dec falling back to provided ra/dec
15:02 WARNING : Cannot convert from zenith/azimuth to ra/dec falling back to provided ra/dec
15:02 WARNING : Cannot convert from zenith/azimuth to ra/dec falling back to provided ra/dec
15:02 WARNING : Cannot convert from zenith/azimuth to ra/dec falling back to provided ra/dec
15:02 WARNING : Cannot convert from zenith/azimuth to ra/dec falling back to provided ra/dec
15:02 WARNING : Cannot convert from zenith/azimuth to ra/dec falling back to provided ra/dec
15:02 WARNING : Cannot convert from zenith/azimuth to ra/dec falling back to provided ra/dec
15:02 WARNING : Cannot convert from zenith/azimuth to ra/dec falling back to provided ra/dec
15:02 WARNING : Cannot convert from zenith/azimuth to ra/dec falling back to provided ra/dec
15:02 WARNING : Cannot convert from zenith/azimuth to ra/dec falling back to provided ra/dec
15:02 WARNING : Cannot convert from zenith/azimuth to ra/dec falling back to provided ra/dec
15:02 WARNING : Cannot convert from zenith/azimuth to ra/dec falling back to provided ra/dec
15:02 WARNING : Cannot convert from zenith/azimuth to ra/dec falling back to provided ra/dec
15:02 WARNING : Cannot convert from zenith/azimuth to ra/dec falling back to provided ra/dec
15:02 WARNING : Cannot convert from zenith/azimuth to ra/dec falling back to provided ra/dec
15:02 WARNING : Cannot convert from zenith/azimuth to ra/dec falling back to provided ra/dec
15:02 WARNING : Cannot convert from zenith/azimuth to ra/dec falling back to provided ra/dec
15:02 WARNING : Cannot convert from zenith/azimuth to ra/dec falling back to provided ra/dec
15:02 WARNING : Cannot convert from zenith/azimuth to ra/dec falling back to provided ra/dec
15:02 WARNING : Cannot convert from zenith/azimuth to ra/dec falling back to provided ra/dec
15:02 WARNING : Cannot convert from zenith/azimuth to ra/dec falling back to provided ra/dec
15:02 WARNING : Cannot convert from zenith/azimuth to ra/dec falling back to provided ra/dec
15:02 WARNING : Cannot convert from zenith/azimuth to ra/dec falling back to provided ra/dec
15:02 WARNING : Cannot convert from zenith/azimuth to ra/dec falling back to provided ra/dec
15:02 WARNING : Cannot convert from zenith/azimuth to ra/dec falling back to provided ra/dec
15:02 WARNING : Cannot convert from zenith/azimuth to ra/dec falling back to provided ra/dec
15:02 WARNING : Cannot convert from zenith/azimuth to ra/dec falling back to provided ra/dec
15:02 WARNING : Cannot convert from zenith/azimuth to ra/dec falling back to provided ra/dec
15:02 WARNING : Cannot convert from zenith/azimuth to ra/dec falling back to provided ra/dec
15:02 WARNING : Cannot convert from zenith/azimuth to ra/dec falling back to provided ra/dec
15:02 WARNING : Cannot convert from zenith/azimuth to ra/dec falling back to provided ra/dec
15:02 WARNING : Cannot convert from zenith/azimuth to ra/dec falling back to provided ra/dec
15:02 WARNING : Cannot convert from zenith/azimuth to ra/dec falling back to provided ra/dec
15:02 WARNING : Cannot convert from zenith/azimuth to ra/dec falling back to provided ra/dec
15:02 WARNING : Cannot convert from zenith/azimuth to ra/dec falling back to provided ra/dec
15:02 WARNING : Cannot convert from zenith/azimuth to ra/dec falling back to provided ra/dec
15:02 WARNING : Cannot convert from zenith/azimuth to ra/dec falling back to provided ra/dec
15:02 WARNING : Cannot convert from zenith/azimuth to ra/dec falling back to provided ra/dec
15:02 WARNING : Cannot convert from zenith/azimuth to ra/dec falling back to provided ra/dec
15:02 WARNING : Cannot convert from zenith/azimuth to ra/dec falling back to provided ra/dec
15:02 WARNING : Cannot convert from zenith/azimuth to ra/dec falling back to provided ra/dec
15:02 WARNING : Cannot convert from zenith/azimuth to ra/dec falling back to provided ra/dec
15:02 WARNING : Cannot convert from zenith/azimuth to ra/dec falling back to provided ra/dec
15:02 WARNING : Cannot convert from zenith/azimuth to ra/dec falling back to provided ra/dec
15:02 WARNING : Cannot convert from zenith/azimuth to ra/dec falling back to provided ra/dec
15:02 WARNING : Cannot convert from zenith/azimuth to ra/dec falling back to provided ra/dec
15:02 WARNING : Cannot convert from zenith/azimuth to ra/dec falling back to provided ra/dec
15:02 WARNING : Cannot convert from zenith/azimuth to ra/dec falling back to provided ra/dec
15:02 WARNING : Cannot convert from zenith/azimuth to ra/dec falling back to provided ra/dec
15:02 WARNING : Cannot convert from zenith/azimuth to ra/dec falling back to provided ra/dec
15:02 WARNING : Cannot convert from zenith/azimuth to ra/dec falling back to provided ra/dec
15:02 WARNING : Cannot convert from zenith/azimuth to ra/dec falling back to provided ra/dec
15:02 WARNING : Cannot convert from zenith/azimuth to ra/dec falling back to provided ra/dec
15:02 WARNING : Cannot convert from zenith/azimuth to ra/dec falling back to provided ra/dec
15:02 WARNING : Cannot convert from zenith/azimuth to ra/dec falling back to provided ra/dec
15:02 WARNING : Cannot convert from zenith/azimuth to ra/dec falling back to provided ra/dec
15:02 WARNING : Cannot convert from zenith/azimuth to ra/dec falling back to provided ra/dec
15:02 WARNING : Cannot convert from zenith/azimuth to ra/dec falling back to provided ra/dec
15:02 WARNING : Cannot convert from zenith/azimuth to ra/dec falling back to provided ra/dec
15:02 WARNING : Cannot convert from zenith/azimuth to ra/dec falling back to provided ra/dec
15:02 WARNING : Cannot convert from zenith/azimuth to ra/dec falling back to provided ra/dec
15:02 WARNING : Cannot convert from zenith/azimuth to ra/dec falling back to provided ra/dec
15:02 WARNING : Cannot convert from zenith/azimuth to ra/dec falling back to provided ra/dec
15:02 WARNING : Cannot convert from zenith/azimuth to ra/dec falling back to provided ra/dec
15:02 WARNING : Cannot convert from zenith/azimuth to ra/dec falling back to provided ra/dec
15:02 WARNING : Cannot convert from zenith/azimuth to ra/dec falling back to provided ra/dec
15:02 WARNING : Cannot convert from zenith/azimuth to ra/dec falling back to provided ra/dec
15:02 WARNING : Cannot convert from zenith/azimuth to ra/dec falling back to provided ra/dec
15:02 WARNING : Cannot convert from zenith/azimuth to ra/dec falling back to provided ra/dec
15:02 WARNING : Cannot convert from zenith/azimuth to ra/dec falling back to provided ra/dec
15:02 WARNING : Cannot convert from zenith/azimuth to ra/dec falling back to provided ra/dec
15:02 WARNING : Cannot convert from zenith/azimuth to ra/dec falling back to provided ra/dec
15:02 WARNING : Cannot convert from zenith/azimuth to ra/dec falling back to provided ra/dec
15:02 WARNING : Cannot convert from zenith/azimuth to ra/dec falling back to provided ra/dec
15:02 WARNING : Cannot convert from zenith/azimuth to ra/dec falling back to provided ra/dec
15:02 WARNING : Cannot convert from zenith/azimuth to ra/dec falling back to provided ra/dec
15:02 WARNING : Cannot convert from zenith/azimuth to ra/dec falling back to provided ra/dec
15:02 WARNING : Cannot convert from zenith/azimuth to ra/dec falling back to provided ra/dec
15:02 WARNING : Cannot convert from zenith/azimuth to ra/dec falling back to provided ra/dec
15:02 WARNING : Cannot convert from zenith/azimuth to ra/dec falling back to provided ra/dec
15:02 WARNING : Cannot convert from zenith/azimuth to ra/dec falling back to provided ra/dec
15:02 WARNING : Cannot convert from zenith/azimuth to ra/dec falling back to provided ra/dec
15:02 WARNING : Cannot convert from zenith/azimuth to ra/dec falling back to provided ra/dec
15:02 WARNING : Cannot convert from zenith/azimuth to ra/dec falling back to provided ra/dec
15:02 WARNING : Cannot convert from zenith/azimuth to ra/dec falling back to provided ra/dec
15:02 WARNING : Cannot convert from zenith/azimuth to ra/dec falling back to provided ra/dec
15:02 WARNING : Cannot convert from zenith/azimuth to ra/dec falling back to provided ra/dec
15:02 WARNING : Cannot convert from zenith/azimuth to ra/dec falling back to provided ra/dec
15:02 WARNING : Cannot convert from zenith/azimuth to ra/dec falling back to provided ra/dec
15:02 WARNING : Cannot convert from zenith/azimuth to ra/dec falling back to provided ra/dec
15:02 WARNING : Cannot convert from zenith/azimuth to ra/dec falling back to provided ra/dec
15:02 WARNING : Cannot convert from zenith/azimuth to ra/dec falling back to provided ra/dec
15:02 WARNING : Cannot convert from zenith/azimuth to ra/dec falling back to provided ra/dec
15:02 WARNING : Cannot convert from zenith/azimuth to ra/dec falling back to provided ra/dec
15:02 WARNING : Cannot convert from zenith/azimuth to ra/dec falling back to provided ra/dec
15:02 WARNING : Cannot convert from zenith/azimuth to ra/dec falling back to provided ra/dec
15:02 WARNING : Cannot convert from zenith/azimuth to ra/dec falling back to provided ra/dec
15:02 WARNING : Cannot convert from zenith/azimuth to ra/dec falling back to provided ra/dec
15:02 WARNING : Cannot convert from zenith/azimuth to ra/dec falling back to provided ra/dec
15:02 WARNING : Cannot convert from zenith/azimuth to ra/dec falling back to provided ra/dec
15:02 WARNING : Cannot convert from zenith/azimuth to ra/dec falling back to provided ra/dec
15:02 WARNING : Cannot convert from zenith/azimuth to ra/dec falling back to provided ra/dec
15:02 WARNING : Cannot convert from zenith/azimuth to ra/dec falling back to provided ra/dec
15:02 WARNING : Cannot convert from zenith/azimuth to ra/dec falling back to provided ra/dec
15:02 WARNING : Cannot convert from zenith/azimuth to ra/dec falling back to provided ra/dec
15:02 WARNING : Cannot convert from zenith/azimuth to ra/dec falling back to provided ra/dec
15:02 WARNING : Cannot convert from zenith/azimuth to ra/dec falling back to provided ra/dec
15:02 WARNING : Cannot convert from zenith/azimuth to ra/dec falling back to provided ra/dec
15:02 WARNING : Cannot convert from zenith/azimuth to ra/dec falling back to provided ra/dec
15:02 WARNING : Cannot convert from zenith/azimuth to ra/dec falling back to provided ra/dec
15:02 WARNING : Cannot convert from zenith/azimuth to ra/dec falling back to provided ra/dec
15:02 WARNING : Cannot convert from zenith/azimuth to ra/dec falling back to provided ra/dec
15:02 WARNING : Cannot convert from zenith/azimuth to ra/dec falling back to provided ra/dec
15:02 WARNING : Cannot convert from zenith/azimuth to ra/dec falling back to provided ra/dec
15:02 WARNING : Cannot convert from zenith/azimuth to ra/dec falling back to provided ra/dec
15:02 WARNING : Cannot convert from zenith/azimuth to ra/dec falling back to provided ra/dec
15:02 INFO    : Using the bilby-implemented ensemble rwalk sampling tracking the autocorrelation function and thinning by 10 with maximum length 2500000.
15:02 WARNING : Cannot convert from zenith/azimuth to ra/dec falling back to provided ra/dec
15:02 WARNING : Cannot convert from zenith/azimuth to ra/dec falling back to provided ra/dec
15:02 WARNING : Cannot convert from zenith/azimuth to ra/dec falling back to provided ra/dec
15:02 WARNING : Cannot convert from zenith/azimuth to ra/dec falling back to provided ra/dec
15:02 WARNING : Cannot convert from zenith/azimuth to ra/dec falling back to provided ra/dec
15:02 WARNING : Cannot convert from zenith/azimuth to ra/dec falling back to provided ra/dec
15:02 WARNING : Cannot convert from zenith/azimuth to ra/dec falling back to provided ra/dec
15:02 WARNING : Cannot convert from zenith/azimuth to ra/dec falling back to provided ra/dec
15:02 WARNING : Cannot convert from zenith/azimuth to ra/dec falling back to provided ra/dec
15:02 WARNING : Cannot convert from zenith/azimuth to ra/dec falling back to provided ra/dec
15:02 WARNING : Cannot convert from zenith/azimuth to ra/dec falling back to provided ra/dec
15:02 WARNING : Cannot convert from zenith/azimuth to ra/dec falling back to provided ra/dec
15:02 WARNING : Cannot convert from zenith/azimuth to ra/dec falling back to provided ra/dec
15:02 WARNING : Cannot convert from zenith/azimuth to ra/dec falling back to provided ra/dec
15:02 WARNING : Cannot convert from zenith/azimuth to ra/dec falling back to provided ra/dec
15:02 WARNING : Cannot convert from zenith/azimuth to ra/dec falling back to provided ra/dec
15:02 WARNING : Cannot convert from zenith/azimuth to ra/dec falling back to provided ra/dec
15:02 WARNING : Cannot convert from zenith/azimuth to ra/dec falling back to provided ra/dec
15:02 WARNING : Cannot convert from zenith/azimuth to ra/dec falling back to provided ra/dec
15:02 WARNING : Cannot convert from zenith/azimuth to ra/dec falling back to provided ra/dec
15:02 WARNING : Cannot convert from zenith/azimuth to ra/dec falling back to provided ra/dec
15:02 WARNING : Cannot convert from zenith/azimuth to ra/dec falling back to provided ra/dec
15:02 WARNING : Cannot convert from zenith/azimuth to ra/dec falling back to provided ra/dec
15:02 WARNING : Cannot convert from zenith/azimuth to ra/dec falling back to provided ra/dec
15:02 WARNING : Cannot convert from zenith/azimuth to ra/dec falling back to provided ra/dec
15:02 WARNING : Cannot convert from zenith/azimuth to ra/dec falling back to provided ra/dec
15:02 WARNING : Cannot convert from zenith/azimuth to ra/dec falling back to provided ra/dec
15:02 WARNING : Cannot convert from zenith/azimuth to ra/dec falling back to provided ra/dec
15:02 WARNING : Cannot convert from zenith/azimuth to ra/dec falling back to provided ra/dec
15:02 WARNING : Cannot convert from zenith/azimuth to ra/dec falling back to provided ra/dec
15:02 WARNING : Cannot convert from zenith/azimuth to ra/dec falling back to provided ra/dec
15:02 WARNING : Cannot convert from zenith/azimuth to ra/dec falling back to provided ra/dec
15:02 WARNING : Cannot convert from zenith/azimuth to ra/dec falling back to provided ra/dec
15:02 WARNING : Cannot convert from zenith/azimuth to ra/dec falling back to provided ra/dec
15:02 WARNING : Cannot convert from zenith/azimuth to ra/dec falling back to provided ra/dec
15:02 WARNING : Cannot convert from zenith/azimuth to ra/dec falling back to provided ra/dec
15:02 WARNING : Cannot convert from zenith/azimuth to ra/dec falling back to provided ra/dec
15:02 WARNING : Cannot convert from zenith/azimuth to ra/dec falling back to provided ra/dec
15:02 WARNING : Cannot convert from zenith/azimuth to ra/dec falling back to provided ra/dec
15:02 WARNING : Cannot convert from zenith/azimuth to ra/dec falling back to provided ra/dec
15:02 WARNING : Cannot convert from zenith/azimuth to ra/dec falling back to provided ra/dec
15:02 WARNING : Cannot convert from zenith/azimuth to ra/dec falling back to provided ra/dec
15:02 WARNING : Cannot convert from zenith/azimuth to ra/dec falling back to provided ra/dec
15:02 WARNING : Cannot convert from zenith/azimuth to ra/dec falling back to provided ra/dec
15:02 WARNING : Cannot convert from zenith/azimuth to ra/dec falling back to provided ra/dec
15:02 WARNING : Cannot convert from zenith/azimuth to ra/dec falling back to provided ra/dec
15:02 WARNING : Cannot convert from zenith/azimuth to ra/dec falling back to provided ra/dec
15:02 WARNING : Cannot convert from zenith/azimuth to ra/dec falling back to provided ra/dec
15:02 WARNING : Cannot convert from zenith/azimuth to ra/dec falling back to provided ra/dec
15:02 WARNING : Cannot convert from zenith/azimuth to ra/dec falling back to provided ra/dec
15:02 WARNING : Cannot convert from zenith/azimuth to ra/dec falling back to provided ra/dec
15:02 WARNING : Cannot convert from zenith/azimuth to ra/dec falling back to provided ra/dec
15:02 WARNING : Cannot convert from zenith/azimuth to ra/dec falling back to provided ra/dec
15:02 WARNING : Cannot convert from zenith/azimuth to ra/dec falling back to provided ra/dec
15:02 WARNING : Cannot convert from zenith/azimuth to ra/dec falling back to provided ra/dec
15:02 WARNING : Cannot convert from zenith/azimuth to ra/dec falling back to provided ra/dec
15:02 WARNING : Cannot convert from zenith/azimuth to ra/dec falling back to provided ra/dec
15:02 WARNING : Cannot convert from zenith/azimuth to ra/dec falling back to provided ra/dec
15:02 WARNING : Cannot convert from zenith/azimuth to ra/dec falling back to provided ra/dec
15:02 WARNING : Cannot convert from zenith/azimuth to ra/dec falling back to provided ra/dec
15:02 WARNING : Cannot convert from zenith/azimuth to ra/dec falling back to provided ra/dec
15:02 WARNING : Cannot convert from zenith/azimuth to ra/dec falling back to provided ra/dec
15:02 WARNING : Cannot convert from zenith/azimuth to ra/dec falling back to provided ra/dec
15:02 WARNING : Cannot convert from zenith/azimuth to ra/dec falling back to provided ra/dec
15:02 WARNING : Cannot convert from zenith/azimuth to ra/dec falling back to provided ra/dec
15:02 WARNING : Cannot convert from zenith/azimuth to ra/dec falling back to provided ra/dec
15:02 WARNING : Cannot convert from zenith/azimuth to ra/dec falling back to provided ra/dec
15:02 WARNING : Cannot convert from zenith/azimuth to ra/dec falling back to provided ra/dec
15:02 WARNING : Cannot convert from zenith/azimuth to ra/dec falling back to provided ra/dec
15:02 WARNING : Cannot convert from zenith/azimuth to ra/dec falling back to provided ra/dec
15:02 WARNING : Cannot convert from zenith/azimuth to ra/dec falling back to provided ra/dec
15:02 WARNING : Cannot convert from zenith/azimuth to ra/dec falling back to provided ra/dec
15:02 WARNING : Cannot convert from zenith/azimuth to ra/dec falling back to provided ra/dec
15:02 WARNING : Cannot convert from zenith/azimuth to ra/dec falling back to provided ra/dec
15:02 WARNING : Cannot convert from zenith/azimuth to ra/dec falling back to provided ra/dec
15:02 WARNING : Cannot convert from zenith/azimuth to ra/dec falling back to provided ra/dec
15:02 WARNING : Cannot convert from zenith/azimuth to ra/dec falling back to provided ra/dec
15:02 WARNING : Cannot convert from zenith/azimuth to ra/dec falling back to provided ra/dec
15:02 WARNING : Cannot convert from zenith/azimuth to ra/dec falling back to provided ra/dec
15:02 WARNING : Cannot convert from zenith/azimuth to ra/dec falling back to provided ra/dec
15:02 WARNING : Cannot convert from zenith/azimuth to ra/dec falling back to provided ra/dec
15:02 WARNING : Cannot convert from zenith/azimuth to ra/dec falling back to provided ra/dec
15:02 WARNING : Cannot convert from zenith/azimuth to ra/dec falling back to provided ra/dec
15:02 WARNING : Cannot convert from zenith/azimuth to ra/dec falling back to provided ra/dec
15:02 WARNING : Cannot convert from zenith/azimuth to ra/dec falling back to provided ra/dec
15:02 WARNING : Cannot convert from zenith/azimuth to ra/dec falling back to provided ra/dec
15:02 WARNING : Cannot convert from zenith/azimuth to ra/dec falling back to provided ra/dec
15:02 WARNING : Cannot convert from zenith/azimuth to ra/dec falling back to provided ra/dec
15:02 WARNING : Cannot convert from zenith/azimuth to ra/dec falling back to provided ra/dec
15:02 WARNING : Cannot convert from zenith/azimuth to ra/dec falling back to provided ra/dec
15:02 WARNING : Cannot convert from zenith/azimuth to ra/dec falling back to provided ra/dec
15:02 WARNING : Cannot convert from zenith/azimuth to ra/dec falling back to provided ra/dec
15:02 WARNING : Cannot convert from zenith/azimuth to ra/dec falling back to provided ra/dec
15:02 WARNING : Cannot convert from zenith/azimuth to ra/dec falling back to provided ra/dec
15:02 WARNING : Cannot convert from zenith/azimuth to ra/dec falling back to provided ra/dec
15:02 WARNING : Cannot convert from zenith/azimuth to ra/dec falling back to provided ra/dec
15:02 WARNING : Cannot convert from zenith/azimuth to ra/dec falling back to provided ra/dec
15:02 WARNING : Cannot convert from zenith/azimuth to ra/dec falling back to provided ra/dec
15:02 WARNING : Cannot convert from zenith/azimuth to ra/dec falling back to provided ra/dec
15:02 WARNING : Cannot convert from zenith/azimuth to ra/dec falling back to provided ra/dec
15:02 WARNING : Cannot convert from zenith/azimuth to ra/dec falling back to provided ra/dec
15:02 WARNING : Cannot convert from zenith/azimuth to ra/dec falling back to provided ra/dec
15:02 WARNING : Cannot convert from zenith/azimuth to ra/dec falling back to provided ra/dec
15:02 WARNING : Cannot convert from zenith/azimuth to ra/dec falling back to provided ra/dec
15:02 WARNING : Cannot convert from zenith/azimuth to ra/dec falling back to provided ra/dec
15:02 WARNING : Cannot convert from zenith/azimuth to ra/dec falling back to provided ra/dec
15:02 WARNING : Cannot convert from zenith/azimuth to ra/dec falling back to provided ra/dec
15:02 WARNING : Cannot convert from zenith/azimuth to ra/dec falling back to provided ra/dec
15:02 WARNING : Cannot convert from zenith/azimuth to ra/dec falling back to provided ra/dec
15:02 WARNING : Cannot convert from zenith/azimuth to ra/dec falling back to provided ra/dec
15:02 WARNING : Cannot convert from zenith/azimuth to ra/dec falling back to provided ra/dec
15:02 WARNING : Cannot convert from zenith/azimuth to ra/dec falling back to provided ra/dec
15:02 WARNING : Cannot convert from zenith/azimuth to ra/dec falling back to provided ra/dec
15:02 WARNING : Cannot convert from zenith/azimuth to ra/dec falling back to provided ra/dec
15:02 WARNING : Cannot convert from zenith/azimuth to ra/dec falling back to provided ra/dec
15:02 WARNING : Cannot convert from zenith/azimuth to ra/dec falling back to provided ra/dec
15:02 WARNING : Cannot convert from zenith/azimuth to ra/dec falling back to provided ra/dec
15:02 WARNING : Cannot convert from zenith/azimuth to ra/dec falling back to provided ra/dec
15:02 WARNING : Cannot convert from zenith/azimuth to ra/dec falling back to provided ra/dec
15:02 WARNING : Cannot convert from zenith/azimuth to ra/dec falling back to provided ra/dec
15:02 WARNING : Cannot convert from zenith/azimuth to ra/dec falling back to provided ra/dec
15:02 WARNING : Cannot convert from zenith/azimuth to ra/dec falling back to provided ra/dec
15:02 WARNING : Cannot convert from zenith/azimuth to ra/dec falling back to provided ra/dec
15:02 WARNING : Cannot convert from zenith/azimuth to ra/dec falling back to provided ra/dec
15:02 WARNING : Cannot convert from zenith/azimuth to ra/dec falling back to provided ra/dec
15:02 WARNING : Cannot convert from zenith/azimuth to ra/dec falling back to provided ra/dec
15:02 WARNING : Cannot convert from zenith/azimuth to ra/dec falling back to provided ra/dec
15:02 WARNING : Cannot convert from zenith/azimuth to ra/dec falling back to provided ra/dec
15:02 WARNING : Cannot convert from zenith/azimuth to ra/dec falling back to provided ra/dec
15:02 WARNING : Cannot convert from zenith/azimuth to ra/dec falling back to provided ra/dec
15:02 WARNING : Cannot convert from zenith/azimuth to ra/dec falling back to provided ra/dec
15:02 WARNING : Cannot convert from zenith/azimuth to ra/dec falling back to provided ra/dec
15:02 WARNING : Cannot convert from zenith/azimuth to ra/dec falling back to provided ra/dec
15:02 WARNING : Cannot convert from zenith/azimuth to ra/dec falling back to provided ra/dec
15:02 WARNING : Cannot convert from zenith/azimuth to ra/dec falling back to provided ra/dec
15:02 WARNING : Cannot convert from zenith/azimuth to ra/dec falling back to provided ra/dec
15:02 WARNING : Cannot convert from zenith/azimuth to ra/dec falling back to provided ra/dec
15:02 WARNING : Cannot convert from zenith/azimuth to ra/dec falling back to provided ra/dec
15:02 WARNING : Cannot convert from zenith/azimuth to ra/dec falling back to provided ra/dec
15:02 WARNING : Cannot convert from zenith/azimuth to ra/dec falling back to provided ra/dec
15:02 WARNING : Cannot convert from zenith/azimuth to ra/dec falling back to provided ra/dec
15:02 WARNING : Cannot convert from zenith/azimuth to ra/dec falling back to provided ra/dec
15:02 WARNING : Cannot convert from zenith/azimuth to ra/dec falling back to provided ra/dec
15:02 WARNING : Cannot convert from zenith/azimuth to ra/dec falling back to provided ra/dec
15:02 WARNING : Cannot convert from zenith/azimuth to ra/dec falling back to provided ra/dec
15:02 WARNING : Cannot convert from zenith/azimuth to ra/dec falling back to provided ra/dec
15:02 WARNING : Cannot convert from zenith/azimuth to ra/dec falling back to provided ra/dec
15:02 WARNING : Cannot convert from zenith/azimuth to ra/dec falling back to provided ra/dec
15:02 WARNING : Cannot convert from zenith/azimuth to ra/dec falling back to provided ra/dec
15:02 WARNING : Cannot convert from zenith/azimuth to ra/dec falling back to provided ra/dec
15:02 WARNING : Cannot convert from zenith/azimuth to ra/dec falling back to provided ra/dec
15:02 WARNING : Cannot convert from zenith/azimuth to ra/dec falling back to provided ra/dec
15:02 WARNING : Cannot convert from zenith/azimuth to ra/dec falling back to provided ra/dec
15:02 WARNING : Cannot convert from zenith/azimuth to ra/dec falling back to provided ra/dec
15:02 WARNING : Cannot convert from zenith/azimuth to ra/dec falling back to provided ra/dec
15:02 WARNING : Cannot convert from zenith/azimuth to ra/dec falling back to provided ra/dec
15:02 WARNING : Cannot convert from zenith/azimuth to ra/dec falling back to provided ra/dec
15:02 WARNING : Cannot convert from zenith/azimuth to ra/dec falling back to provided ra/dec
15:02 WARNING : Cannot convert from zenith/azimuth to ra/dec falling back to provided ra/dec
15:02 WARNING : Cannot convert from zenith/azimuth to ra/dec falling back to provided ra/dec
15:02 WARNING : Cannot convert from zenith/azimuth to ra/dec falling back to provided ra/dec
15:02 WARNING : Cannot convert from zenith/azimuth to ra/dec falling back to provided ra/dec
15:02 WARNING : Cannot convert from zenith/azimuth to ra/dec falling back to provided ra/dec
15:02 WARNING : Cannot convert from zenith/azimuth to ra/dec falling back to provided ra/dec
15:02 WARNING : Cannot convert from zenith/azimuth to ra/dec falling back to provided ra/dec
15:02 WARNING : Cannot convert from zenith/azimuth to ra/dec falling back to provided ra/dec
15:02 WARNING : Cannot convert from zenith/azimuth to ra/dec falling back to provided ra/dec
15:02 WARNING : Cannot convert from zenith/azimuth to ra/dec falling back to provided ra/dec
15:02 WARNING : Cannot convert from zenith/azimuth to ra/dec falling back to provided ra/dec
15:02 WARNING : Cannot convert from zenith/azimuth to ra/dec falling back to provided ra/dec
15:02 WARNING : Cannot convert from zenith/azimuth to ra/dec falling back to provided ra/dec
15:02 WARNING : Cannot convert from zenith/azimuth to ra/dec falling back to provided ra/dec
15:02 WARNING : Cannot convert from zenith/azimuth to ra/dec falling back to provided ra/dec
15:02 WARNING : Cannot convert from zenith/azimuth to ra/dec falling back to provided ra/dec
15:02 WARNING : Cannot convert from zenith/azimuth to ra/dec falling back to provided ra/dec
15:02 WARNING : Cannot convert from zenith/azimuth to ra/dec falling back to provided ra/dec
15:02 WARNING : Cannot convert from zenith/azimuth to ra/dec falling back to provided ra/dec
15:02 WARNING : Cannot convert from zenith/azimuth to ra/dec falling back to provided ra/dec
15:02 WARNING : Cannot convert from zenith/azimuth to ra/dec falling back to provided ra/dec
15:02 WARNING : Cannot convert from zenith/azimuth to ra/dec falling back to provided ra/dec
15:02 WARNING : Cannot convert from zenith/azimuth to ra/dec falling back to provided ra/dec
15:02 WARNING : Cannot convert from zenith/azimuth to ra/dec falling back to provided ra/dec
15:02 WARNING : Cannot convert from zenith/azimuth to ra/dec falling back to provided ra/dec
15:02 WARNING : Cannot convert from zenith/azimuth to ra/dec falling back to provided ra/dec
15:02 WARNING : Cannot convert from zenith/azimuth to ra/dec falling back to provided ra/dec
15:02 WARNING : Cannot convert from zenith/azimuth to ra/dec falling back to provided ra/dec
15:02 WARNING : Cannot convert from zenith/azimuth to ra/dec falling back to provided ra/dec
15:02 WARNING : Cannot convert from zenith/azimuth to ra/dec falling back to provided ra/dec
15:02 WARNING : Cannot convert from zenith/azimuth to ra/dec falling back to provided ra/dec
15:02 WARNING : Cannot convert from zenith/azimuth to ra/dec falling back to provided ra/dec
15:02 WARNING : Cannot convert from zenith/azimuth to ra/dec falling back to provided ra/dec
15:02 WARNING : Cannot convert from zenith/azimuth to ra/dec falling back to provided ra/dec
15:02 WARNING : Cannot convert from zenith/azimuth to ra/dec falling back to provided ra/dec
15:02 WARNING : Cannot convert from zenith/azimuth to ra/dec falling back to provided ra/dec
15:02 WARNING : Cannot convert from zenith/azimuth to ra/dec falling back to provided ra/dec
15:02 WARNING : Cannot convert from zenith/azimuth to ra/dec falling back to provided ra/dec
15:02 WARNING : Cannot convert from zenith/azimuth to ra/dec falling back to provided ra/dec
15:02 WARNING : Cannot convert from zenith/azimuth to ra/dec falling back to provided ra/dec
15:02 WARNING : Cannot convert from zenith/azimuth to ra/dec falling back to provided ra/dec
15:02 WARNING : Cannot convert from zenith/azimuth to ra/dec falling back to provided ra/dec
15:02 WARNING : Cannot convert from zenith/azimuth to ra/dec falling back to provided ra/dec
15:02 WARNING : Cannot convert from zenith/azimuth to ra/dec falling back to provided ra/dec
15:02 WARNING : Cannot convert from zenith/azimuth to ra/dec falling back to provided ra/dec
15:02 WARNING : Cannot convert from zenith/azimuth to ra/dec falling back to provided ra/dec
15:02 WARNING : Cannot convert from zenith/azimuth to ra/dec falling back to provided ra/dec
15:02 WARNING : Cannot convert from zenith/azimuth to ra/dec falling back to provided ra/dec
15:02 WARNING : Cannot convert from zenith/azimuth to ra/dec falling back to provided ra/dec
15:02 WARNING : Cannot convert from zenith/azimuth to ra/dec falling back to provided ra/dec
15:02 WARNING : Cannot convert from zenith/azimuth to ra/dec falling back to provided ra/dec
15:02 WARNING : Cannot convert from zenith/azimuth to ra/dec falling back to provided ra/dec
15:02 WARNING : Cannot convert from zenith/azimuth to ra/dec falling back to provided ra/dec
15:02 WARNING : Cannot convert from zenith/azimuth to ra/dec falling back to provided ra/dec
15:02 WARNING : Cannot convert from zenith/azimuth to ra/dec falling back to provided ra/dec
15:02 WARNING : Cannot convert from zenith/azimuth to ra/dec falling back to provided ra/dec
15:02 WARNING : Cannot convert from zenith/azimuth to ra/dec falling back to provided ra/dec
15:02 WARNING : Cannot convert from zenith/azimuth to ra/dec falling back to provided ra/dec
15:02 WARNING : Cannot convert from zenith/azimuth to ra/dec falling back to provided ra/dec
15:02 WARNING : Cannot convert from zenith/azimuth to ra/dec falling back to provided ra/dec
15:02 WARNING : Cannot convert from zenith/azimuth to ra/dec falling back to provided ra/dec
15:02 WARNING : Cannot convert from zenith/azimuth to ra/dec falling back to provided ra/dec
15:02 WARNING : Cannot convert from zenith/azimuth to ra/dec falling back to provided ra/dec
15:02 WARNING : Cannot convert from zenith/azimuth to ra/dec falling back to provided ra/dec
15:02 WARNING : Cannot convert from zenith/azimuth to ra/dec falling back to provided ra/dec
15:02 WARNING : Cannot convert from zenith/azimuth to ra/dec falling back to provided ra/dec
15:02 WARNING : Cannot convert from zenith/azimuth to ra/dec falling back to provided ra/dec
15:02 WARNING : Cannot convert from zenith/azimuth to ra/dec falling back to provided ra/dec
15:02 WARNING : Cannot convert from zenith/azimuth to ra/dec falling back to provided ra/dec
15:02 WARNING : Cannot convert from zenith/azimuth to ra/dec falling back to provided ra/dec
15:02 WARNING : Cannot convert from zenith/azimuth to ra/dec falling back to provided ra/dec
15:02 WARNING : Cannot convert from zenith/azimuth to ra/dec falling back to provided ra/dec
15:02 WARNING : Cannot convert from zenith/azimuth to ra/dec falling back to provided ra/dec
15:02 WARNING : Cannot convert from zenith/azimuth to ra/dec falling back to provided ra/dec
15:02 WARNING : Cannot convert from zenith/azimuth to ra/dec falling back to provided ra/dec
15:02 WARNING : Cannot convert from zenith/azimuth to ra/dec falling back to provided ra/dec
15:02 WARNING : Cannot convert from zenith/azimuth to ra/dec falling back to provided ra/dec
15:02 WARNING : Cannot convert from zenith/azimuth to ra/dec falling back to provided ra/dec
15:02 WARNING : Cannot convert from zenith/azimuth to ra/dec falling back to provided ra/dec
15:02 WARNING : Cannot convert from zenith/azimuth to ra/dec falling back to provided ra/dec
15:02 WARNING : Cannot convert from zenith/azimuth to ra/dec falling back to provided ra/dec
15:02 WARNING : Cannot convert from zenith/azimuth to ra/dec falling back to provided ra/dec
15:02 WARNING : Cannot convert from zenith/azimuth to ra/dec falling back to provided ra/dec
15:02 WARNING : Cannot convert from zenith/azimuth to ra/dec falling back to provided ra/dec
15:02 WARNING : Cannot convert from zenith/azimuth to ra/dec falling back to provided ra/dec
15:02 WARNING : Cannot convert from zenith/azimuth to ra/dec falling back to provided ra/dec
15:02 WARNING : Cannot convert from zenith/azimuth to ra/dec falling back to provided ra/dec
15:02 WARNING : Cannot convert from zenith/azimuth to ra/dec falling back to provided ra/dec
15:02 WARNING : Cannot convert from zenith/azimuth to ra/dec falling back to provided ra/dec
15:02 WARNING : Cannot convert from zenith/azimuth to ra/dec falling back to provided ra/dec
15:02 WARNING : Cannot convert from zenith/azimuth to ra/dec falling back to provided ra/dec
15:02 WARNING : Cannot convert from zenith/azimuth to ra/dec falling back to provided ra/dec
15:02 WARNING : Cannot convert from zenith/azimuth to ra/dec falling back to provided ra/dec
15:02 WARNING : Cannot convert from zenith/azimuth to ra/dec falling back to provided ra/dec
15:02 WARNING : Cannot convert from zenith/azimuth to ra/dec falling back to provided ra/dec
15:02 WARNING : Cannot convert from zenith/azimuth to ra/dec falling back to provided ra/dec
15:02 WARNING : Cannot convert from zenith/azimuth to ra/dec falling back to provided ra/dec
15:02 WARNING : Cannot convert from zenith/azimuth to ra/dec falling back to provided ra/dec
15:02 WARNING : Cannot convert from zenith/azimuth to ra/dec falling back to provided ra/dec
15:02 WARNING : Cannot convert from zenith/azimuth to ra/dec falling back to provided ra/dec
15:02 WARNING : Cannot convert from zenith/azimuth to ra/dec falling back to provided ra/dec
15:02 WARNING : Cannot convert from zenith/azimuth to ra/dec falling back to provided ra/dec
15:02 WARNING : Cannot convert from zenith/azimuth to ra/dec falling back to provided ra/dec
15:02 WARNING : Cannot convert from zenith/azimuth to ra/dec falling back to provided ra/dec
15:02 WARNING : Cannot convert from zenith/azimuth to ra/dec falling back to provided ra/dec
15:02 WARNING : Cannot convert from zenith/azimuth to ra/dec falling back to provided ra/dec
15:02 WARNING : Cannot convert from zenith/azimuth to ra/dec falling back to provided ra/dec
15:02 WARNING : Cannot convert from zenith/azimuth to ra/dec falling back to provided ra/dec
15:02 WARNING : Cannot convert from zenith/azimuth to ra/dec falling back to provided ra/dec
15:02 WARNING : Cannot convert from zenith/azimuth to ra/dec falling back to provided ra/dec
15:02 WARNING : Cannot convert from zenith/azimuth to ra/dec falling back to provided ra/dec
15:02 WARNING : Cannot convert from zenith/azimuth to ra/dec falling back to provided ra/dec
15:02 WARNING : Cannot convert from zenith/azimuth to ra/dec falling back to provided ra/dec
15:02 WARNING : Cannot convert from zenith/azimuth to ra/dec falling back to provided ra/dec
15:02 WARNING : Cannot convert from zenith/azimuth to ra/dec falling back to provided ra/dec
15:02 WARNING : Cannot convert from zenith/azimuth to ra/dec falling back to provided ra/dec
15:02 WARNING : Cannot convert from zenith/azimuth to ra/dec falling back to provided ra/dec
15:02 WARNING : Cannot convert from zenith/azimuth to ra/dec falling back to provided ra/dec
15:02 WARNING : Cannot convert from zenith/azimuth to ra/dec falling back to provided ra/dec
15:02 WARNING : Cannot convert from zenith/azimuth to ra/dec falling back to provided ra/dec
15:02 WARNING : Cannot convert from zenith/azimuth to ra/dec falling back to provided ra/dec
15:02 WARNING : Cannot convert from zenith/azimuth to ra/dec falling back to provided ra/dec
15:02 WARNING : Cannot convert from zenith/azimuth to ra/dec falling back to provided ra/dec
15:02 WARNING : Cannot convert from zenith/azimuth to ra/dec falling back to provided ra/dec
15:02 WARNING : Cannot convert from zenith/azimuth to ra/dec falling back to provided ra/dec
15:02 WARNING : Cannot convert from zenith/azimuth to ra/dec falling back to provided ra/dec
15:02 WARNING : Cannot convert from zenith/azimuth to ra/dec falling back to provided ra/dec
15:02 WARNING : Cannot convert from zenith/azimuth to ra/dec falling back to provided ra/dec
15:02 WARNING : Cannot convert from zenith/azimuth to ra/dec falling back to provided ra/dec
15:02 WARNING : Cannot convert from zenith/azimuth to ra/dec falling back to provided ra/dec
15:02 WARNING : Cannot convert from zenith/azimuth to ra/dec falling back to provided ra/dec
15:02 WARNING : Cannot convert from zenith/azimuth to ra/dec falling back to provided ra/dec
15:02 WARNING : Cannot convert from zenith/azimuth to ra/dec falling back to provided ra/dec
15:02 WARNING : Cannot convert from zenith/azimuth to ra/dec falling back to provided ra/dec
15:02 WARNING : Cannot convert from zenith/azimuth to ra/dec falling back to provided ra/dec
15:02 WARNING : Cannot convert from zenith/azimuth to ra/dec falling back to provided ra/dec
15:02 WARNING : Cannot convert from zenith/azimuth to ra/dec falling back to provided ra/dec
15:02 WARNING : Cannot convert from zenith/azimuth to ra/dec falling back to provided ra/dec
15:02 WARNING : Cannot convert from zenith/azimuth to ra/dec falling back to provided ra/dec
15:02 WARNING : Cannot convert from zenith/azimuth to ra/dec falling back to provided ra/dec
15:02 WARNING : Cannot convert from zenith/azimuth to ra/dec falling back to provided ra/dec
15:02 WARNING : Cannot convert from zenith/azimuth to ra/dec falling back to provided ra/dec
15:02 WARNING : Cannot convert from zenith/azimuth to ra/dec falling back to provided ra/dec
15:02 WARNING : Cannot convert from zenith/azimuth to ra/dec falling back to provided ra/dec
15:02 WARNING : Cannot convert from zenith/azimuth to ra/dec falling back to provided ra/dec
15:02 WARNING : Cannot convert from zenith/azimuth to ra/dec falling back to provided ra/dec
15:02 WARNING : Cannot convert from zenith/azimuth to ra/dec falling back to provided ra/dec
15:02 WARNING : Cannot convert from zenith/azimuth to ra/dec falling back to provided ra/dec
15:02 WARNING : Cannot convert from zenith/azimuth to ra/dec falling back to provided ra/dec
15:02 WARNING : Cannot convert from zenith/azimuth to ra/dec falling back to provided ra/dec
15:02 WARNING : Cannot convert from zenith/azimuth to ra/dec falling back to provided ra/dec
15:02 WARNING : Cannot convert from zenith/azimuth to ra/dec falling back to provided ra/dec
15:02 WARNING : Cannot convert from zenith/azimuth to ra/dec falling back to provided ra/dec
15:02 WARNING : Cannot convert from zenith/azimuth to ra/dec falling back to provided ra/dec
15:02 WARNING : Cannot convert from zenith/azimuth to ra/dec falling back to provided ra/dec
15:02 WARNING : Cannot convert from zenith/azimuth to ra/dec falling back to provided ra/dec
15:02 WARNING : Cannot convert from zenith/azimuth to ra/dec falling back to provided ra/dec
15:02 WARNING : Cannot convert from zenith/azimuth to ra/dec falling back to provided ra/dec
15:02 WARNING : Cannot convert from zenith/azimuth to ra/dec falling back to provided ra/dec
15:02 WARNING : Cannot convert from zenith/azimuth to ra/dec falling back to provided ra/dec
15:02 WARNING : Cannot convert from zenith/azimuth to ra/dec falling back to provided ra/dec
15:02 WARNING : Cannot convert from zenith/azimuth to ra/dec falling back to provided ra/dec
15:02 WARNING : Cannot convert from zenith/azimuth to ra/dec falling back to provided ra/dec
15:02 WARNING : Cannot convert from zenith/azimuth to ra/dec falling back to provided ra/dec
15:02 WARNING : Cannot convert from zenith/azimuth to ra/dec falling back to provided ra/dec
15:02 WARNING : Cannot convert from zenith/azimuth to ra/dec falling back to provided ra/dec
15:02 WARNING : Cannot convert from zenith/azimuth to ra/dec falling back to provided ra/dec
15:02 WARNING : Cannot convert from zenith/azimuth to ra/dec falling back to provided ra/dec
15:02 WARNING : Cannot convert from zenith/azimuth to ra/dec falling back to provided ra/dec
15:02 WARNING : Cannot convert from zenith/azimuth to ra/dec falling back to provided ra/dec
15:02 WARNING : Cannot convert from zenith/azimuth to ra/dec falling back to provided ra/dec
15:02 WARNING : Cannot convert from zenith/azimuth to ra/dec falling back to provided ra/dec
15:03 WARNING : Cannot convert from zenith/azimuth to ra/dec falling back to provided ra/dec
15:03 WARNING : Cannot convert from zenith/azimuth to ra/dec falling back to provided ra/dec
15:03 WARNING : Cannot convert from zenith/azimuth to ra/dec falling back to provided ra/dec
15:03 WARNING : Cannot convert from zenith/azimuth to ra/dec falling back to provided ra/dec
15:03 WARNING : Cannot convert from zenith/azimuth to ra/dec falling back to provided ra/dec
15:03 WARNING : Cannot convert from zenith/azimuth to ra/dec falling back to provided ra/dec
15:03 WARNING : Cannot convert from zenith/azimuth to ra/dec falling back to provided ra/dec
15:03 WARNING : Cannot convert from zenith/azimuth to ra/dec falling back to provided ra/dec
15:03 WARNING : Cannot convert from zenith/azimuth to ra/dec falling back to provided ra/dec
15:03 WARNING : Cannot convert from zenith/azimuth to ra/dec falling back to provided ra/dec
15:03 WARNING : Cannot convert from zenith/azimuth to ra/dec falling back to provided ra/dec
15:03 WARNING : Cannot convert from zenith/azimuth to ra/dec falling back to provided ra/dec
15:03 WARNING : Cannot convert from zenith/azimuth to ra/dec falling back to provided ra/dec
15:03 WARNING : Cannot convert from zenith/azimuth to ra/dec falling back to provided ra/dec
15:03 WARNING : Cannot convert from zenith/azimuth to ra/dec falling back to provided ra/dec
15:03 WARNING : Cannot convert from zenith/azimuth to ra/dec falling back to provided ra/dec
15:03 WARNING : Cannot convert from zenith/azimuth to ra/dec falling back to provided ra/dec
15:03 WARNING : Cannot convert from zenith/azimuth to ra/dec falling back to provided ra/dec
15:03 WARNING : Cannot convert from zenith/azimuth to ra/dec falling back to provided ra/dec
15:03 WARNING : Cannot convert from zenith/azimuth to ra/dec falling back to provided ra/dec
15:03 WARNING : Cannot convert from zenith/azimuth to ra/dec falling back to provided ra/dec
15:03 WARNING : Cannot convert from zenith/azimuth to ra/dec falling back to provided ra/dec
15:03 WARNING : Cannot convert from zenith/azimuth to ra/dec falling back to provided ra/dec
15:03 WARNING : Cannot convert from zenith/azimuth to ra/dec falling back to provided ra/dec
15:03 WARNING : Cannot convert from zenith/azimuth to ra/dec falling back to provided ra/dec
15:03 WARNING : Cannot convert from zenith/azimuth to ra/dec falling back to provided ra/dec
15:03 WARNING : Cannot convert from zenith/azimuth to ra/dec falling back to provided ra/dec
15:03 WARNING : Cannot convert from zenith/azimuth to ra/dec falling back to provided ra/dec
15:03 WARNING : Cannot convert from zenith/azimuth to ra/dec falling back to provided ra/dec
15:03 WARNING : Cannot convert from zenith/azimuth to ra/dec falling back to provided ra/dec
15:03 WARNING : Cannot convert from zenith/azimuth to ra/dec falling back to provided ra/dec
15:03 WARNING : Cannot convert from zenith/azimuth to ra/dec falling back to provided ra/dec
15:03 WARNING : Cannot convert from zenith/azimuth to ra/dec falling back to provided ra/dec
15:03 WARNING : Cannot convert from zenith/azimuth to ra/dec falling back to provided ra/dec
15:03 WARNING : Cannot convert from zenith/azimuth to ra/dec falling back to provided ra/dec
15:03 WARNING : Cannot convert from zenith/azimuth to ra/dec falling back to provided ra/dec
15:03 WARNING : Cannot convert from zenith/azimuth to ra/dec falling back to provided ra/dec
15:03 WARNING : Cannot convert from zenith/azimuth to ra/dec falling back to provided ra/dec
15:03 WARNING : Cannot convert from zenith/azimuth to ra/dec falling back to provided ra/dec
15:03 WARNING : Cannot convert from zenith/azimuth to ra/dec falling back to provided ra/dec
15:03 WARNING : Cannot convert from zenith/azimuth to ra/dec falling back to provided ra/dec
15:03 WARNING : Cannot convert from zenith/azimuth to ra/dec falling back to provided ra/dec
15:03 WARNING : Cannot convert from zenith/azimuth to ra/dec falling back to provided ra/dec
15:03 WARNING : Cannot convert from zenith/azimuth to ra/dec falling back to provided ra/dec
15:03 WARNING : Cannot convert from zenith/azimuth to ra/dec falling back to provided ra/dec
15:03 WARNING : Cannot convert from zenith/azimuth to ra/dec falling back to provided ra/dec
15:03 WARNING : Cannot convert from zenith/azimuth to ra/dec falling back to provided ra/dec
15:03 WARNING : Cannot convert from zenith/azimuth to ra/dec falling back to provided ra/dec
15:03 WARNING : Cannot convert from zenith/azimuth to ra/dec falling back to provided ra/dec
15:03 WARNING : Cannot convert from zenith/azimuth to ra/dec falling back to provided ra/dec
15:03 WARNING : Cannot convert from zenith/azimuth to ra/dec falling back to provided ra/dec
15:03 WARNING : Cannot convert from zenith/azimuth to ra/dec falling back to provided ra/dec
15:03 WARNING : Cannot convert from zenith/azimuth to ra/dec falling back to provided ra/dec
15:03 WARNING : Cannot convert from zenith/azimuth to ra/dec falling back to provided ra/dec
15:03 WARNING : Cannot convert from zenith/azimuth to ra/dec falling back to provided ra/dec
15:03 WARNING : Cannot convert from zenith/azimuth to ra/dec falling back to provided ra/dec
15:03 WARNING : Cannot convert from zenith/azimuth to ra/dec falling back to provided ra/dec
15:03 WARNING : Cannot convert from zenith/azimuth to ra/dec falling back to provided ra/dec
15:03 WARNING : Cannot convert from zenith/azimuth to ra/dec falling back to provided ra/dec
15:03 WARNING : Cannot convert from zenith/azimuth to ra/dec falling back to provided ra/dec
15:03 WARNING : Cannot convert from zenith/azimuth to ra/dec falling back to provided ra/dec
15:03 WARNING : Cannot convert from zenith/azimuth to ra/dec falling back to provided ra/dec
15:03 WARNING : Cannot convert from zenith/azimuth to ra/dec falling back to provided ra/dec
15:03 WARNING : Cannot convert from zenith/azimuth to ra/dec falling back to provided ra/dec
15:03 WARNING : Cannot convert from zenith/azimuth to ra/dec falling back to provided ra/dec
15:03 WARNING : Cannot convert from zenith/azimuth to ra/dec falling back to provided ra/dec
15:03 WARNING : Cannot convert from zenith/azimuth to ra/dec falling back to provided ra/dec
15:03 WARNING : Cannot convert from zenith/azimuth to ra/dec falling back to provided ra/dec
15:03 WARNING : Cannot convert from zenith/azimuth to ra/dec falling back to provided ra/dec
15:03 WARNING : Cannot convert from zenith/azimuth to ra/dec falling back to provided ra/dec
15:03 WARNING : Cannot convert from zenith/azimuth to ra/dec falling back to provided ra/dec
15:03 WARNING : Cannot convert from zenith/azimuth to ra/dec falling back to provided ra/dec
15:03 WARNING : Cannot convert from zenith/azimuth to ra/dec falling back to provided ra/dec
15:03 WARNING : Cannot convert from zenith/azimuth to ra/dec falling back to provided ra/dec
15:03 WARNING : Cannot convert from zenith/azimuth to ra/dec falling back to provided ra/dec
15:03 WARNING : Cannot convert from zenith/azimuth to ra/dec falling back to provided ra/dec
15:03 WARNING : Cannot convert from zenith/azimuth to ra/dec falling back to provided ra/dec
15:03 WARNING : Cannot convert from zenith/azimuth to ra/dec falling back to provided ra/dec
15:03 WARNING : Cannot convert from zenith/azimuth to ra/dec falling back to provided ra/dec
15:03 WARNING : Cannot convert from zenith/azimuth to ra/dec falling back to provided ra/dec
15:03 WARNING : Cannot convert from zenith/azimuth to ra/dec falling back to provided ra/dec
15:03 WARNING : Cannot convert from zenith/azimuth to ra/dec falling back to provided ra/dec
15:03 WARNING : Cannot convert from zenith/azimuth to ra/dec falling back to provided ra/dec
15:03 WARNING : Cannot convert from zenith/azimuth to ra/dec falling back to provided ra/dec
15:03 WARNING : Cannot convert from zenith/azimuth to ra/dec falling back to provided ra/dec
15:03 WARNING : Cannot convert from zenith/azimuth to ra/dec falling back to provided ra/dec
15:03 WARNING : Cannot convert from zenith/azimuth to ra/dec falling back to provided ra/dec
15:03 WARNING : Cannot convert from zenith/azimuth to ra/dec falling back to provided ra/dec
15:03 WARNING : Cannot convert from zenith/azimuth to ra/dec falling back to provided ra/dec
15:03 WARNING : Cannot convert from zenith/azimuth to ra/dec falling back to provided ra/dec
15:03 WARNING : Cannot convert from zenith/azimuth to ra/dec falling back to provided ra/dec
15:03 WARNING : Cannot convert from zenith/azimuth to ra/dec falling back to provided ra/dec
15:03 WARNING : Cannot convert from zenith/azimuth to ra/dec falling back to provided ra/dec
15:03 WARNING : Cannot convert from zenith/azimuth to ra/dec falling back to provided ra/dec
15:03 WARNING : Cannot convert from zenith/azimuth to ra/dec falling back to provided ra/dec
15:03 WARNING : Cannot convert from zenith/azimuth to ra/dec falling back to provided ra/dec
15:03 WARNING : Cannot convert from zenith/azimuth to ra/dec falling back to provided ra/dec
15:03 WARNING : Cannot convert from zenith/azimuth to ra/dec falling back to provided ra/dec
15:03 WARNING : Cannot convert from zenith/azimuth to ra/dec falling back to provided ra/dec
15:03 WARNING : Cannot convert from zenith/azimuth to ra/dec falling back to provided ra/dec
15:03 WARNING : Cannot convert from zenith/azimuth to ra/dec falling back to provided ra/dec
15:03 WARNING : Cannot convert from zenith/azimuth to ra/dec falling back to provided ra/dec
15:03 WARNING : Cannot convert from zenith/azimuth to ra/dec falling back to provided ra/dec
15:03 WARNING : Cannot convert from zenith/azimuth to ra/dec falling back to provided ra/dec
15:03 WARNING : Cannot convert from zenith/azimuth to ra/dec falling back to provided ra/dec
15:03 WARNING : Cannot convert from zenith/azimuth to ra/dec falling back to provided ra/dec
15:03 WARNING : Cannot convert from zenith/azimuth to ra/dec falling back to provided ra/dec
15:03 WARNING : Cannot convert from zenith/azimuth to ra/dec falling back to provided ra/dec
15:03 WARNING : Cannot convert from zenith/azimuth to ra/dec falling back to provided ra/dec
15:03 WARNING : Cannot convert from zenith/azimuth to ra/dec falling back to provided ra/dec
15:03 WARNING : Cannot convert from zenith/azimuth to ra/dec falling back to provided ra/dec
15:03 WARNING : Cannot convert from zenith/azimuth to ra/dec falling back to provided ra/dec
15:03 WARNING : Cannot convert from zenith/azimuth to ra/dec falling back to provided ra/dec
15:03 WARNING : Cannot convert from zenith/azimuth to ra/dec falling back to provided ra/dec
15:03 WARNING : Cannot convert from zenith/azimuth to ra/dec falling back to provided ra/dec
15:03 WARNING : Cannot convert from zenith/azimuth to ra/dec falling back to provided ra/dec
15:03 WARNING : Cannot convert from zenith/azimuth to ra/dec falling back to provided ra/dec
15:03 WARNING : Cannot convert from zenith/azimuth to ra/dec falling back to provided ra/dec
15:03 WARNING : Cannot convert from zenith/azimuth to ra/dec falling back to provided ra/dec
15:03 WARNING : Cannot convert from zenith/azimuth to ra/dec falling back to provided ra/dec
15:03 WARNING : Cannot convert from zenith/azimuth to ra/dec falling back to provided ra/dec
15:03 WARNING : Cannot convert from zenith/azimuth to ra/dec falling back to provided ra/dec
15:03 WARNING : Cannot convert from zenith/azimuth to ra/dec falling back to provided ra/dec
15:03 WARNING : Cannot convert from zenith/azimuth to ra/dec falling back to provided ra/dec
15:03 WARNING : Cannot convert from zenith/azimuth to ra/dec falling back to provided ra/dec
15:03 WARNING : Cannot convert from zenith/azimuth to ra/dec falling back to provided ra/dec
15:03 WARNING : Cannot convert from zenith/azimuth to ra/dec falling back to provided ra/dec
15:03 WARNING : Cannot convert from zenith/azimuth to ra/dec falling back to provided ra/dec
15:03 WARNING : Cannot convert from zenith/azimuth to ra/dec falling back to provided ra/dec
15:03 WARNING : Cannot convert from zenith/azimuth to ra/dec falling back to provided ra/dec
15:03 WARNING : Cannot convert from zenith/azimuth to ra/dec falling back to provided ra/dec
15:03 WARNING : Cannot convert from zenith/azimuth to ra/dec falling back to provided ra/dec
15:03 WARNING : Cannot convert from zenith/azimuth to ra/dec falling back to provided ra/dec
15:03 WARNING : Cannot convert from zenith/azimuth to ra/dec falling back to provided ra/dec
15:03 WARNING : Cannot convert from zenith/azimuth to ra/dec falling back to provided ra/dec
15:03 WARNING : Cannot convert from zenith/azimuth to ra/dec falling back to provided ra/dec
15:03 WARNING : Cannot convert from zenith/azimuth to ra/dec falling back to provided ra/dec
15:03 WARNING : Cannot convert from zenith/azimuth to ra/dec falling back to provided ra/dec
15:03 WARNING : Cannot convert from zenith/azimuth to ra/dec falling back to provided ra/dec
15:03 WARNING : Cannot convert from zenith/azimuth to ra/dec falling back to provided ra/dec
15:03 WARNING : Cannot convert from zenith/azimuth to ra/dec falling back to provided ra/dec
15:03 WARNING : Cannot convert from zenith/azimuth to ra/dec falling back to provided ra/dec
15:03 WARNING : Cannot convert from zenith/azimuth to ra/dec falling back to provided ra/dec
15:03 WARNING : Cannot convert from zenith/azimuth to ra/dec falling back to provided ra/dec
15:03 WARNING : Cannot convert from zenith/azimuth to ra/dec falling back to provided ra/dec
15:03 WARNING : Cannot convert from zenith/azimuth to ra/dec falling back to provided ra/dec
15:03 WARNING : Cannot convert from zenith/azimuth to ra/dec falling back to provided ra/dec
15:03 WARNING : Cannot convert from zenith/azimuth to ra/dec falling back to provided ra/dec
15:03 WARNING : Cannot convert from zenith/azimuth to ra/dec falling back to provided ra/dec
15:03 WARNING : Cannot convert from zenith/azimuth to ra/dec falling back to provided ra/dec
15:03 WARNING : Cannot convert from zenith/azimuth to ra/dec falling back to provided ra/dec
15:03 WARNING : Cannot convert from zenith/azimuth to ra/dec falling back to provided ra/dec
15:03 WARNING : Cannot convert from zenith/azimuth to ra/dec falling back to provided ra/dec
15:03 WARNING : Cannot convert from zenith/azimuth to ra/dec falling back to provided ra/dec
15:03 WARNING : Cannot convert from zenith/azimuth to ra/dec falling back to provided ra/dec
15:03 WARNING : Cannot convert from zenith/azimuth to ra/dec falling back to provided ra/dec
15:03 WARNING : Cannot convert from zenith/azimuth to ra/dec falling back to provided ra/dec
15:03 WARNING : Cannot convert from zenith/azimuth to ra/dec falling back to provided ra/dec
15:03 WARNING : Cannot convert from zenith/azimuth to ra/dec falling back to provided ra/dec
15:03 WARNING : Cannot convert from zenith/azimuth to ra/dec falling back to provided ra/dec
15:03 WARNING : Cannot convert from zenith/azimuth to ra/dec falling back to provided ra/dec
15:03 WARNING : Cannot convert from zenith/azimuth to ra/dec falling back to provided ra/dec
15:03 WARNING : Cannot convert from zenith/azimuth to ra/dec falling back to provided ra/dec
15:03 WARNING : Cannot convert from zenith/azimuth to ra/dec falling back to provided ra/dec
15:03 WARNING : Cannot convert from zenith/azimuth to ra/dec falling back to provided ra/dec
15:03 WARNING : Cannot convert from zenith/azimuth to ra/dec falling back to provided ra/dec
15:03 WARNING : Cannot convert from zenith/azimuth to ra/dec falling back to provided ra/dec
15:03 WARNING : Cannot convert from zenith/azimuth to ra/dec falling back to provided ra/dec
15:03 WARNING : Cannot convert from zenith/azimuth to ra/dec falling back to provided ra/dec
15:03 WARNING : Cannot convert from zenith/azimuth to ra/dec falling back to provided ra/dec
15:03 WARNING : Cannot convert from zenith/azimuth to ra/dec falling back to provided ra/dec
15:03 WARNING : Cannot convert from zenith/azimuth to ra/dec falling back to provided ra/dec
15:03 WARNING : Cannot convert from zenith/azimuth to ra/dec falling back to provided ra/dec
15:03 WARNING : Cannot convert from zenith/azimuth to ra/dec falling back to provided ra/dec
15:03 WARNING : Cannot convert from zenith/azimuth to ra/dec falling back to provided ra/dec
15:03 WARNING : Cannot convert from zenith/azimuth to ra/dec falling back to provided ra/dec
15:03 WARNING : Cannot convert from zenith/azimuth to ra/dec falling back to provided ra/dec
15:03 WARNING : Cannot convert from zenith/azimuth to ra/dec falling back to provided ra/dec
15:03 WARNING : Cannot convert from zenith/azimuth to ra/dec falling back to provided ra/dec
15:03 WARNING : Cannot convert from zenith/azimuth to ra/dec falling back to provided ra/dec
15:03 WARNING : Cannot convert from zenith/azimuth to ra/dec falling back to provided ra/dec
15:03 WARNING : Cannot convert from zenith/azimuth to ra/dec falling back to provided ra/dec
15:03 WARNING : Cannot convert from zenith/azimuth to ra/dec falling back to provided ra/dec
15:03 WARNING : Cannot convert from zenith/azimuth to ra/dec falling back to provided ra/dec
15:03 WARNING : Cannot convert from zenith/azimuth to ra/dec falling back to provided ra/dec
15:03 WARNING : Cannot convert from zenith/azimuth to ra/dec falling back to provided ra/dec
15:03 WARNING : Cannot convert from zenith/azimuth to ra/dec falling back to provided ra/dec
15:03 WARNING : Cannot convert from zenith/azimuth to ra/dec falling back to provided ra/dec
15:03 WARNING : Cannot convert from zenith/azimuth to ra/dec falling back to provided ra/dec
15:03 WARNING : Cannot convert from zenith/azimuth to ra/dec falling back to provided ra/dec
15:03 WARNING : Cannot convert from zenith/azimuth to ra/dec falling back to provided ra/dec
15:03 WARNING : Cannot convert from zenith/azimuth to ra/dec falling back to provided ra/dec
15:03 WARNING : Cannot convert from zenith/azimuth to ra/dec falling back to provided ra/dec
15:03 WARNING : Cannot convert from zenith/azimuth to ra/dec falling back to provided ra/dec
15:03 WARNING : Cannot convert from zenith/azimuth to ra/dec falling back to provided ra/dec
15:03 WARNING : Cannot convert from zenith/azimuth to ra/dec falling back to provided ra/dec
15:03 WARNING : Cannot convert from zenith/azimuth to ra/dec falling back to provided ra/dec
15:03 WARNING : Cannot convert from zenith/azimuth to ra/dec falling back to provided ra/dec
15:03 WARNING : Cannot convert from zenith/azimuth to ra/dec falling back to provided ra/dec
15:03 WARNING : Cannot convert from zenith/azimuth to ra/dec falling back to provided ra/dec
15:03 WARNING : Cannot convert from zenith/azimuth to ra/dec falling back to provided ra/dec
15:03 WARNING : Cannot convert from zenith/azimuth to ra/dec falling back to provided ra/dec
15:03 WARNING : Cannot convert from zenith/azimuth to ra/dec falling back to provided ra/dec
15:03 WARNING : Cannot convert from zenith/azimuth to ra/dec falling back to provided ra/dec
15:03 WARNING : Cannot convert from zenith/azimuth to ra/dec falling back to provided ra/dec
15:03 WARNING : Cannot convert from zenith/azimuth to ra/dec falling back to provided ra/dec
15:03 WARNING : Cannot convert from zenith/azimuth to ra/dec falling back to provided ra/dec
15:03 WARNING : Cannot convert from zenith/azimuth to ra/dec falling back to provided ra/dec
15:03 WARNING : Cannot convert from zenith/azimuth to ra/dec falling back to provided ra/dec
15:03 WARNING : Cannot convert from zenith/azimuth to ra/dec falling back to provided ra/dec
15:03 WARNING : Cannot convert from zenith/azimuth to ra/dec falling back to provided ra/dec
15:03 WARNING : Cannot convert from zenith/azimuth to ra/dec falling back to provided ra/dec
15:03 WARNING : Cannot convert from zenith/azimuth to ra/dec falling back to provided ra/dec
15:03 WARNING : Cannot convert from zenith/azimuth to ra/dec falling back to provided ra/dec
15:03 WARNING : Cannot convert from zenith/azimuth to ra/dec falling back to provided ra/dec
15:03 WARNING : Cannot convert from zenith/azimuth to ra/dec falling back to provided ra/dec
15:03 WARNING : Cannot convert from zenith/azimuth to ra/dec falling back to provided ra/dec
15:03 WARNING : Cannot convert from zenith/azimuth to ra/dec falling back to provided ra/dec
15:03 WARNING : Cannot convert from zenith/azimuth to ra/dec falling back to provided ra/dec
15:03 WARNING : Cannot convert from zenith/azimuth to ra/dec falling back to provided ra/dec
15:03 WARNING : Cannot convert from zenith/azimuth to ra/dec falling back to provided ra/dec
15:03 WARNING : Cannot convert from zenith/azimuth to ra/dec falling back to provided ra/dec
15:03 WARNING : Cannot convert from zenith/azimuth to ra/dec falling back to provided ra/dec
15:03 WARNING : Cannot convert from zenith/azimuth to ra/dec falling back to provided ra/dec
15:03 WARNING : Cannot convert from zenith/azimuth to ra/dec falling back to provided ra/dec
15:03 WARNING : Cannot convert from zenith/azimuth to ra/dec falling back to provided ra/dec
15:03 WARNING : Cannot convert from zenith/azimuth to ra/dec falling back to provided ra/dec
15:03 WARNING : Cannot convert from zenith/azimuth to ra/dec falling back to provided ra/dec
15:03 WARNING : Cannot convert from zenith/azimuth to ra/dec falling back to provided ra/dec
15:03 WARNING : Cannot convert from zenith/azimuth to ra/dec falling back to provided ra/dec
15:03 WARNING : Cannot convert from zenith/azimuth to ra/dec falling back to provided ra/dec
15:03 WARNING : Cannot convert from zenith/azimuth to ra/dec falling back to provided ra/dec
15:03 WARNING : Cannot convert from zenith/azimuth to ra/dec falling back to provided ra/dec
15:03 WARNING : Cannot convert from zenith/azimuth to ra/dec falling back to provided ra/dec
15:03 WARNING : Cannot convert from zenith/azimuth to ra/dec falling back to provided ra/dec
15:03 WARNING : Cannot convert from zenith/azimuth to ra/dec falling back to provided ra/dec
15:03 WARNING : Cannot convert from zenith/azimuth to ra/dec falling back to provided ra/dec
15:03 WARNING : Cannot convert from zenith/azimuth to ra/dec falling back to provided ra/dec
15:03 WARNING : Cannot convert from zenith/azimuth to ra/dec falling back to provided ra/dec
15:03 WARNING : Cannot convert from zenith/azimuth to ra/dec falling back to provided ra/dec
15:03 WARNING : Cannot convert from zenith/azimuth to ra/dec falling back to provided ra/dec
15:03 WARNING : Cannot convert from zenith/azimuth to ra/dec falling back to provided ra/dec
15:03 WARNING : Cannot convert from zenith/azimuth to ra/dec falling back to provided ra/dec
15:03 WARNING : Cannot convert from zenith/azimuth to ra/dec falling back to provided ra/dec
15:03 WARNING : Cannot convert from zenith/azimuth to ra/dec falling back to provided ra/dec
15:03 WARNING : Cannot convert from zenith/azimuth to ra/dec falling back to provided ra/dec
15:03 WARNING : Cannot convert from zenith/azimuth to ra/dec falling back to provided ra/dec
15:03 WARNING : Cannot convert from zenith/azimuth to ra/dec falling back to provided ra/dec
15:03 WARNING : Cannot convert from zenith/azimuth to ra/dec falling back to provided ra/dec
15:03 WARNING : Cannot convert from zenith/azimuth to ra/dec falling back to provided ra/dec
15:03 WARNING : Cannot convert from zenith/azimuth to ra/dec falling back to provided ra/dec
15:03 WARNING : Cannot convert from zenith/azimuth to ra/dec falling back to provided ra/dec
15:03 WARNING : Cannot convert from zenith/azimuth to ra/dec falling back to provided ra/dec
15:03 WARNING : Cannot convert from zenith/azimuth to ra/dec falling back to provided ra/dec
15:03 WARNING : Cannot convert from zenith/azimuth to ra/dec falling back to provided ra/dec
15:03 WARNING : Cannot convert from zenith/azimuth to ra/dec falling back to provided ra/dec
15:03 WARNING : Cannot convert from zenith/azimuth to ra/dec falling back to provided ra/dec
15:03 WARNING : Cannot convert from zenith/azimuth to ra/dec falling back to provided ra/dec
15:03 WARNING : Cannot convert from zenith/azimuth to ra/dec falling back to provided ra/dec
15:03 WARNING : Cannot convert from zenith/azimuth to ra/dec falling back to provided ra/dec
15:03 WARNING : Cannot convert from zenith/azimuth to ra/dec falling back to provided ra/dec
15:03 WARNING : Cannot convert from zenith/azimuth to ra/dec falling back to provided ra/dec
15:03 WARNING : Cannot convert from zenith/azimuth to ra/dec falling back to provided ra/dec
15:03 WARNING : Cannot convert from zenith/azimuth to ra/dec falling back to provided ra/dec
15:03 WARNING : Cannot convert from zenith/azimuth to ra/dec falling back to provided ra/dec
15:03 WARNING : Cannot convert from zenith/azimuth to ra/dec falling back to provided ra/dec
15:03 WARNING : Cannot convert from zenith/azimuth to ra/dec falling back to provided ra/dec
15:03 WARNING : Cannot convert from zenith/azimuth to ra/dec falling back to provided ra/dec
15:03 WARNING : Cannot convert from zenith/azimuth to ra/dec falling back to provided ra/dec
15:03 WARNING : Cannot convert from zenith/azimuth to ra/dec falling back to provided ra/dec
15:03 WARNING : Cannot convert from zenith/azimuth to ra/dec falling back to provided ra/dec
15:03 WARNING : Cannot convert from zenith/azimuth to ra/dec falling back to provided ra/dec
15:03 WARNING : Cannot convert from zenith/azimuth to ra/dec falling back to provided ra/dec
15:03 WARNING : Cannot convert from zenith/azimuth to ra/dec falling back to provided ra/dec
15:03 WARNING : Cannot convert from zenith/azimuth to ra/dec falling back to provided ra/dec
15:03 WARNING : Cannot convert from zenith/azimuth to ra/dec falling back to provided ra/dec
15:03 WARNING : Cannot convert from zenith/azimuth to ra/dec falling back to provided ra/dec
15:03 WARNING : Cannot convert from zenith/azimuth to ra/dec falling back to provided ra/dec
15:03 WARNING : Cannot convert from zenith/azimuth to ra/dec falling back to provided ra/dec
15:03 WARNING : Cannot convert from zenith/azimuth to ra/dec falling back to provided ra/dec
15:03 WARNING : Cannot convert from zenith/azimuth to ra/dec falling back to provided ra/dec
15:03 WARNING : Cannot convert from zenith/azimuth to ra/dec falling back to provided ra/dec
15:03 WARNING : Cannot convert from zenith/azimuth to ra/dec falling back to provided ra/dec
15:03 WARNING : Cannot convert from zenith/azimuth to ra/dec falling back to provided ra/dec
15:03 WARNING : Cannot convert from zenith/azimuth to ra/dec falling back to provided ra/dec
15:03 WARNING : Cannot convert from zenith/azimuth to ra/dec falling back to provided ra/dec
15:03 WARNING : Cannot convert from zenith/azimuth to ra/dec falling back to provided ra/dec
15:03 WARNING : Cannot convert from zenith/azimuth to ra/dec falling back to provided ra/dec
15:03 WARNING : Cannot convert from zenith/azimuth to ra/dec falling back to provided ra/dec
15:03 WARNING : Cannot convert from zenith/azimuth to ra/dec falling back to provided ra/dec
15:03 WARNING : Cannot convert from zenith/azimuth to ra/dec falling back to provided ra/dec
15:03 WARNING : Cannot convert from zenith/azimuth to ra/dec falling back to provided ra/dec
15:03 WARNING : Cannot convert from zenith/azimuth to ra/dec falling back to provided ra/dec
15:03 WARNING : Cannot convert from zenith/azimuth to ra/dec falling back to provided ra/dec
15:03 WARNING : Cannot convert from zenith/azimuth to ra/dec falling back to provided ra/dec
15:03 WARNING : Cannot convert from zenith/azimuth to ra/dec falling back to provided ra/dec
15:03 WARNING : Cannot convert from zenith/azimuth to ra/dec falling back to provided ra/dec
15:03 WARNING : Cannot convert from zenith/azimuth to ra/dec falling back to provided ra/dec
15:03 WARNING : Cannot convert from zenith/azimuth to ra/dec falling back to provided ra/dec
15:03 WARNING : Cannot convert from zenith/azimuth to ra/dec falling back to provided ra/dec
15:03 WARNING : Cannot convert from zenith/azimuth to ra/dec falling back to provided ra/dec
15:03 WARNING : Cannot convert from zenith/azimuth to ra/dec falling back to provided ra/dec
15:03 WARNING : Cannot convert from zenith/azimuth to ra/dec falling back to provided ra/dec
15:03 WARNING : Cannot convert from zenith/azimuth to ra/dec falling back to provided ra/dec
15:03 WARNING : Cannot convert from zenith/azimuth to ra/dec falling back to provided ra/dec
15:03 WARNING : Cannot convert from zenith/azimuth to ra/dec falling back to provided ra/dec
15:03 WARNING : Cannot convert from zenith/azimuth to ra/dec falling back to provided ra/dec
15:03 WARNING : Cannot convert from zenith/azimuth to ra/dec falling back to provided ra/dec
15:03 WARNING : Cannot convert from zenith/azimuth to ra/dec falling back to provided ra/dec
15:03 WARNING : Cannot convert from zenith/azimuth to ra/dec falling back to provided ra/dec
15:03 WARNING : Cannot convert from zenith/azimuth to ra/dec falling back to provided ra/dec
15:03 WARNING : Cannot convert from zenith/azimuth to ra/dec falling back to provided ra/dec
15:03 WARNING : Cannot convert from zenith/azimuth to ra/dec falling back to provided ra/dec
15:03 WARNING : Cannot convert from zenith/azimuth to ra/dec falling back to provided ra/dec
15:03 WARNING : Cannot convert from zenith/azimuth to ra/dec falling back to provided ra/dec
15:03 WARNING : Cannot convert from zenith/azimuth to ra/dec falling back to provided ra/dec
15:03 WARNING : Cannot convert from zenith/azimuth to ra/dec falling back to provided ra/dec
15:03 WARNING : Cannot convert from zenith/azimuth to ra/dec falling back to provided ra/dec
15:03 WARNING : Cannot convert from zenith/azimuth to ra/dec falling back to provided ra/dec
15:03 WARNING : Cannot convert from zenith/azimuth to ra/dec falling back to provided ra/dec
15:03 WARNING : Cannot convert from zenith/azimuth to ra/dec falling back to provided ra/dec
15:03 WARNING : Cannot convert from zenith/azimuth to ra/dec falling back to provided ra/dec
15:03 WARNING : Cannot convert from zenith/azimuth to ra/dec falling back to provided ra/dec
15:03 WARNING : Cannot convert from zenith/azimuth to ra/dec falling back to provided ra/dec
15:03 WARNING : Cannot convert from zenith/azimuth to ra/dec falling back to provided ra/dec
15:03 WARNING : Cannot convert from zenith/azimuth to ra/dec falling back to provided ra/dec
15:03 WARNING : Cannot convert from zenith/azimuth to ra/dec falling back to provided ra/dec
15:03 WARNING : Cannot convert from zenith/azimuth to ra/dec falling back to provided ra/dec
15:03 WARNING : Cannot convert from zenith/azimuth to ra/dec falling back to provided ra/dec
15:03 WARNING : Cannot convert from zenith/azimuth to ra/dec falling back to provided ra/dec
15:03 WARNING : Cannot convert from zenith/azimuth to ra/dec falling back to provided ra/dec
15:03 WARNING : Cannot convert from zenith/azimuth to ra/dec falling back to provided ra/dec
15:03 WARNING : Cannot convert from zenith/azimuth to ra/dec falling back to provided ra/dec
15:03 WARNING : Cannot convert from zenith/azimuth to ra/dec falling back to provided ra/dec
15:03 WARNING : Cannot convert from zenith/azimuth to ra/dec falling back to provided ra/dec
15:03 WARNING : Cannot convert from zenith/azimuth to ra/dec falling back to provided ra/dec
15:03 WARNING : Cannot convert from zenith/azimuth to ra/dec falling back to provided ra/dec
15:03 WARNING : Cannot convert from zenith/azimuth to ra/dec falling back to provided ra/dec
15:03 WARNING : Cannot convert from zenith/azimuth to ra/dec falling back to provided ra/dec
15:03 WARNING : Cannot convert from zenith/azimuth to ra/dec falling back to provided ra/dec
15:03 WARNING : Cannot convert from zenith/azimuth to ra/dec falling back to provided ra/dec
15:03 WARNING : Cannot convert from zenith/azimuth to ra/dec falling back to provided ra/dec
15:03 WARNING : Cannot convert from zenith/azimuth to ra/dec falling back to provided ra/dec
15:03 WARNING : Cannot convert from zenith/azimuth to ra/dec falling back to provided ra/dec
15:03 WARNING : Cannot convert from zenith/azimuth to ra/dec falling back to provided ra/dec
15:03 WARNING : Cannot convert from zenith/azimuth to ra/dec falling back to provided ra/dec
15:03 WARNING : Cannot convert from zenith/azimuth to ra/dec falling back to provided ra/dec
15:03 WARNING : Cannot convert from zenith/azimuth to ra/dec falling back to provided ra/dec
15:03 WARNING : Cannot convert from zenith/azimuth to ra/dec falling back to provided ra/dec
15:03 WARNING : Cannot convert from zenith/azimuth to ra/dec falling back to provided ra/dec
15:03 WARNING : Cannot convert from zenith/azimuth to ra/dec falling back to provided ra/dec
15:03 WARNING : Cannot convert from zenith/azimuth to ra/dec falling back to provided ra/dec
15:03 WARNING : Cannot convert from zenith/azimuth to ra/dec falling back to provided ra/dec
15:03 WARNING : Cannot convert from zenith/azimuth to ra/dec falling back to provided ra/dec
15:03 WARNING : Cannot convert from zenith/azimuth to ra/dec falling back to provided ra/dec
15:03 WARNING : Cannot convert from zenith/azimuth to ra/dec falling back to provided ra/dec
15:03 WARNING : Cannot convert from zenith/azimuth to ra/dec falling back to provided ra/dec
15:03 WARNING : Cannot convert from zenith/azimuth to ra/dec falling back to provided ra/dec
15:03 WARNING : Cannot convert from zenith/azimuth to ra/dec falling back to provided ra/dec
15:03 WARNING : Cannot convert from zenith/azimuth to ra/dec falling back to provided ra/dec
15:03 WARNING : Cannot convert from zenith/azimuth to ra/dec falling back to provided ra/dec
15:03 WARNING : Cannot convert from zenith/azimuth to ra/dec falling back to provided ra/dec
15:03 WARNING : Cannot convert from zenith/azimuth to ra/dec falling back to provided ra/dec
15:03 WARNING : Cannot convert from zenith/azimuth to ra/dec falling back to provided ra/dec
15:03 WARNING : Cannot convert from zenith/azimuth to ra/dec falling back to provided ra/dec
15:03 WARNING : Cannot convert from zenith/azimuth to ra/dec falling back to provided ra/dec
15:03 WARNING : Cannot convert from zenith/azimuth to ra/dec falling back to provided ra/dec
15:03 WARNING : Cannot convert from zenith/azimuth to ra/dec falling back to provided ra/dec
15:03 WARNING : Cannot convert from zenith/azimuth to ra/dec falling back to provided ra/dec
15:03 WARNING : Cannot convert from zenith/azimuth to ra/dec falling back to provided ra/dec
15:03 WARNING : Cannot convert from zenith/azimuth to ra/dec falling back to provided ra/dec
15:03 WARNING : Cannot convert from zenith/azimuth to ra/dec falling back to provided ra/dec
15:03 WARNING : Cannot convert from zenith/azimuth to ra/dec falling back to provided ra/dec
15:03 WARNING : Cannot convert from zenith/azimuth to ra/dec falling back to provided ra/dec
15:03 WARNING : Cannot convert from zenith/azimuth to ra/dec falling back to provided ra/dec
15:03 WARNING : Cannot convert from zenith/azimuth to ra/dec falling back to provided ra/dec
15:03 WARNING : Cannot convert from zenith/azimuth to ra/dec falling back to provided ra/dec
15:03 WARNING : Cannot convert from zenith/azimuth to ra/dec falling back to provided ra/dec
15:03 WARNING : Cannot convert from zenith/azimuth to ra/dec falling back to provided ra/dec
15:03 WARNING : Cannot convert from zenith/azimuth to ra/dec falling back to provided ra/dec
15:03 WARNING : Cannot convert from zenith/azimuth to ra/dec falling back to provided ra/dec
15:03 WARNING : Cannot convert from zenith/azimuth to ra/dec falling back to provided ra/dec
15:03 WARNING : Cannot convert from zenith/azimuth to ra/dec falling back to provided ra/dec
15:03 WARNING : Cannot convert from zenith/azimuth to ra/dec falling back to provided ra/dec
15:03 WARNING : Cannot convert from zenith/azimuth to ra/dec falling back to provided ra/dec
15:03 WARNING : Cannot convert from zenith/azimuth to ra/dec falling back to provided ra/dec
15:03 WARNING : Cannot convert from zenith/azimuth to ra/dec falling back to provided ra/dec
15:03 WARNING : Cannot convert from zenith/azimuth to ra/dec falling back to provided ra/dec
15:03 WARNING : Cannot convert from zenith/azimuth to ra/dec falling back to provided ra/dec
15:03 WARNING : Cannot convert from zenith/azimuth to ra/dec falling back to provided ra/dec
15:03 WARNING : Cannot convert from zenith/azimuth to ra/dec falling back to provided ra/dec
15:03 WARNING : Cannot convert from zenith/azimuth to ra/dec falling back to provided ra/dec
15:03 WARNING : Cannot convert from zenith/azimuth to ra/dec falling back to provided ra/dec
15:03 WARNING : Cannot convert from zenith/azimuth to ra/dec falling back to provided ra/dec
15:03 WARNING : Cannot convert from zenith/azimuth to ra/dec falling back to provided ra/dec
15:03 WARNING : Cannot convert from zenith/azimuth to ra/dec falling back to provided ra/dec
15:03 WARNING : Cannot convert from zenith/azimuth to ra/dec falling back to provided ra/dec
15:03 WARNING : Cannot convert from zenith/azimuth to ra/dec falling back to provided ra/dec
15:03 WARNING : Cannot convert from zenith/azimuth to ra/dec falling back to provided ra/dec
15:03 WARNING : Cannot convert from zenith/azimuth to ra/dec falling back to provided ra/dec
15:03 WARNING : Cannot convert from zenith/azimuth to ra/dec falling back to provided ra/dec
15:03 WARNING : Cannot convert from zenith/azimuth to ra/dec falling back to provided ra/dec
15:03 WARNING : Cannot convert from zenith/azimuth to ra/dec falling back to provided ra/dec
15:03 WARNING : Cannot convert from zenith/azimuth to ra/dec falling back to provided ra/dec
15:03 WARNING : Cannot convert from zenith/azimuth to ra/dec falling back to provided ra/dec
15:03 WARNING : Cannot convert from zenith/azimuth to ra/dec falling back to provided ra/dec
15:03 WARNING : Cannot convert from zenith/azimuth to ra/dec falling back to provided ra/dec
15:03 WARNING : Cannot convert from zenith/azimuth to ra/dec falling back to provided ra/dec
15:03 WARNING : Cannot convert from zenith/azimuth to ra/dec falling back to provided ra/dec
15:03 WARNING : Cannot convert from zenith/azimuth to ra/dec falling back to provided ra/dec
15:03 WARNING : Cannot convert from zenith/azimuth to ra/dec falling back to provided ra/dec
15:03 WARNING : Cannot convert from zenith/azimuth to ra/dec falling back to provided ra/dec
15:03 WARNING : Cannot convert from zenith/azimuth to ra/dec falling back to provided ra/dec
15:03 WARNING : Cannot convert from zenith/azimuth to ra/dec falling back to provided ra/dec
15:03 WARNING : Cannot convert from zenith/azimuth to ra/dec falling back to provided ra/dec
15:03 WARNING : Cannot convert from zenith/azimuth to ra/dec falling back to provided ra/dec
15:03 WARNING : Cannot convert from zenith/azimuth to ra/dec falling back to provided ra/dec
15:03 WARNING : Cannot convert from zenith/azimuth to ra/dec falling back to provided ra/dec
15:03 WARNING : Cannot convert from zenith/azimuth to ra/dec falling back to provided ra/dec
15:03 WARNING : Cannot convert from zenith/azimuth to ra/dec falling back to provided ra/dec
15:03 WARNING : Cannot convert from zenith/azimuth to ra/dec falling back to provided ra/dec
15:03 WARNING : Cannot convert from zenith/azimuth to ra/dec falling back to provided ra/dec
15:03 WARNING : Cannot convert from zenith/azimuth to ra/dec falling back to provided ra/dec
15:03 WARNING : Cannot convert from zenith/azimuth to ra/dec falling back to provided ra/dec
15:03 WARNING : Cannot convert from zenith/azimuth to ra/dec falling back to provided ra/dec
15:03 WARNING : Cannot convert from zenith/azimuth to ra/dec falling back to provided ra/dec
15:03 WARNING : Cannot convert from zenith/azimuth to ra/dec falling back to provided ra/dec
15:03 WARNING : Cannot convert from zenith/azimuth to ra/dec falling back to provided ra/dec
15:03 WARNING : Cannot convert from zenith/azimuth to ra/dec falling back to provided ra/dec
15:03 WARNING : Cannot convert from zenith/azimuth to ra/dec falling back to provided ra/dec
15:03 WARNING : Cannot convert from zenith/azimuth to ra/dec falling back to provided ra/dec
15:03 WARNING : Cannot convert from zenith/azimuth to ra/dec falling back to provided ra/dec
15:03 WARNING : Cannot convert from zenith/azimuth to ra/dec falling back to provided ra/dec
15:03 WARNING : Cannot convert from zenith/azimuth to ra/dec falling back to provided ra/dec
15:03 WARNING : Cannot convert from zenith/azimuth to ra/dec falling back to provided ra/dec
15:03 WARNING : Cannot convert from zenith/azimuth to ra/dec falling back to provided ra/dec
15:03 WARNING : Cannot convert from zenith/azimuth to ra/dec falling back to provided ra/dec
15:03 WARNING : Cannot convert from zenith/azimuth to ra/dec falling back to provided ra/dec
15:03 WARNING : Cannot convert from zenith/azimuth to ra/dec falling back to provided ra/dec
15:03 WARNING : Cannot convert from zenith/azimuth to ra/dec falling back to provided ra/dec
15:03 WARNING : Cannot convert from zenith/azimuth to ra/dec falling back to provided ra/dec
15:03 WARNING : Cannot convert from zenith/azimuth to ra/dec falling back to provided ra/dec
15:03 WARNING : Cannot convert from zenith/azimuth to ra/dec falling back to provided ra/dec
15:03 WARNING : Cannot convert from zenith/azimuth to ra/dec falling back to provided ra/dec
15:03 WARNING : Cannot convert from zenith/azimuth to ra/dec falling back to provided ra/dec
15:03 WARNING : Cannot convert from zenith/azimuth to ra/dec falling back to provided ra/dec
15:03 WARNING : Cannot convert from zenith/azimuth to ra/dec falling back to provided ra/dec
15:03 WARNING : Cannot convert from zenith/azimuth to ra/dec falling back to provided ra/dec
15:03 WARNING : Cannot convert from zenith/azimuth to ra/dec falling back to provided ra/dec
15:03 WARNING : Cannot convert from zenith/azimuth to ra/dec falling back to provided ra/dec
15:03 WARNING : Cannot convert from zenith/azimuth to ra/dec falling back to provided ra/dec
15:03 WARNING : Cannot convert from zenith/azimuth to ra/dec falling back to provided ra/dec
15:03 WARNING : Cannot convert from zenith/azimuth to ra/dec falling back to provided ra/dec
15:03 WARNING : Cannot convert from zenith/azimuth to ra/dec falling back to provided ra/dec
15:03 WARNING : Cannot convert from zenith/azimuth to ra/dec falling back to provided ra/dec
15:03 WARNING : Cannot convert from zenith/azimuth to ra/dec falling back to provided ra/dec
15:03 WARNING : Cannot convert from zenith/azimuth to ra/dec falling back to provided ra/dec
15:03 WARNING : Cannot convert from zenith/azimuth to ra/dec falling back to provided ra/dec
15:03 WARNING : Cannot convert from zenith/azimuth to ra/dec falling back to provided ra/dec
15:03 WARNING : Cannot convert from zenith/azimuth to ra/dec falling back to provided ra/dec
15:03 WARNING : Cannot convert from zenith/azimuth to ra/dec falling back to provided ra/dec
15:03 WARNING : Cannot convert from zenith/azimuth to ra/dec falling back to provided ra/dec
15:03 WARNING : Cannot convert from zenith/azimuth to ra/dec falling back to provided ra/dec
15:03 WARNING : Cannot convert from zenith/azimuth to ra/dec falling back to provided ra/dec
15:03 WARNING : Cannot convert from zenith/azimuth to ra/dec falling back to provided ra/dec
15:03 WARNING : Cannot convert from zenith/azimuth to ra/dec falling back to provided ra/dec
15:03 WARNING : Cannot convert from zenith/azimuth to ra/dec falling back to provided ra/dec
15:03 WARNING : Cannot convert from zenith/azimuth to ra/dec falling back to provided ra/dec
15:03 WARNING : Cannot convert from zenith/azimuth to ra/dec falling back to provided ra/dec
15:03 WARNING : Cannot convert from zenith/azimuth to ra/dec falling back to provided ra/dec
15:03 WARNING : Cannot convert from zenith/azimuth to ra/dec falling back to provided ra/dec
15:03 WARNING : Cannot convert from zenith/azimuth to ra/dec falling back to provided ra/dec
15:03 WARNING : Cannot convert from zenith/azimuth to ra/dec falling back to provided ra/dec
15:03 WARNING : Cannot convert from zenith/azimuth to ra/dec falling back to provided ra/dec
15:03 WARNING : Cannot convert from zenith/azimuth to ra/dec falling back to provided ra/dec
15:03 WARNING : Cannot convert from zenith/azimuth to ra/dec falling back to provided ra/dec
15:03 WARNING : Cannot convert from zenith/azimuth to ra/dec falling back to provided ra/dec
15:03 WARNING : Cannot convert from zenith/azimuth to ra/dec falling back to provided ra/dec
15:03 WARNING : Cannot convert from zenith/azimuth to ra/dec falling back to provided ra/dec
15:03 WARNING : Cannot convert from zenith/azimuth to ra/dec falling back to provided ra/dec
15:03 WARNING : Cannot convert from zenith/azimuth to ra/dec falling back to provided ra/dec
15:03 WARNING : Cannot convert from zenith/azimuth to ra/dec falling back to provided ra/dec
15:03 WARNING : Cannot convert from zenith/azimuth to ra/dec falling back to provided ra/dec
15:03 WARNING : Cannot convert from zenith/azimuth to ra/dec falling back to provided ra/dec
15:03 WARNING : Cannot convert from zenith/azimuth to ra/dec falling back to provided ra/dec
15:03 WARNING : Cannot convert from zenith/azimuth to ra/dec falling back to provided ra/dec
15:03 WARNING : Cannot convert from zenith/azimuth to ra/dec falling back to provided ra/dec
15:03 WARNING : Cannot convert from zenith/azimuth to ra/dec falling back to provided ra/dec
15:03 WARNING : Cannot convert from zenith/azimuth to ra/dec falling back to provided ra/dec
15:03 WARNING : Cannot convert from zenith/azimuth to ra/dec falling back to provided ra/dec
15:03 WARNING : Cannot convert from zenith/azimuth to ra/dec falling back to provided ra/dec
15:03 WARNING : Cannot convert from zenith/azimuth to ra/dec falling back to provided ra/dec
15:03 WARNING : Cannot convert from zenith/azimuth to ra/dec falling back to provided ra/dec
15:03 WARNING : Cannot convert from zenith/azimuth to ra/dec falling back to provided ra/dec
15:03 WARNING : Cannot convert from zenith/azimuth to ra/dec falling back to provided ra/dec
15:03 WARNING : Cannot convert from zenith/azimuth to ra/dec falling back to provided ra/dec
15:03 WARNING : Cannot convert from zenith/azimuth to ra/dec falling back to provided ra/dec
15:03 WARNING : Cannot convert from zenith/azimuth to ra/dec falling back to provided ra/dec
15:03 WARNING : Cannot convert from zenith/azimuth to ra/dec falling back to provided ra/dec
15:03 WARNING : Cannot convert from zenith/azimuth to ra/dec falling back to provided ra/dec
15:03 WARNING : Cannot convert from zenith/azimuth to ra/dec falling back to provided ra/dec
15:03 WARNING : Cannot convert from zenith/azimuth to ra/dec falling back to provided ra/dec
15:03 WARNING : Cannot convert from zenith/azimuth to ra/dec falling back to provided ra/dec
15:03 WARNING : Cannot convert from zenith/azimuth to ra/dec falling back to provided ra/dec
15:03 WARNING : Cannot convert from zenith/azimuth to ra/dec falling back to provided ra/dec
15:03 WARNING : Cannot convert from zenith/azimuth to ra/dec falling back to provided ra/dec
15:03 WARNING : Cannot convert from zenith/azimuth to ra/dec falling back to provided ra/dec
15:03 WARNING : Cannot convert from zenith/azimuth to ra/dec falling back to provided ra/dec
15:03 WARNING : Cannot convert from zenith/azimuth to ra/dec falling back to provided ra/dec
15:03 WARNING : Cannot convert from zenith/azimuth to ra/dec falling back to provided ra/dec
15:03 WARNING : Cannot convert from zenith/azimuth to ra/dec falling back to provided ra/dec
15:03 WARNING : Cannot convert from zenith/azimuth to ra/dec falling back to provided ra/dec
15:03 WARNING : Cannot convert from zenith/azimuth to ra/dec falling back to provided ra/dec
15:03 WARNING : Cannot convert from zenith/azimuth to ra/dec falling back to provided ra/dec
15:03 WARNING : Cannot convert from zenith/azimuth to ra/dec falling back to provided ra/dec
15:03 WARNING : Cannot convert from zenith/azimuth to ra/dec falling back to provided ra/dec
15:03 WARNING : Cannot convert from zenith/azimuth to ra/dec falling back to provided ra/dec
15:03 WARNING : Cannot convert from zenith/azimuth to ra/dec falling back to provided ra/dec
15:03 WARNING : Cannot convert from zenith/azimuth to ra/dec falling back to provided ra/dec
15:03 WARNING : Cannot convert from zenith/azimuth to ra/dec falling back to provided ra/dec
15:03 WARNING : Cannot convert from zenith/azimuth to ra/dec falling back to provided ra/dec
15:03 WARNING : Cannot convert from zenith/azimuth to ra/dec falling back to provided ra/dec
15:03 WARNING : Cannot convert from zenith/azimuth to ra/dec falling back to provided ra/dec
15:03 WARNING : Cannot convert from zenith/azimuth to ra/dec falling back to provided ra/dec
15:03 WARNING : Cannot convert from zenith/azimuth to ra/dec falling back to provided ra/dec
15:03 WARNING : Cannot convert from zenith/azimuth to ra/dec falling back to provided ra/dec
15:03 WARNING : Cannot convert from zenith/azimuth to ra/dec falling back to provided ra/dec
15:03 WARNING : Cannot convert from zenith/azimuth to ra/dec falling back to provided ra/dec
15:03 WARNING : Cannot convert from zenith/azimuth to ra/dec falling back to provided ra/dec
15:03 WARNING : Cannot convert from zenith/azimuth to ra/dec falling back to provided ra/dec
15:03 WARNING : Cannot convert from zenith/azimuth to ra/dec falling back to provided ra/dec
15:03 WARNING : Cannot convert from zenith/azimuth to ra/dec falling back to provided ra/dec
15:03 WARNING : Cannot convert from zenith/azimuth to ra/dec falling back to provided ra/dec
15:03 WARNING : Cannot convert from zenith/azimuth to ra/dec falling back to provided ra/dec
15:03 WARNING : Cannot convert from zenith/azimuth to ra/dec falling back to provided ra/dec
15:03 WARNING : Cannot convert from zenith/azimuth to ra/dec falling back to provided ra/dec
15:03 WARNING : Cannot convert from zenith/azimuth to ra/dec falling back to provided ra/dec
15:03 WARNING : Cannot convert from zenith/azimuth to ra/dec falling back to provided ra/dec
15:03 WARNING : Cannot convert from zenith/azimuth to ra/dec falling back to provided ra/dec
15:03 WARNING : Cannot convert from zenith/azimuth to ra/dec falling back to provided ra/dec
15:03 WARNING : Cannot convert from zenith/azimuth to ra/dec falling back to provided ra/dec
15:03 WARNING : Cannot convert from zenith/azimuth to ra/dec falling back to provided ra/dec
15:03 WARNING : Cannot convert from zenith/azimuth to ra/dec falling back to provided ra/dec
15:03 WARNING : Cannot convert from zenith/azimuth to ra/dec falling back to provided ra/dec
15:03 WARNING : Cannot convert from zenith/azimuth to ra/dec falling back to provided ra/dec
15:03 WARNING : Cannot convert from zenith/azimuth to ra/dec falling back to provided ra/dec
15:03 WARNING : Cannot convert from zenith/azimuth to ra/dec falling back to provided ra/dec
15:03 WARNING : Cannot convert from zenith/azimuth to ra/dec falling back to provided ra/dec
15:03 WARNING : Cannot convert from zenith/azimuth to ra/dec falling back to provided ra/dec
15:03 WARNING : Cannot convert from zenith/azimuth to ra/dec falling back to provided ra/dec
15:03 WARNING : Cannot convert from zenith/azimuth to ra/dec falling back to provided ra/dec
15:03 WARNING : Cannot convert from zenith/azimuth to ra/dec falling back to provided ra/dec
15:03 WARNING : Cannot convert from zenith/azimuth to ra/dec falling back to provided ra/dec
15:03 WARNING : Cannot convert from zenith/azimuth to ra/dec falling back to provided ra/dec
15:03 WARNING : Cannot convert from zenith/azimuth to ra/dec falling back to provided ra/dec
15:03 WARNING : Cannot convert from zenith/azimuth to ra/dec falling back to provided ra/dec
15:03 WARNING : Cannot convert from zenith/azimuth to ra/dec falling back to provided ra/dec
15:03 WARNING : Cannot convert from zenith/azimuth to ra/dec falling back to provided ra/dec
15:03 WARNING : Cannot convert from zenith/azimuth to ra/dec falling back to provided ra/dec
15:03 WARNING : Cannot convert from zenith/azimuth to ra/dec falling back to provided ra/dec
15:03 WARNING : Cannot convert from zenith/azimuth to ra/dec falling back to provided ra/dec
15:03 WARNING : Cannot convert from zenith/azimuth to ra/dec falling back to provided ra/dec
15:03 WARNING : Cannot convert from zenith/azimuth to ra/dec falling back to provided ra/dec
15:03 WARNING : Cannot convert from zenith/azimuth to ra/dec falling back to provided ra/dec
15:03 WARNING : Cannot convert from zenith/azimuth to ra/dec falling back to provided ra/dec
15:03 WARNING : Cannot convert from zenith/azimuth to ra/dec falling back to provided ra/dec
15:03 WARNING : Cannot convert from zenith/azimuth to ra/dec falling back to provided ra/dec
15:03 WARNING : Cannot convert from zenith/azimuth to ra/dec falling back to provided ra/dec
15:03 WARNING : Cannot convert from zenith/azimuth to ra/dec falling back to provided ra/dec
15:03 WARNING : Cannot convert from zenith/azimuth to ra/dec falling back to provided ra/dec
15:03 WARNING : Cannot convert from zenith/azimuth to ra/dec falling back to provided ra/dec
15:03 WARNING : Cannot convert from zenith/azimuth to ra/dec falling back to provided ra/dec
15:03 WARNING : Cannot convert from zenith/azimuth to ra/dec falling back to provided ra/dec
15:03 WARNING : Cannot convert from zenith/azimuth to ra/dec falling back to provided ra/dec
15:03 WARNING : Cannot convert from zenith/azimuth to ra/dec falling back to provided ra/dec
15:03 WARNING : Cannot convert from zenith/azimuth to ra/dec falling back to provided ra/dec
15:03 WARNING : Cannot convert from zenith/azimuth to ra/dec falling back to provided ra/dec
15:03 WARNING : Cannot convert from zenith/azimuth to ra/dec falling back to provided ra/dec
15:03 WARNING : Cannot convert from zenith/azimuth to ra/dec falling back to provided ra/dec
15:03 WARNING : Cannot convert from zenith/azimuth to ra/dec falling back to provided ra/dec
15:03 WARNING : Cannot convert from zenith/azimuth to ra/dec falling back to provided ra/dec
15:03 WARNING : Cannot convert from zenith/azimuth to ra/dec falling back to provided ra/dec
15:03 WARNING : Cannot convert from zenith/azimuth to ra/dec falling back to provided ra/dec
15:03 WARNING : Cannot convert from zenith/azimuth to ra/dec falling back to provided ra/dec
15:03 WARNING : Cannot convert from zenith/azimuth to ra/dec falling back to provided ra/dec
15:03 WARNING : Cannot convert from zenith/azimuth to ra/dec falling back to provided ra/dec
15:03 WARNING : Cannot convert from zenith/azimuth to ra/dec falling back to provided ra/dec
15:03 WARNING : Cannot convert from zenith/azimuth to ra/dec falling back to provided ra/dec
15:03 WARNING : Cannot convert from zenith/azimuth to ra/dec falling back to provided ra/dec
15:03 WARNING : Cannot convert from zenith/azimuth to ra/dec falling back to provided ra/dec
15:03 WARNING : Cannot convert from zenith/azimuth to ra/dec falling back to provided ra/dec
15:03 WARNING : Cannot convert from zenith/azimuth to ra/dec falling back to provided ra/dec
15:03 WARNING : Cannot convert from zenith/azimuth to ra/dec falling back to provided ra/dec
15:03 WARNING : Cannot convert from zenith/azimuth to ra/dec falling back to provided ra/dec
15:03 WARNING : Cannot convert from zenith/azimuth to ra/dec falling back to provided ra/dec
15:03 WARNING : Cannot convert from zenith/azimuth to ra/dec falling back to provided ra/dec
15:03 WARNING : Cannot convert from zenith/azimuth to ra/dec falling back to provided ra/dec
15:03 WARNING : Cannot convert from zenith/azimuth to ra/dec falling back to provided ra/dec
15:03 WARNING : Cannot convert from zenith/azimuth to ra/dec falling back to provided ra/dec
15:03 WARNING : Cannot convert from zenith/azimuth to ra/dec falling back to provided ra/dec
15:03 WARNING : Cannot convert from zenith/azimuth to ra/dec falling back to provided ra/dec
15:03 WARNING : Cannot convert from zenith/azimuth to ra/dec falling back to provided ra/dec
15:03 WARNING : Cannot convert from zenith/azimuth to ra/dec falling back to provided ra/dec
15:03 WARNING : Cannot convert from zenith/azimuth to ra/dec falling back to provided ra/dec
15:03 WARNING : Cannot convert from zenith/azimuth to ra/dec falling back to provided ra/dec
15:03 WARNING : Cannot convert from zenith/azimuth to ra/dec falling back to provided ra/dec
15:03 WARNING : Cannot convert from zenith/azimuth to ra/dec falling back to provided ra/dec
15:03 WARNING : Cannot convert from zenith/azimuth to ra/dec falling back to provided ra/dec
15:03 WARNING : Cannot convert from zenith/azimuth to ra/dec falling back to provided ra/dec
15:03 WARNING : Cannot convert from zenith/azimuth to ra/dec falling back to provided ra/dec
15:03 WARNING : Cannot convert from zenith/azimuth to ra/dec falling back to provided ra/dec
15:03 WARNING : Cannot convert from zenith/azimuth to ra/dec falling back to provided ra/dec
15:03 WARNING : Cannot convert from zenith/azimuth to ra/dec falling back to provided ra/dec
15:03 WARNING : Cannot convert from zenith/azimuth to ra/dec falling back to provided ra/dec
15:03 WARNING : Cannot convert from zenith/azimuth to ra/dec falling back to provided ra/dec
15:03 WARNING : Cannot convert from zenith/azimuth to ra/dec falling back to provided ra/dec
15:03 WARNING : Cannot convert from zenith/azimuth to ra/dec falling back to provided ra/dec
15:03 WARNING : Cannot convert from zenith/azimuth to ra/dec falling back to provided ra/dec
15:03 WARNING : Cannot convert from zenith/azimuth to ra/dec falling back to provided ra/dec
15:03 WARNING : Cannot convert from zenith/azimuth to ra/dec falling back to provided ra/dec
15:03 WARNING : Cannot convert from zenith/azimuth to ra/dec falling back to provided ra/dec
15:03 WARNING : Cannot convert from zenith/azimuth to ra/dec falling back to provided ra/dec
15:03 WARNING : Cannot convert from zenith/azimuth to ra/dec falling back to provided ra/dec
15:03 WARNING : Cannot convert from zenith/azimuth to ra/dec falling back to provided ra/dec
15:03 WARNING : Cannot convert from zenith/azimuth to ra/dec falling back to provided ra/dec
15:03 WARNING : Cannot convert from zenith/azimuth to ra/dec falling back to provided ra/dec
15:03 WARNING : Cannot convert from zenith/azimuth to ra/dec falling back to provided ra/dec
15:03 WARNING : Cannot convert from zenith/azimuth to ra/dec falling back to provided ra/dec
15:03 WARNING : Cannot convert from zenith/azimuth to ra/dec falling back to provided ra/dec
15:03 WARNING : Cannot convert from zenith/azimuth to ra/dec falling back to provided ra/dec
15:03 WARNING : Cannot convert from zenith/azimuth to ra/dec falling back to provided ra/dec
15:03 WARNING : Cannot convert from zenith/azimuth to ra/dec falling back to provided ra/dec
15:03 WARNING : Cannot convert from zenith/azimuth to ra/dec falling back to provided ra/dec
15:03 WARNING : Cannot convert from zenith/azimuth to ra/dec falling back to provided ra/dec
15:03 WARNING : Cannot convert from zenith/azimuth to ra/dec falling back to provided ra/dec
15:03 WARNING : Cannot convert from zenith/azimuth to ra/dec falling back to provided ra/dec
15:03 WARNING : Cannot convert from zenith/azimuth to ra/dec falling back to provided ra/dec
15:03 WARNING : Cannot convert from zenith/azimuth to ra/dec falling back to provided ra/dec
15:03 WARNING : Cannot convert from zenith/azimuth to ra/dec falling back to provided ra/dec
15:03 WARNING : Cannot convert from zenith/azimuth to ra/dec falling back to provided ra/dec
15:03 WARNING : Cannot convert from zenith/azimuth to ra/dec falling back to provided ra/dec
15:03 WARNING : Cannot convert from zenith/azimuth to ra/dec falling back to provided ra/dec
15:03 WARNING : Cannot convert from zenith/azimuth to ra/dec falling back to provided ra/dec
15:03 WARNING : Cannot convert from zenith/azimuth to ra/dec falling back to provided ra/dec
15:03 WARNING : Cannot convert from zenith/azimuth to ra/dec falling back to provided ra/dec
15:03 WARNING : Cannot convert from zenith/azimuth to ra/dec falling back to provided ra/dec
15:03 WARNING : Cannot convert from zenith/azimuth to ra/dec falling back to provided ra/dec
15:03 WARNING : Cannot convert from zenith/azimuth to ra/dec falling back to provided ra/dec
15:03 WARNING : Cannot convert from zenith/azimuth to ra/dec falling back to provided ra/dec
15:03 WARNING : Cannot convert from zenith/azimuth to ra/dec falling back to provided ra/dec
15:03 WARNING : Cannot convert from zenith/azimuth to ra/dec falling back to provided ra/dec
15:03 WARNING : Cannot convert from zenith/azimuth to ra/dec falling back to provided ra/dec
15:03 WARNING : Cannot convert from zenith/azimuth to ra/dec falling back to provided ra/dec
15:03 WARNING : Cannot convert from zenith/azimuth to ra/dec falling back to provided ra/dec
15:03 WARNING : Cannot convert from zenith/azimuth to ra/dec falling back to provided ra/dec
15:03 WARNING : Cannot convert from zenith/azimuth to ra/dec falling back to provided ra/dec
15:03 WARNING : Cannot convert from zenith/azimuth to ra/dec falling back to provided ra/dec
15:03 WARNING : Cannot convert from zenith/azimuth to ra/dec falling back to provided ra/dec
15:03 WARNING : Cannot convert from zenith/azimuth to ra/dec falling back to provided ra/dec
15:03 WARNING : Cannot convert from zenith/azimuth to ra/dec falling back to provided ra/dec
15:03 WARNING : Cannot convert from zenith/azimuth to ra/dec falling back to provided ra/dec
15:03 WARNING : Cannot convert from zenith/azimuth to ra/dec falling back to provided ra/dec
15:03 WARNING : Cannot convert from zenith/azimuth to ra/dec falling back to provided ra/dec
15:03 WARNING : Cannot convert from zenith/azimuth to ra/dec falling back to provided ra/dec
15:03 WARNING : Cannot convert from zenith/azimuth to ra/dec falling back to provided ra/dec
15:03 WARNING : Cannot convert from zenith/azimuth to ra/dec falling back to provided ra/dec
15:03 WARNING : Cannot convert from zenith/azimuth to ra/dec falling back to provided ra/dec
15:03 WARNING : Cannot convert from zenith/azimuth to ra/dec falling back to provided ra/dec
15:03 WARNING : Cannot convert from zenith/azimuth to ra/dec falling back to provided ra/dec
15:03 WARNING : Cannot convert from zenith/azimuth to ra/dec falling back to provided ra/dec
15:03 WARNING : Cannot convert from zenith/azimuth to ra/dec falling back to provided ra/dec
15:03 WARNING : Cannot convert from zenith/azimuth to ra/dec falling back to provided ra/dec
15:03 WARNING : Cannot convert from zenith/azimuth to ra/dec falling back to provided ra/dec
15:03 WARNING : Cannot convert from zenith/azimuth to ra/dec falling back to provided ra/dec
15:03 WARNING : Cannot convert from zenith/azimuth to ra/dec falling back to provided ra/dec
15:03 WARNING : Cannot convert from zenith/azimuth to ra/dec falling back to provided ra/dec
15:03 WARNING : Cannot convert from zenith/azimuth to ra/dec falling back to provided ra/dec
15:03 WARNING : Cannot convert from zenith/azimuth to ra/dec falling back to provided ra/dec
15:03 WARNING : Cannot convert from zenith/azimuth to ra/dec falling back to provided ra/dec
15:03 WARNING : Cannot convert from zenith/azimuth to ra/dec falling back to provided ra/dec
15:03 WARNING : Cannot convert from zenith/azimuth to ra/dec falling back to provided ra/dec
15:03 WARNING : Cannot convert from zenith/azimuth to ra/dec falling back to provided ra/dec
15:03 WARNING : Cannot convert from zenith/azimuth to ra/dec falling back to provided ra/dec
15:03 WARNING : Cannot convert from zenith/azimuth to ra/dec falling back to provided ra/dec
15:03 WARNING : Cannot convert from zenith/azimuth to ra/dec falling back to provided ra/dec
15:03 WARNING : Cannot convert from zenith/azimuth to ra/dec falling back to provided ra/dec
15:03 WARNING : Cannot convert from zenith/azimuth to ra/dec falling back to provided ra/dec
15:03 WARNING : Cannot convert from zenith/azimuth to ra/dec falling back to provided ra/dec
15:03 WARNING : Cannot convert from zenith/azimuth to ra/dec falling back to provided ra/dec
15:03 WARNING : Cannot convert from zenith/azimuth to ra/dec falling back to provided ra/dec
15:03 WARNING : Cannot convert from zenith/azimuth to ra/dec falling back to provided ra/dec
15:03 WARNING : Cannot convert from zenith/azimuth to ra/dec falling back to provided ra/dec
15:03 WARNING : Cannot convert from zenith/azimuth to ra/dec falling back to provided ra/dec
15:03 WARNING : Cannot convert from zenith/azimuth to ra/dec falling back to provided ra/dec
15:03 WARNING : Cannot convert from zenith/azimuth to ra/dec falling back to provided ra/dec
15:03 WARNING : Cannot convert from zenith/azimuth to ra/dec falling back to provided ra/dec
15:03 WARNING : Cannot convert from zenith/azimuth to ra/dec falling back to provided ra/dec
15:03 WARNING : Cannot convert from zenith/azimuth to ra/dec falling back to provided ra/dec
15:03 WARNING : Cannot convert from zenith/azimuth to ra/dec falling back to provided ra/dec
15:03 WARNING : Cannot convert from zenith/azimuth to ra/dec falling back to provided ra/dec
15:03 WARNING : Cannot convert from zenith/azimuth to ra/dec falling back to provided ra/dec
15:03 WARNING : Cannot convert from zenith/azimuth to ra/dec falling back to provided ra/dec
15:03 WARNING : Cannot convert from zenith/azimuth to ra/dec falling back to provided ra/dec
15:03 WARNING : Cannot convert from zenith/azimuth to ra/dec falling back to provided ra/dec
15:03 WARNING : Cannot convert from zenith/azimuth to ra/dec falling back to provided ra/dec
15:03 WARNING : Cannot convert from zenith/azimuth to ra/dec falling back to provided ra/dec
15:03 WARNING : Cannot convert from zenith/azimuth to ra/dec falling back to provided ra/dec
15:03 WARNING : Cannot convert from zenith/azimuth to ra/dec falling back to provided ra/dec
15:03 WARNING : Cannot convert from zenith/azimuth to ra/dec falling back to provided ra/dec
15:03 WARNING : Cannot convert from zenith/azimuth to ra/dec falling back to provided ra/dec
15:03 WARNING : Cannot convert from zenith/azimuth to ra/dec falling back to provided ra/dec
15:03 WARNING : Cannot convert from zenith/azimuth to ra/dec falling back to provided ra/dec
15:03 WARNING : Cannot convert from zenith/azimuth to ra/dec falling back to provided ra/dec
15:03 WARNING : Cannot convert from zenith/azimuth to ra/dec falling back to provided ra/dec
15:03 WARNING : Cannot convert from zenith/azimuth to ra/dec falling back to provided ra/dec
15:03 WARNING : Cannot convert from zenith/azimuth to ra/dec falling back to provided ra/dec
15:03 WARNING : Cannot convert from zenith/azimuth to ra/dec falling back to provided ra/dec
15:03 WARNING : Cannot convert from zenith/azimuth to ra/dec falling back to provided ra/dec
15:03 WARNING : Cannot convert from zenith/azimuth to ra/dec falling back to provided ra/dec
15:03 WARNING : Cannot convert from zenith/azimuth to ra/dec falling back to provided ra/dec
15:03 WARNING : Cannot convert from zenith/azimuth to ra/dec falling back to provided ra/dec
15:03 WARNING : Cannot convert from zenith/azimuth to ra/dec falling back to provided ra/dec
15:03 WARNING : Cannot convert from zenith/azimuth to ra/dec falling back to provided ra/dec
15:03 WARNING : Cannot convert from zenith/azimuth to ra/dec falling back to provided ra/dec
15:03 WARNING : Cannot convert from zenith/azimuth to ra/dec falling back to provided ra/dec
15:03 WARNING : Cannot convert from zenith/azimuth to ra/dec falling back to provided ra/dec
15:03 WARNING : Cannot convert from zenith/azimuth to ra/dec falling back to provided ra/dec
15:03 WARNING : Cannot convert from zenith/azimuth to ra/dec falling back to provided ra/dec
15:03 WARNING : Cannot convert from zenith/azimuth to ra/dec falling back to provided ra/dec
15:03 WARNING : Cannot convert from zenith/azimuth to ra/dec falling back to provided ra/dec
15:03 WARNING : Cannot convert from zenith/azimuth to ra/dec falling back to provided ra/dec
15:03 WARNING : Cannot convert from zenith/azimuth to ra/dec falling back to provided ra/dec
15:03 WARNING : Cannot convert from zenith/azimuth to ra/dec falling back to provided ra/dec
15:03 WARNING : Cannot convert from zenith/azimuth to ra/dec falling back to provided ra/dec
15:03 WARNING : Cannot convert from zenith/azimuth to ra/dec falling back to provided ra/dec
15:03 WARNING : Cannot convert from zenith/azimuth to ra/dec falling back to provided ra/dec
15:03 WARNING : Cannot convert from zenith/azimuth to ra/dec falling back to provided ra/dec
15:03 WARNING : Cannot convert from zenith/azimuth to ra/dec falling back to provided ra/dec
15:03 WARNING : Cannot convert from zenith/azimuth to ra/dec falling back to provided ra/dec
15:03 WARNING : Cannot convert from zenith/azimuth to ra/dec falling back to provided ra/dec
15:03 WARNING : Cannot convert from zenith/azimuth to ra/dec falling back to provided ra/dec
15:03 WARNING : Cannot convert from zenith/azimuth to ra/dec falling back to provided ra/dec
15:03 WARNING : Cannot convert from zenith/azimuth to ra/dec falling back to provided ra/dec
15:03 WARNING : Cannot convert from zenith/azimuth to ra/dec falling back to provided ra/dec
15:03 WARNING : Cannot convert from zenith/azimuth to ra/dec falling back to provided ra/dec
15:03 WARNING : Cannot convert from zenith/azimuth to ra/dec falling back to provided ra/dec
15:03 WARNING : Cannot convert from zenith/azimuth to ra/dec falling back to provided ra/dec
15:03 WARNING : Cannot convert from zenith/azimuth to ra/dec falling back to provided ra/dec
15:03 WARNING : Cannot convert from zenith/azimuth to ra/dec falling back to provided ra/dec
15:03 WARNING : Cannot convert from zenith/azimuth to ra/dec falling back to provided ra/dec
15:03 WARNING : Cannot convert from zenith/azimuth to ra/dec falling back to provided ra/dec
15:03 WARNING : Cannot convert from zenith/azimuth to ra/dec falling back to provided ra/dec
15:03 WARNING : Cannot convert from zenith/azimuth to ra/dec falling back to provided ra/dec
15:03 WARNING : Cannot convert from zenith/azimuth to ra/dec falling back to provided ra/dec
15:03 WARNING : Cannot convert from zenith/azimuth to ra/dec falling back to provided ra/dec
15:03 WARNING : Cannot convert from zenith/azimuth to ra/dec falling back to provided ra/dec
15:03 WARNING : Cannot convert from zenith/azimuth to ra/dec falling back to provided ra/dec
15:03 WARNING : Cannot convert from zenith/azimuth to ra/dec falling back to provided ra/dec
15:03 WARNING : Cannot convert from zenith/azimuth to ra/dec falling back to provided ra/dec
15:03 WARNING : Cannot convert from zenith/azimuth to ra/dec falling back to provided ra/dec
15:03 WARNING : Cannot convert from zenith/azimuth to ra/dec falling back to provided ra/dec
15:03 WARNING : Cannot convert from zenith/azimuth to ra/dec falling back to provided ra/dec
15:03 WARNING : Cannot convert from zenith/azimuth to ra/dec falling back to provided ra/dec
15:03 WARNING : Cannot convert from zenith/azimuth to ra/dec falling back to provided ra/dec
15:03 WARNING : Cannot convert from zenith/azimuth to ra/dec falling back to provided ra/dec
15:03 WARNING : Cannot convert from zenith/azimuth to ra/dec falling back to provided ra/dec
15:03 WARNING : Cannot convert from zenith/azimuth to ra/dec falling back to provided ra/dec
15:03 WARNING : Cannot convert from zenith/azimuth to ra/dec falling back to provided ra/dec
15:03 WARNING : Cannot convert from zenith/azimuth to ra/dec falling back to provided ra/dec
15:03 WARNING : Cannot convert from zenith/azimuth to ra/dec falling back to provided ra/dec
15:03 WARNING : Cannot convert from zenith/azimuth to ra/dec falling back to provided ra/dec
15:03 WARNING : Cannot convert from zenith/azimuth to ra/dec falling back to provided ra/dec
15:03 WARNING : Cannot convert from zenith/azimuth to ra/dec falling back to provided ra/dec
15:03 WARNING : Cannot convert from zenith/azimuth to ra/dec falling back to provided ra/dec
15:03 WARNING : Cannot convert from zenith/azimuth to ra/dec falling back to provided ra/dec
15:03 WARNING : Cannot convert from zenith/azimuth to ra/dec falling back to provided ra/dec
15:03 WARNING : Cannot convert from zenith/azimuth to ra/dec falling back to provided ra/dec
15:03 WARNING : Cannot convert from zenith/azimuth to ra/dec falling back to provided ra/dec
15:03 WARNING : Cannot convert from zenith/azimuth to ra/dec falling back to provided ra/dec
15:03 WARNING : Cannot convert from zenith/azimuth to ra/dec falling back to provided ra/dec
15:03 WARNING : Cannot convert from zenith/azimuth to ra/dec falling back to provided ra/dec
15:03 WARNING : Cannot convert from zenith/azimuth to ra/dec falling back to provided ra/dec
15:03 WARNING : Cannot convert from zenith/azimuth to ra/dec falling back to provided ra/dec
15:03 WARNING : Cannot convert from zenith/azimuth to ra/dec falling back to provided ra/dec
15:03 WARNING : Cannot convert from zenith/azimuth to ra/dec falling back to provided ra/dec
15:03 WARNING : Cannot convert from zenith/azimuth to ra/dec falling back to provided ra/dec
15:03 WARNING : Cannot convert from zenith/azimuth to ra/dec falling back to provided ra/dec
15:03 WARNING : Cannot convert from zenith/azimuth to ra/dec falling back to provided ra/dec
15:03 WARNING : Cannot convert from zenith/azimuth to ra/dec falling back to provided ra/dec
15:03 WARNING : Cannot convert from zenith/azimuth to ra/dec falling back to provided ra/dec
15:03 WARNING : Cannot convert from zenith/azimuth to ra/dec falling back to provided ra/dec
15:03 WARNING : Cannot convert from zenith/azimuth to ra/dec falling back to provided ra/dec
15:03 WARNING : Cannot convert from zenith/azimuth to ra/dec falling back to provided ra/dec
15:03 WARNING : Cannot convert from zenith/azimuth to ra/dec falling back to provided ra/dec
15:03 WARNING : Cannot convert from zenith/azimuth to ra/dec falling back to provided ra/dec
15:03 WARNING : Cannot convert from zenith/azimuth to ra/dec falling back to provided ra/dec
15:03 WARNING : Cannot convert from zenith/azimuth to ra/dec falling back to provided ra/dec
15:03 WARNING : Cannot convert from zenith/azimuth to ra/dec falling back to provided ra/dec
15:03 WARNING : Cannot convert from zenith/azimuth to ra/dec falling back to provided ra/dec
15:03 WARNING : Cannot convert from zenith/azimuth to ra/dec falling back to provided ra/dec
15:03 WARNING : Cannot convert from zenith/azimuth to ra/dec falling back to provided ra/dec
15:03 WARNING : Cannot convert from zenith/azimuth to ra/dec falling back to provided ra/dec
15:03 WARNING : Cannot convert from zenith/azimuth to ra/dec falling back to provided ra/dec
15:03 WARNING : Cannot convert from zenith/azimuth to ra/dec falling back to provided ra/dec
15:03 WARNING : Cannot convert from zenith/azimuth to ra/dec falling back to provided ra/dec
15:03 WARNING : Cannot convert from zenith/azimuth to ra/dec falling back to provided ra/dec
15:03 WARNING : Cannot convert from zenith/azimuth to ra/dec falling back to provided ra/dec
15:03 WARNING : Cannot convert from zenith/azimuth to ra/dec falling back to provided ra/dec
15:03 WARNING : Cannot convert from zenith/azimuth to ra/dec falling back to provided ra/dec
15:03 WARNING : Cannot convert from zenith/azimuth to ra/dec falling back to provided ra/dec
15:03 WARNING : Cannot convert from zenith/azimuth to ra/dec falling back to provided ra/dec
15:03 WARNING : Cannot convert from zenith/azimuth to ra/dec falling back to provided ra/dec
15:03 WARNING : Cannot convert from zenith/azimuth to ra/dec falling back to provided ra/dec
15:03 WARNING : Cannot convert from zenith/azimuth to ra/dec falling back to provided ra/dec
15:03 WARNING : Cannot convert from zenith/azimuth to ra/dec falling back to provided ra/dec
15:03 WARNING : Cannot convert from zenith/azimuth to ra/dec falling back to provided ra/dec
15:03 WARNING : Cannot convert from zenith/azimuth to ra/dec falling back to provided ra/dec
15:03 WARNING : Cannot convert from zenith/azimuth to ra/dec falling back to provided ra/dec
15:03 WARNING : Cannot convert from zenith/azimuth to ra/dec falling back to provided ra/dec
15:03 WARNING : Cannot convert from zenith/azimuth to ra/dec falling back to provided ra/dec
15:03 WARNING : Cannot convert from zenith/azimuth to ra/dec falling back to provided ra/dec
15:03 WARNING : Cannot convert from zenith/azimuth to ra/dec falling back to provided ra/dec
15:03 WARNING : Cannot convert from zenith/azimuth to ra/dec falling back to provided ra/dec
15:03 WARNING : Cannot convert from zenith/azimuth to ra/dec falling back to provided ra/dec
15:03 WARNING : Cannot convert from zenith/azimuth to ra/dec falling back to provided ra/dec
15:03 WARNING : Cannot convert from zenith/azimuth to ra/dec falling back to provided ra/dec
15:03 WARNING : Cannot convert from zenith/azimuth to ra/dec falling back to provided ra/dec
15:03 WARNING : Cannot convert from zenith/azimuth to ra/dec falling back to provided ra/dec
15:03 WARNING : Cannot convert from zenith/azimuth to ra/dec falling back to provided ra/dec
15:03 WARNING : Cannot convert from zenith/azimuth to ra/dec falling back to provided ra/dec
15:03 WARNING : Cannot convert from zenith/azimuth to ra/dec falling back to provided ra/dec
15:03 WARNING : Cannot convert from zenith/azimuth to ra/dec falling back to provided ra/dec
15:03 WARNING : Cannot convert from zenith/azimuth to ra/dec falling back to provided ra/dec
15:03 WARNING : Cannot convert from zenith/azimuth to ra/dec falling back to provided ra/dec
15:03 WARNING : Cannot convert from zenith/azimuth to ra/dec falling back to provided ra/dec
15:03 WARNING : Cannot convert from zenith/azimuth to ra/dec falling back to provided ra/dec
15:03 WARNING : Cannot convert from zenith/azimuth to ra/dec falling back to provided ra/dec
15:03 WARNING : Cannot convert from zenith/azimuth to ra/dec falling back to provided ra/dec
15:03 WARNING : Cannot convert from zenith/azimuth to ra/dec falling back to provided ra/dec
15:03 WARNING : Cannot convert from zenith/azimuth to ra/dec falling back to provided ra/dec
15:03 WARNING : Cannot convert from zenith/azimuth to ra/dec falling back to provided ra/dec
15:03 WARNING : Cannot convert from zenith/azimuth to ra/dec falling back to provided ra/dec
15:03 WARNING : Cannot convert from zenith/azimuth to ra/dec falling back to provided ra/dec
15:03 WARNING : Cannot convert from zenith/azimuth to ra/dec falling back to provided ra/dec
15:03 WARNING : Cannot convert from zenith/azimuth to ra/dec falling back to provided ra/dec
15:03 WARNING : Cannot convert from zenith/azimuth to ra/dec falling back to provided ra/dec
15:03 WARNING : Cannot convert from zenith/azimuth to ra/dec falling back to provided ra/dec
15:03 WARNING : Cannot convert from zenith/azimuth to ra/dec falling back to provided ra/dec
15:03 WARNING : Cannot convert from zenith/azimuth to ra/dec falling back to provided ra/dec
15:03 WARNING : Cannot convert from zenith/azimuth to ra/dec falling back to provided ra/dec
15:03 WARNING : Cannot convert from zenith/azimuth to ra/dec falling back to provided ra/dec
15:03 WARNING : Cannot convert from zenith/azimuth to ra/dec falling back to provided ra/dec
15:03 WARNING : Cannot convert from zenith/azimuth to ra/dec falling back to provided ra/dec
15:03 WARNING : Cannot convert from zenith/azimuth to ra/dec falling back to provided ra/dec
15:03 WARNING : Cannot convert from zenith/azimuth to ra/dec falling back to provided ra/dec
15:03 WARNING : Cannot convert from zenith/azimuth to ra/dec falling back to provided ra/dec
15:03 WARNING : Cannot convert from zenith/azimuth to ra/dec falling back to provided ra/dec
15:03 WARNING : Cannot convert from zenith/azimuth to ra/dec falling back to provided ra/dec
15:03 WARNING : Cannot convert from zenith/azimuth to ra/dec falling back to provided ra/dec
15:03 WARNING : Cannot convert from zenith/azimuth to ra/dec falling back to provided ra/dec
15:03 WARNING : Cannot convert from zenith/azimuth to ra/dec falling back to provided ra/dec
15:03 WARNING : Cannot convert from zenith/azimuth to ra/dec falling back to provided ra/dec
15:03 WARNING : Cannot convert from zenith/azimuth to ra/dec falling back to provided ra/dec
15:03 WARNING : Cannot convert from zenith/azimuth to ra/dec falling back to provided ra/dec
15:03 WARNING : Cannot convert from zenith/azimuth to ra/dec falling back to provided ra/dec
15:03 WARNING : Cannot convert from zenith/azimuth to ra/dec falling back to provided ra/dec
15:03 WARNING : Cannot convert from zenith/azimuth to ra/dec falling back to provided ra/dec
15:03 WARNING : Cannot convert from zenith/azimuth to ra/dec falling back to provided ra/dec
15:03 WARNING : Cannot convert from zenith/azimuth to ra/dec falling back to provided ra/dec
15:03 WARNING : Cannot convert from zenith/azimuth to ra/dec falling back to provided ra/dec
15:03 WARNING : Cannot convert from zenith/azimuth to ra/dec falling back to provided ra/dec
15:03 WARNING : Cannot convert from zenith/azimuth to ra/dec falling back to provided ra/dec
15:03 WARNING : Cannot convert from zenith/azimuth to ra/dec falling back to provided ra/dec
15:03 WARNING : Cannot convert from zenith/azimuth to ra/dec falling back to provided ra/dec
15:03 WARNING : Cannot convert from zenith/azimuth to ra/dec falling back to provided ra/dec
15:03 WARNING : Cannot convert from zenith/azimuth to ra/dec falling back to provided ra/dec
15:03 WARNING : Cannot convert from zenith/azimuth to ra/dec falling back to provided ra/dec
15:03 WARNING : Cannot convert from zenith/azimuth to ra/dec falling back to provided ra/dec
15:03 WARNING : Cannot convert from zenith/azimuth to ra/dec falling back to provided ra/dec
15:03 WARNING : Cannot convert from zenith/azimuth to ra/dec falling back to provided ra/dec
15:03 WARNING : Cannot convert from zenith/azimuth to ra/dec falling back to provided ra/dec
15:03 WARNING : Cannot convert from zenith/azimuth to ra/dec falling back to provided ra/dec
15:03 WARNING : Cannot convert from zenith/azimuth to ra/dec falling back to provided ra/dec
15:03 WARNING : Cannot convert from zenith/azimuth to ra/dec falling back to provided ra/dec
15:03 WARNING : Cannot convert from zenith/azimuth to ra/dec falling back to provided ra/dec
15:03 WARNING : Cannot convert from zenith/azimuth to ra/dec falling back to provided ra/dec
15:03 WARNING : Cannot convert from zenith/azimuth to ra/dec falling back to provided ra/dec
15:03 WARNING : Cannot convert from zenith/azimuth to ra/dec falling back to provided ra/dec
15:03 WARNING : Cannot convert from zenith/azimuth to ra/dec falling back to provided ra/dec
15:03 WARNING : Cannot convert from zenith/azimuth to ra/dec falling back to provided ra/dec
15:03 WARNING : Cannot convert from zenith/azimuth to ra/dec falling back to provided ra/dec
15:03 WARNING : Cannot convert from zenith/azimuth to ra/dec falling back to provided ra/dec
15:03 WARNING : Cannot convert from zenith/azimuth to ra/dec falling back to provided ra/dec
15:03 WARNING : Cannot convert from zenith/azimuth to ra/dec falling back to provided ra/dec
15:03 WARNING : Cannot convert from zenith/azimuth to ra/dec falling back to provided ra/dec
15:03 WARNING : Cannot convert from zenith/azimuth to ra/dec falling back to provided ra/dec
15:03 WARNING : Cannot convert from zenith/azimuth to ra/dec falling back to provided ra/dec
15:03 WARNING : Cannot convert from zenith/azimuth to ra/dec falling back to provided ra/dec
15:03 WARNING : Cannot convert from zenith/azimuth to ra/dec falling back to provided ra/dec
15:03 WARNING : Cannot convert from zenith/azimuth to ra/dec falling back to provided ra/dec
15:03 WARNING : Cannot convert from zenith/azimuth to ra/dec falling back to provided ra/dec
15:03 WARNING : Cannot convert from zenith/azimuth to ra/dec falling back to provided ra/dec
15:03 WARNING : Cannot convert from zenith/azimuth to ra/dec falling back to provided ra/dec
15:03 WARNING : Cannot convert from zenith/azimuth to ra/dec falling back to provided ra/dec
15:03 WARNING : Cannot convert from zenith/azimuth to ra/dec falling back to provided ra/dec
15:03 WARNING : Cannot convert from zenith/azimuth to ra/dec falling back to provided ra/dec
15:03 WARNING : Cannot convert from zenith/azimuth to ra/dec falling back to provided ra/dec
15:03 WARNING : Cannot convert from zenith/azimuth to ra/dec falling back to provided ra/dec
15:03 WARNING : Cannot convert from zenith/azimuth to ra/dec falling back to provided ra/dec
15:03 WARNING : Cannot convert from zenith/azimuth to ra/dec falling back to provided ra/dec
15:03 WARNING : Cannot convert from zenith/azimuth to ra/dec falling back to provided ra/dec
15:03 WARNING : Cannot convert from zenith/azimuth to ra/dec falling back to provided ra/dec
15:03 WARNING : Cannot convert from zenith/azimuth to ra/dec falling back to provided ra/dec
15:03 WARNING : Cannot convert from zenith/azimuth to ra/dec falling back to provided ra/dec
15:03 WARNING : Cannot convert from zenith/azimuth to ra/dec falling back to provided ra/dec
15:03 WARNING : Cannot convert from zenith/azimuth to ra/dec falling back to provided ra/dec
15:03 WARNING : Cannot convert from zenith/azimuth to ra/dec falling back to provided ra/dec
15:03 WARNING : Cannot convert from zenith/azimuth to ra/dec falling back to provided ra/dec
15:03 WARNING : Cannot convert from zenith/azimuth to ra/dec falling back to provided ra/dec
15:03 WARNING : Cannot convert from zenith/azimuth to ra/dec falling back to provided ra/dec
15:03 WARNING : Cannot convert from zenith/azimuth to ra/dec falling back to provided ra/dec
15:03 WARNING : Cannot convert from zenith/azimuth to ra/dec falling back to provided ra/dec
15:03 WARNING : Cannot convert from zenith/azimuth to ra/dec falling back to provided ra/dec
15:03 WARNING : Cannot convert from zenith/azimuth to ra/dec falling back to provided ra/dec
15:03 WARNING : Cannot convert from zenith/azimuth to ra/dec falling back to provided ra/dec
15:03 WARNING : Cannot convert from zenith/azimuth to ra/dec falling back to provided ra/dec
15:03 WARNING : Cannot convert from zenith/azimuth to ra/dec falling back to provided ra/dec
15:03 WARNING : Cannot convert from zenith/azimuth to ra/dec falling back to provided ra/dec
15:03 WARNING : Cannot convert from zenith/azimuth to ra/dec falling back to provided ra/dec
15:03 WARNING : Cannot convert from zenith/azimuth to ra/dec falling back to provided ra/dec
15:03 WARNING : Cannot convert from zenith/azimuth to ra/dec falling back to provided ra/dec
15:03 WARNING : Cannot convert from zenith/azimuth to ra/dec falling back to provided ra/dec
15:03 WARNING : Cannot convert from zenith/azimuth to ra/dec falling back to provided ra/dec
15:03 WARNING : Cannot convert from zenith/azimuth to ra/dec falling back to provided ra/dec
15:03 WARNING : Cannot convert from zenith/azimuth to ra/dec falling back to provided ra/dec
15:03 WARNING : Cannot convert from zenith/azimuth to ra/dec falling back to provided ra/dec
15:03 WARNING : Cannot convert from zenith/azimuth to ra/dec falling back to provided ra/dec
15:03 WARNING : Cannot convert from zenith/azimuth to ra/dec falling back to provided ra/dec
15:03 WARNING : Cannot convert from zenith/azimuth to ra/dec falling back to provided ra/dec
15:03 WARNING : Cannot convert from zenith/azimuth to ra/dec falling back to provided ra/dec
15:03 WARNING : Cannot convert from zenith/azimuth to ra/dec falling back to provided ra/dec
15:03 WARNING : Cannot convert from zenith/azimuth to ra/dec falling back to provided ra/dec
15:03 WARNING : Cannot convert from zenith/azimuth to ra/dec falling back to provided ra/dec
15:03 WARNING : Cannot convert from zenith/azimuth to ra/dec falling back to provided ra/dec
15:03 WARNING : Cannot convert from zenith/azimuth to ra/dec falling back to provided ra/dec
15:03 WARNING : Cannot convert from zenith/azimuth to ra/dec falling back to provided ra/dec
15:03 WARNING : Cannot convert from zenith/azimuth to ra/dec falling back to provided ra/dec
15:03 WARNING : Cannot convert from zenith/azimuth to ra/dec falling back to provided ra/dec
15:03 WARNING : Cannot convert from zenith/azimuth to ra/dec falling back to provided ra/dec
15:03 WARNING : Cannot convert from zenith/azimuth to ra/dec falling back to provided ra/dec
15:03 WARNING : Cannot convert from zenith/azimuth to ra/dec falling back to provided ra/dec
15:03 WARNING : Cannot convert from zenith/azimuth to ra/dec falling back to provided ra/dec
15:03 WARNING : Cannot convert from zenith/azimuth to ra/dec falling back to provided ra/dec
15:03 WARNING : Cannot convert from zenith/azimuth to ra/dec falling back to provided ra/dec
15:03 WARNING : Cannot convert from zenith/azimuth to ra/dec falling back to provided ra/dec
15:03 WARNING : Cannot convert from zenith/azimuth to ra/dec falling back to provided ra/dec
15:03 WARNING : Cannot convert from zenith/azimuth to ra/dec falling back to provided ra/dec
15:03 WARNING : Cannot convert from zenith/azimuth to ra/dec falling back to provided ra/dec
15:03 WARNING : Cannot convert from zenith/azimuth to ra/dec falling back to provided ra/dec
15:03 WARNING : Cannot convert from zenith/azimuth to ra/dec falling back to provided ra/dec
15:03 WARNING : Cannot convert from zenith/azimuth to ra/dec falling back to provided ra/dec
15:03 WARNING : Cannot convert from zenith/azimuth to ra/dec falling back to provided ra/dec
15:03 WARNING : Cannot convert from zenith/azimuth to ra/dec falling back to provided ra/dec
15:03 WARNING : Cannot convert from zenith/azimuth to ra/dec falling back to provided ra/dec
15:03 WARNING : Cannot convert from zenith/azimuth to ra/dec falling back to provided ra/dec
15:03 WARNING : Cannot convert from zenith/azimuth to ra/dec falling back to provided ra/dec
15:03 WARNING : Cannot convert from zenith/azimuth to ra/dec falling back to provided ra/dec
15:03 WARNING : Cannot convert from zenith/azimuth to ra/dec falling back to provided ra/dec
15:03 WARNING : Cannot convert from zenith/azimuth to ra/dec falling back to provided ra/dec
15:03 WARNING : Cannot convert from zenith/azimuth to ra/dec falling back to provided ra/dec
15:03 WARNING : Cannot convert from zenith/azimuth to ra/dec falling back to provided ra/dec
15:03 WARNING : Cannot convert from zenith/azimuth to ra/dec falling back to provided ra/dec
15:03 WARNING : Cannot convert from zenith/azimuth to ra/dec falling back to provided ra/dec
15:03 WARNING : Cannot convert from zenith/azimuth to ra/dec falling back to provided ra/dec
15:03 WARNING : Cannot convert from zenith/azimuth to ra/dec falling back to provided ra/dec
15:03 WARNING : Cannot convert from zenith/azimuth to ra/dec falling back to provided ra/dec
15:03 WARNING : Cannot convert from zenith/azimuth to ra/dec falling back to provided ra/dec
15:03 WARNING : Cannot convert from zenith/azimuth to ra/dec falling back to provided ra/dec
15:03 WARNING : Cannot convert from zenith/azimuth to ra/dec falling back to provided ra/dec
15:03 WARNING : Cannot convert from zenith/azimuth to ra/dec falling back to provided ra/dec
15:03 WARNING : Cannot convert from zenith/azimuth to ra/dec falling back to provided ra/dec
15:03 WARNING : Cannot convert from zenith/azimuth to ra/dec falling back to provided ra/dec
15:03 WARNING : Cannot convert from zenith/azimuth to ra/dec falling back to provided ra/dec
15:03 WARNING : Cannot convert from zenith/azimuth to ra/dec falling back to provided ra/dec
15:03 WARNING : Cannot convert from zenith/azimuth to ra/dec falling back to provided ra/dec
15:03 WARNING : Cannot convert from zenith/azimuth to ra/dec falling back to provided ra/dec
15:03 WARNING : Cannot convert from zenith/azimuth to ra/dec falling back to provided ra/dec
15:03 WARNING : Cannot convert from zenith/azimuth to ra/dec falling back to provided ra/dec
15:03 WARNING : Cannot convert from zenith/azimuth to ra/dec falling back to provided ra/dec
15:03 WARNING : Cannot convert from zenith/azimuth to ra/dec falling back to provided ra/dec
15:03 WARNING : Cannot convert from zenith/azimuth to ra/dec falling back to provided ra/dec
15:03 WARNING : Cannot convert from zenith/azimuth to ra/dec falling back to provided ra/dec
15:03 WARNING : Cannot convert from zenith/azimuth to ra/dec falling back to provided ra/dec
15:03 WARNING : Cannot convert from zenith/azimuth to ra/dec falling back to provided ra/dec
15:03 WARNING : Cannot convert from zenith/azimuth to ra/dec falling back to provided ra/dec
15:03 WARNING : Cannot convert from zenith/azimuth to ra/dec falling back to provided ra/dec
15:03 WARNING : Cannot convert from zenith/azimuth to ra/dec falling back to provided ra/dec
15:03 WARNING : Cannot convert from zenith/azimuth to ra/dec falling back to provided ra/dec
15:03 WARNING : Cannot convert from zenith/azimuth to ra/dec falling back to provided ra/dec
15:03 WARNING : Cannot convert from zenith/azimuth to ra/dec falling back to provided ra/dec
15:03 WARNING : Cannot convert from zenith/azimuth to ra/dec falling back to provided ra/dec
15:03 WARNING : Cannot convert from zenith/azimuth to ra/dec falling back to provided ra/dec
15:03 WARNING : Cannot convert from zenith/azimuth to ra/dec falling back to provided ra/dec
15:03 WARNING : Cannot convert from zenith/azimuth to ra/dec falling back to provided ra/dec
15:03 WARNING : Cannot convert from zenith/azimuth to ra/dec falling back to provided ra/dec
15:03 WARNING : Cannot convert from zenith/azimuth to ra/dec falling back to provided ra/dec
15:03 WARNING : Cannot convert from zenith/azimuth to ra/dec falling back to provided ra/dec
15:03 WARNING : Cannot convert from zenith/azimuth to ra/dec falling back to provided ra/dec
15:03 WARNING : Cannot convert from zenith/azimuth to ra/dec falling back to provided ra/dec
15:03 WARNING : Cannot convert from zenith/azimuth to ra/dec falling back to provided ra/dec
15:03 WARNING : Cannot convert from zenith/azimuth to ra/dec falling back to provided ra/dec
15:03 WARNING : Cannot convert from zenith/azimuth to ra/dec falling back to provided ra/dec
15:03 WARNING : Cannot convert from zenith/azimuth to ra/dec falling back to provided ra/dec
15:03 WARNING : Cannot convert from zenith/azimuth to ra/dec falling back to provided ra/dec
15:03 WARNING : Cannot convert from zenith/azimuth to ra/dec falling back to provided ra/dec
15:03 WARNING : Cannot convert from zenith/azimuth to ra/dec falling back to provided ra/dec
15:03 WARNING : Cannot convert from zenith/azimuth to ra/dec falling back to provided ra/dec
15:03 WARNING : Cannot convert from zenith/azimuth to ra/dec falling back to provided ra/dec
15:03 WARNING : Cannot convert from zenith/azimuth to ra/dec falling back to provided ra/dec
15:03 WARNING : Cannot convert from zenith/azimuth to ra/dec falling back to provided ra/dec
15:03 WARNING : Cannot convert from zenith/azimuth to ra/dec falling back to provided ra/dec
15:03 WARNING : Cannot convert from zenith/azimuth to ra/dec falling back to provided ra/dec
15:03 WARNING : Cannot convert from zenith/azimuth to ra/dec falling back to provided ra/dec
15:03 WARNING : Cannot convert from zenith/azimuth to ra/dec falling back to provided ra/dec
15:03 WARNING : Cannot convert from zenith/azimuth to ra/dec falling back to provided ra/dec
15:03 WARNING : Cannot convert from zenith/azimuth to ra/dec falling back to provided ra/dec
15:03 WARNING : Cannot convert from zenith/azimuth to ra/dec falling back to provided ra/dec
15:03 WARNING : Cannot convert from zenith/azimuth to ra/dec falling back to provided ra/dec
15:03 WARNING : Cannot convert from zenith/azimuth to ra/dec falling back to provided ra/dec
15:03 WARNING : Cannot convert from zenith/azimuth to ra/dec falling back to provided ra/dec
15:03 WARNING : Cannot convert from zenith/azimuth to ra/dec falling back to provided ra/dec
15:03 WARNING : Cannot convert from zenith/azimuth to ra/dec falling back to provided ra/dec
15:03 WARNING : Cannot convert from zenith/azimuth to ra/dec falling back to provided ra/dec
15:03 WARNING : Cannot convert from zenith/azimuth to ra/dec falling back to provided ra/dec
15:03 WARNING : Cannot convert from zenith/azimuth to ra/dec falling back to provided ra/dec
15:03 WARNING : Cannot convert from zenith/azimuth to ra/dec falling back to provided ra/dec
15:03 WARNING : Cannot convert from zenith/azimuth to ra/dec falling back to provided ra/dec
15:03 WARNING : Cannot convert from zenith/azimuth to ra/dec falling back to provided ra/dec
15:03 WARNING : Cannot convert from zenith/azimuth to ra/dec falling back to provided ra/dec
15:03 WARNING : Cannot convert from zenith/azimuth to ra/dec falling back to provided ra/dec
15:03 WARNING : Cannot convert from zenith/azimuth to ra/dec falling back to provided ra/dec
15:03 WARNING : Cannot convert from zenith/azimuth to ra/dec falling back to provided ra/dec
15:03 WARNING : Cannot convert from zenith/azimuth to ra/dec falling back to provided ra/dec
15:03 WARNING : Cannot convert from zenith/azimuth to ra/dec falling back to provided ra/dec
15:03 WARNING : Cannot convert from zenith/azimuth to ra/dec falling back to provided ra/dec
15:03 WARNING : Cannot convert from zenith/azimuth to ra/dec falling back to provided ra/dec
15:03 WARNING : Cannot convert from zenith/azimuth to ra/dec falling back to provided ra/dec
15:03 WARNING : Cannot convert from zenith/azimuth to ra/dec falling back to provided ra/dec
15:03 WARNING : Cannot convert from zenith/azimuth to ra/dec falling back to provided ra/dec
15:03 WARNING : Cannot convert from zenith/azimuth to ra/dec falling back to provided ra/dec
15:03 WARNING : Cannot convert from zenith/azimuth to ra/dec falling back to provided ra/dec
15:03 WARNING : Cannot convert from zenith/azimuth to ra/dec falling back to provided ra/dec
15:03 WARNING : Cannot convert from zenith/azimuth to ra/dec falling back to provided ra/dec
15:03 WARNING : Cannot convert from zenith/azimuth to ra/dec falling back to provided ra/dec
15:03 WARNING : Cannot convert from zenith/azimuth to ra/dec falling back to provided ra/dec
15:03 WARNING : Cannot convert from zenith/azimuth to ra/dec falling back to provided ra/dec
15:03 WARNING : Cannot convert from zenith/azimuth to ra/dec falling back to provided ra/dec
15:03 WARNING : Cannot convert from zenith/azimuth to ra/dec falling back to provided ra/dec
15:03 WARNING : Cannot convert from zenith/azimuth to ra/dec falling back to provided ra/dec
15:03 WARNING : Cannot convert from zenith/azimuth to ra/dec falling back to provided ra/dec
15:03 WARNING : Cannot convert from zenith/azimuth to ra/dec falling back to provided ra/dec
15:03 WARNING : Cannot convert from zenith/azimuth to ra/dec falling back to provided ra/dec
15:03 WARNING : Cannot convert from zenith/azimuth to ra/dec falling back to provided ra/dec
15:03 WARNING : Cannot convert from zenith/azimuth to ra/dec falling back to provided ra/dec
15:03 WARNING : Cannot convert from zenith/azimuth to ra/dec falling back to provided ra/dec
15:03 WARNING : Cannot convert from zenith/azimuth to ra/dec falling back to provided ra/dec
15:03 WARNING : Cannot convert from zenith/azimuth to ra/dec falling back to provided ra/dec
15:03 WARNING : Cannot convert from zenith/azimuth to ra/dec falling back to provided ra/dec
15:03 WARNING : Cannot convert from zenith/azimuth to ra/dec falling back to provided ra/dec
15:03 WARNING : Cannot convert from zenith/azimuth to ra/dec falling back to provided ra/dec
15:03 WARNING : Cannot convert from zenith/azimuth to ra/dec falling back to provided ra/dec
15:03 WARNING : Cannot convert from zenith/azimuth to ra/dec falling back to provided ra/dec
15:03 WARNING : Cannot convert from zenith/azimuth to ra/dec falling back to provided ra/dec
15:03 WARNING : Cannot convert from zenith/azimuth to ra/dec falling back to provided ra/dec
15:03 WARNING : Cannot convert from zenith/azimuth to ra/dec falling back to provided ra/dec
15:03 WARNING : Cannot convert from zenith/azimuth to ra/dec falling back to provided ra/dec
15:03 WARNING : Cannot convert from zenith/azimuth to ra/dec falling back to provided ra/dec
15:03 WARNING : Cannot convert from zenith/azimuth to ra/dec falling back to provided ra/dec
15:03 WARNING : Cannot convert from zenith/azimuth to ra/dec falling back to provided ra/dec
15:03 WARNING : Cannot convert from zenith/azimuth to ra/dec falling back to provided ra/dec
15:03 WARNING : Cannot convert from zenith/azimuth to ra/dec falling back to provided ra/dec
15:03 WARNING : Cannot convert from zenith/azimuth to ra/dec falling back to provided ra/dec
15:03 WARNING : Cannot convert from zenith/azimuth to ra/dec falling back to provided ra/dec
15:03 WARNING : Cannot convert from zenith/azimuth to ra/dec falling back to provided ra/dec
15:03 WARNING : Cannot convert from zenith/azimuth to ra/dec falling back to provided ra/dec
15:03 WARNING : Cannot convert from zenith/azimuth to ra/dec falling back to provided ra/dec
15:03 WARNING : Cannot convert from zenith/azimuth to ra/dec falling back to provided ra/dec
15:03 WARNING : Cannot convert from zenith/azimuth to ra/dec falling back to provided ra/dec
15:03 WARNING : Cannot convert from zenith/azimuth to ra/dec falling back to provided ra/dec
15:03 WARNING : Cannot convert from zenith/azimuth to ra/dec falling back to provided ra/dec
15:03 WARNING : Cannot convert from zenith/azimuth to ra/dec falling back to provided ra/dec
15:03 WARNING : Cannot convert from zenith/azimuth to ra/dec falling back to provided ra/dec
15:03 WARNING : Cannot convert from zenith/azimuth to ra/dec falling back to provided ra/dec
15:03 WARNING : Cannot convert from zenith/azimuth to ra/dec falling back to provided ra/dec
15:03 WARNING : Cannot convert from zenith/azimuth to ra/dec falling back to provided ra/dec
15:03 WARNING : Cannot convert from zenith/azimuth to ra/dec falling back to provided ra/dec
15:03 WARNING : Cannot convert from zenith/azimuth to ra/dec falling back to provided ra/dec
15:03 WARNING : Cannot convert from zenith/azimuth to ra/dec falling back to provided ra/dec
15:03 WARNING : Cannot convert from zenith/azimuth to ra/dec falling back to provided ra/dec
15:03 WARNING : Cannot convert from zenith/azimuth to ra/dec falling back to provided ra/dec
15:03 WARNING : Cannot convert from zenith/azimuth to ra/dec falling back to provided ra/dec
15:03 WARNING : Cannot convert from zenith/azimuth to ra/dec falling back to provided ra/dec
15:03 WARNING : Cannot convert from zenith/azimuth to ra/dec falling back to provided ra/dec
15:03 WARNING : Cannot convert from zenith/azimuth to ra/dec falling back to provided ra/dec
15:03 WARNING : Cannot convert from zenith/azimuth to ra/dec falling back to provided ra/dec
15:03 WARNING : Cannot convert from zenith/azimuth to ra/dec falling back to provided ra/dec
15:03 WARNING : Cannot convert from zenith/azimuth to ra/dec falling back to provided ra/dec
15:03 WARNING : Cannot convert from zenith/azimuth to ra/dec falling back to provided ra/dec
15:03 WARNING : Cannot convert from zenith/azimuth to ra/dec falling back to provided ra/dec
15:03 WARNING : Cannot convert from zenith/azimuth to ra/dec falling back to provided ra/dec
15:03 WARNING : Cannot convert from zenith/azimuth to ra/dec falling back to provided ra/dec
15:03 WARNING : Cannot convert from zenith/azimuth to ra/dec falling back to provided ra/dec
15:03 WARNING : Cannot convert from zenith/azimuth to ra/dec falling back to provided ra/dec
15:03 WARNING : Cannot convert from zenith/azimuth to ra/dec falling back to provided ra/dec
15:03 WARNING : Cannot convert from zenith/azimuth to ra/dec falling back to provided ra/dec
15:03 WARNING : Cannot convert from zenith/azimuth to ra/dec falling back to provided ra/dec
15:03 WARNING : Cannot convert from zenith/azimuth to ra/dec falling back to provided ra/dec
15:03 WARNING : Cannot convert from zenith/azimuth to ra/dec falling back to provided ra/dec
15:03 WARNING : Cannot convert from zenith/azimuth to ra/dec falling back to provided ra/dec
15:03 WARNING : Cannot convert from zenith/azimuth to ra/dec falling back to provided ra/dec
15:03 WARNING : Cannot convert from zenith/azimuth to ra/dec falling back to provided ra/dec
15:03 WARNING : Cannot convert from zenith/azimuth to ra/dec falling back to provided ra/dec
15:03 WARNING : Cannot convert from zenith/azimuth to ra/dec falling back to provided ra/dec
15:03 WARNING : Cannot convert from zenith/azimuth to ra/dec falling back to provided ra/dec
15:03 WARNING : Cannot convert from zenith/azimuth to ra/dec falling back to provided ra/dec
15:03 WARNING : Cannot convert from zenith/azimuth to ra/dec falling back to provided ra/dec
15:03 WARNING : Cannot convert from zenith/azimuth to ra/dec falling back to provided ra/dec
15:03 WARNING : Cannot convert from zenith/azimuth to ra/dec falling back to provided ra/dec
15:03 WARNING : Cannot convert from zenith/azimuth to ra/dec falling back to provided ra/dec
15:03 WARNING : Cannot convert from zenith/azimuth to ra/dec falling back to provided ra/dec
15:03 WARNING : Cannot convert from zenith/azimuth to ra/dec falling back to provided ra/dec
15:03 WARNING : Cannot convert from zenith/azimuth to ra/dec falling back to provided ra/dec
15:03 WARNING : Cannot convert from zenith/azimuth to ra/dec falling back to provided ra/dec
15:03 WARNING : Cannot convert from zenith/azimuth to ra/dec falling back to provided ra/dec
15:03 WARNING : Cannot convert from zenith/azimuth to ra/dec falling back to provided ra/dec
15:03 WARNING : Cannot convert from zenith/azimuth to ra/dec falling back to provided ra/dec
15:03 WARNING : Cannot convert from zenith/azimuth to ra/dec falling back to provided ra/dec
15:03 WARNING : Cannot convert from zenith/azimuth to ra/dec falling back to provided ra/dec
15:03 WARNING : Cannot convert from zenith/azimuth to ra/dec falling back to provided ra/dec
15:03 WARNING : Cannot convert from zenith/azimuth to ra/dec falling back to provided ra/dec
15:03 WARNING : Cannot convert from zenith/azimuth to ra/dec falling back to provided ra/dec
15:03 WARNING : Cannot convert from zenith/azimuth to ra/dec falling back to provided ra/dec
15:03 WARNING : Cannot convert from zenith/azimuth to ra/dec falling back to provided ra/dec
15:03 WARNING : Cannot convert from zenith/azimuth to ra/dec falling back to provided ra/dec
15:03 WARNING : Cannot convert from zenith/azimuth to ra/dec falling back to provided ra/dec
15:03 WARNING : Cannot convert from zenith/azimuth to ra/dec falling back to provided ra/dec
15:03 WARNING : Cannot convert from zenith/azimuth to ra/dec falling back to provided ra/dec
15:03 WARNING : Cannot convert from zenith/azimuth to ra/dec falling back to provided ra/dec
15:03 WARNING : Cannot convert from zenith/azimuth to ra/dec falling back to provided ra/dec
15:03 WARNING : Cannot convert from zenith/azimuth to ra/dec falling back to provided ra/dec
15:03 WARNING : Cannot convert from zenith/azimuth to ra/dec falling back to provided ra/dec
15:03 WARNING : Cannot convert from zenith/azimuth to ra/dec falling back to provided ra/dec
15:03 WARNING : Cannot convert from zenith/azimuth to ra/dec falling back to provided ra/dec
15:03 WARNING : Cannot convert from zenith/azimuth to ra/dec falling back to provided ra/dec
15:03 WARNING : Cannot convert from zenith/azimuth to ra/dec falling back to provided ra/dec
15:03 WARNING : Cannot convert from zenith/azimuth to ra/dec falling back to provided ra/dec
15:03 WARNING : Cannot convert from zenith/azimuth to ra/dec falling back to provided ra/dec
15:03 WARNING : Cannot convert from zenith/azimuth to ra/dec falling back to provided ra/dec
15:03 WARNING : Cannot convert from zenith/azimuth to ra/dec falling back to provided ra/dec
15:03 WARNING : Cannot convert from zenith/azimuth to ra/dec falling back to provided ra/dec
15:03 WARNING : Cannot convert from zenith/azimuth to ra/dec falling back to provided ra/dec
15:03 WARNING : Cannot convert from zenith/azimuth to ra/dec falling back to provided ra/dec
15:03 WARNING : Cannot convert from zenith/azimuth to ra/dec falling back to provided ra/dec
15:03 WARNING : Cannot convert from zenith/azimuth to ra/dec falling back to provided ra/dec
15:03 WARNING : Cannot convert from zenith/azimuth to ra/dec falling back to provided ra/dec
15:03 WARNING : Cannot convert from zenith/azimuth to ra/dec falling back to provided ra/dec
15:03 WARNING : Cannot convert from zenith/azimuth to ra/dec falling back to provided ra/dec
15:03 WARNING : Cannot convert from zenith/azimuth to ra/dec falling back to provided ra/dec
15:03 WARNING : Cannot convert from zenith/azimuth to ra/dec falling back to provided ra/dec
15:03 WARNING : Cannot convert from zenith/azimuth to ra/dec falling back to provided ra/dec
15:03 WARNING : Cannot convert from zenith/azimuth to ra/dec falling back to provided ra/dec
15:03 WARNING : Cannot convert from zenith/azimuth to ra/dec falling back to provided ra/dec
15:03 WARNING : Cannot convert from zenith/azimuth to ra/dec falling back to provided ra/dec
15:03 WARNING : Cannot convert from zenith/azimuth to ra/dec falling back to provided ra/dec
15:03 WARNING : Cannot convert from zenith/azimuth to ra/dec falling back to provided ra/dec
15:03 WARNING : Cannot convert from zenith/azimuth to ra/dec falling back to provided ra/dec
15:03 WARNING : Cannot convert from zenith/azimuth to ra/dec falling back to provided ra/dec
15:03 WARNING : Cannot convert from zenith/azimuth to ra/dec falling back to provided ra/dec
15:03 WARNING : Cannot convert from zenith/azimuth to ra/dec falling back to provided ra/dec
15:03 WARNING : Cannot convert from zenith/azimuth to ra/dec falling back to provided ra/dec
15:03 WARNING : Cannot convert from zenith/azimuth to ra/dec falling back to provided ra/dec
15:03 WARNING : Cannot convert from zenith/azimuth to ra/dec falling back to provided ra/dec
15:03 WARNING : Cannot convert from zenith/azimuth to ra/dec falling back to provided ra/dec
15:03 WARNING : Cannot convert from zenith/azimuth to ra/dec falling back to provided ra/dec
15:03 WARNING : Cannot convert from zenith/azimuth to ra/dec falling back to provided ra/dec
15:03 WARNING : Cannot convert from zenith/azimuth to ra/dec falling back to provided ra/dec
15:03 WARNING : Cannot convert from zenith/azimuth to ra/dec falling back to provided ra/dec
15:03 WARNING : Cannot convert from zenith/azimuth to ra/dec falling back to provided ra/dec
15:03 WARNING : Cannot convert from zenith/azimuth to ra/dec falling back to provided ra/dec
15:03 WARNING : Cannot convert from zenith/azimuth to ra/dec falling back to provided ra/dec
15:03 WARNING : Cannot convert from zenith/azimuth to ra/dec falling back to provided ra/dec
15:03 WARNING : Cannot convert from zenith/azimuth to ra/dec falling back to provided ra/dec
15:03 WARNING : Cannot convert from zenith/azimuth to ra/dec falling back to provided ra/dec
15:03 WARNING : Cannot convert from zenith/azimuth to ra/dec falling back to provided ra/dec
15:03 WARNING : Cannot convert from zenith/azimuth to ra/dec falling back to provided ra/dec
15:03 WARNING : Cannot convert from zenith/azimuth to ra/dec falling back to provided ra/dec
15:03 WARNING : Cannot convert from zenith/azimuth to ra/dec falling back to provided ra/dec
15:03 WARNING : Cannot convert from zenith/azimuth to ra/dec falling back to provided ra/dec
15:03 WARNING : Cannot convert from zenith/azimuth to ra/dec falling back to provided ra/dec
15:03 WARNING : Cannot convert from zenith/azimuth to ra/dec falling back to provided ra/dec
15:03 WARNING : Cannot convert from zenith/azimuth to ra/dec falling back to provided ra/dec
15:03 WARNING : Cannot convert from zenith/azimuth to ra/dec falling back to provided ra/dec
15:03 WARNING : Cannot convert from zenith/azimuth to ra/dec falling back to provided ra/dec
15:03 WARNING : Cannot convert from zenith/azimuth to ra/dec falling back to provided ra/dec
15:03 WARNING : Cannot convert from zenith/azimuth to ra/dec falling back to provided ra/dec
15:03 WARNING : Cannot convert from zenith/azimuth to ra/dec falling back to provided ra/dec
15:03 WARNING : Cannot convert from zenith/azimuth to ra/dec falling back to provided ra/dec
15:03 WARNING : Cannot convert from zenith/azimuth to ra/dec falling back to provided ra/dec
15:03 WARNING : Cannot convert from zenith/azimuth to ra/dec falling back to provided ra/dec
15:03 WARNING : Cannot convert from zenith/azimuth to ra/dec falling back to provided ra/dec
15:03 WARNING : Cannot convert from zenith/azimuth to ra/dec falling back to provided ra/dec
15:03 WARNING : Cannot convert from zenith/azimuth to ra/dec falling back to provided ra/dec
15:03 WARNING : Cannot convert from zenith/azimuth to ra/dec falling back to provided ra/dec
15:03 WARNING : Cannot convert from zenith/azimuth to ra/dec falling back to provided ra/dec
15:03 WARNING : Cannot convert from zenith/azimuth to ra/dec falling back to provided ra/dec
15:03 WARNING : Cannot convert from zenith/azimuth to ra/dec falling back to provided ra/dec
15:03 WARNING : Cannot convert from zenith/azimuth to ra/dec falling back to provided ra/dec
15:03 WARNING : Cannot convert from zenith/azimuth to ra/dec falling back to provided ra/dec
15:03 WARNING : Cannot convert from zenith/azimuth to ra/dec falling back to provided ra/dec
15:03 WARNING : Cannot convert from zenith/azimuth to ra/dec falling back to provided ra/dec
15:03 WARNING : Cannot convert from zenith/azimuth to ra/dec falling back to provided ra/dec
15:03 WARNING : Cannot convert from zenith/azimuth to ra/dec falling back to provided ra/dec
15:03 WARNING : Cannot convert from zenith/azimuth to ra/dec falling back to provided ra/dec
15:03 WARNING : Cannot convert from zenith/azimuth to ra/dec falling back to provided ra/dec
15:03 WARNING : Cannot convert from zenith/azimuth to ra/dec falling back to provided ra/dec
15:03 WARNING : Cannot convert from zenith/azimuth to ra/dec falling back to provided ra/dec
15:03 WARNING : Cannot convert from zenith/azimuth to ra/dec falling back to provided ra/dec
15:03 WARNING : Cannot convert from zenith/azimuth to ra/dec falling back to provided ra/dec
15:03 WARNING : Cannot convert from zenith/azimuth to ra/dec falling back to provided ra/dec
15:03 WARNING : Cannot convert from zenith/azimuth to ra/dec falling back to provided ra/dec
15:03 WARNING : Cannot convert from zenith/azimuth to ra/dec falling back to provided ra/dec
15:03 WARNING : Cannot convert from zenith/azimuth to ra/dec falling back to provided ra/dec
15:03 WARNING : Cannot convert from zenith/azimuth to ra/dec falling back to provided ra/dec
15:03 WARNING : Cannot convert from zenith/azimuth to ra/dec falling back to provided ra/dec
15:03 WARNING : Cannot convert from zenith/azimuth to ra/dec falling back to provided ra/dec
15:03 WARNING : Cannot convert from zenith/azimuth to ra/dec falling back to provided ra/dec
15:03 WARNING : Cannot convert from zenith/azimuth to ra/dec falling back to provided ra/dec
15:03 WARNING : Cannot convert from zenith/azimuth to ra/dec falling back to provided ra/dec
15:03 WARNING : Cannot convert from zenith/azimuth to ra/dec falling back to provided ra/dec
15:03 WARNING : Cannot convert from zenith/azimuth to ra/dec falling back to provided ra/dec
15:03 WARNING : Cannot convert from zenith/azimuth to ra/dec falling back to provided ra/dec
15:03 WARNING : Cannot convert from zenith/azimuth to ra/dec falling back to provided ra/dec
15:03 WARNING : Cannot convert from zenith/azimuth to ra/dec falling back to provided ra/dec
15:03 WARNING : Cannot convert from zenith/azimuth to ra/dec falling back to provided ra/dec
15:03 WARNING : Cannot convert from zenith/azimuth to ra/dec falling back to provided ra/dec
15:03 WARNING : Cannot convert from zenith/azimuth to ra/dec falling back to provided ra/dec
15:03 WARNING : Cannot convert from zenith/azimuth to ra/dec falling back to provided ra/dec
15:03 WARNING : Cannot convert from zenith/azimuth to ra/dec falling back to provided ra/dec
15:03 WARNING : Cannot convert from zenith/azimuth to ra/dec falling back to provided ra/dec
15:03 WARNING : Cannot convert from zenith/azimuth to ra/dec falling back to provided ra/dec
15:03 WARNING : Cannot convert from zenith/azimuth to ra/dec falling back to provided ra/dec
15:03 WARNING : Cannot convert from zenith/azimuth to ra/dec falling back to provided ra/dec
15:03 WARNING : Cannot convert from zenith/azimuth to ra/dec falling back to provided ra/dec
15:03 WARNING : Cannot convert from zenith/azimuth to ra/dec falling back to provided ra/dec
15:03 WARNING : Cannot convert from zenith/azimuth to ra/dec falling back to provided ra/dec
15:03 WARNING : Cannot convert from zenith/azimuth to ra/dec falling back to provided ra/dec
15:03 WARNING : Cannot convert from zenith/azimuth to ra/dec falling back to provided ra/dec
15:03 WARNING : Cannot convert from zenith/azimuth to ra/dec falling back to provided ra/dec
15:03 WARNING : Cannot convert from zenith/azimuth to ra/dec falling back to provided ra/dec
15:03 WARNING : Cannot convert from zenith/azimuth to ra/dec falling back to provided ra/dec
15:03 WARNING : Cannot convert from zenith/azimuth to ra/dec falling back to provided ra/dec
15:03 WARNING : Cannot convert from zenith/azimuth to ra/dec falling back to provided ra/dec
15:03 WARNING : Cannot convert from zenith/azimuth to ra/dec falling back to provided ra/dec
15:03 WARNING : Cannot convert from zenith/azimuth to ra/dec falling back to provided ra/dec
15:03 WARNING : Cannot convert from zenith/azimuth to ra/dec falling back to provided ra/dec
15:03 WARNING : Cannot convert from zenith/azimuth to ra/dec falling back to provided ra/dec
15:03 WARNING : Cannot convert from zenith/azimuth to ra/dec falling back to provided ra/dec
15:03 WARNING : Cannot convert from zenith/azimuth to ra/dec falling back to provided ra/dec
15:03 WARNING : Cannot convert from zenith/azimuth to ra/dec falling back to provided ra/dec
15:03 WARNING : Cannot convert from zenith/azimuth to ra/dec falling back to provided ra/dec
15:03 WARNING : Cannot convert from zenith/azimuth to ra/dec falling back to provided ra/dec
15:03 WARNING : Cannot convert from zenith/azimuth to ra/dec falling back to provided ra/dec
15:03 WARNING : Cannot convert from zenith/azimuth to ra/dec falling back to provided ra/dec
15:03 WARNING : Cannot convert from zenith/azimuth to ra/dec falling back to provided ra/dec
15:03 WARNING : Cannot convert from zenith/azimuth to ra/dec falling back to provided ra/dec
15:03 WARNING : Cannot convert from zenith/azimuth to ra/dec falling back to provided ra/dec
15:03 WARNING : Cannot convert from zenith/azimuth to ra/dec falling back to provided ra/dec
15:03 WARNING : Cannot convert from zenith/azimuth to ra/dec falling back to provided ra/dec
15:03 WARNING : Cannot convert from zenith/azimuth to ra/dec falling back to provided ra/dec
15:03 WARNING : Cannot convert from zenith/azimuth to ra/dec falling back to provided ra/dec
15:03 WARNING : Cannot convert from zenith/azimuth to ra/dec falling back to provided ra/dec
15:03 WARNING : Cannot convert from zenith/azimuth to ra/dec falling back to provided ra/dec
15:03 WARNING : Cannot convert from zenith/azimuth to ra/dec falling back to provided ra/dec
15:03 WARNING : Cannot convert from zenith/azimuth to ra/dec falling back to provided ra/dec
15:03 WARNING : Cannot convert from zenith/azimuth to ra/dec falling back to provided ra/dec
15:03 WARNING : Cannot convert from zenith/azimuth to ra/dec falling back to provided ra/dec
15:03 WARNING : Cannot convert from zenith/azimuth to ra/dec falling back to provided ra/dec
15:03 WARNING : Cannot convert from zenith/azimuth to ra/dec falling back to provided ra/dec
15:03 WARNING : Cannot convert from zenith/azimuth to ra/dec falling back to provided ra/dec
15:03 WARNING : Cannot convert from zenith/azimuth to ra/dec falling back to provided ra/dec
15:03 WARNING : Cannot convert from zenith/azimuth to ra/dec falling back to provided ra/dec
15:03 WARNING : Cannot convert from zenith/azimuth to ra/dec falling back to provided ra/dec
15:03 WARNING : Cannot convert from zenith/azimuth to ra/dec falling back to provided ra/dec
15:03 WARNING : Cannot convert from zenith/azimuth to ra/dec falling back to provided ra/dec
15:03 WARNING : Cannot convert from zenith/azimuth to ra/dec falling back to provided ra/dec
15:03 WARNING : Cannot convert from zenith/azimuth to ra/dec falling back to provided ra/dec
15:03 WARNING : Cannot convert from zenith/azimuth to ra/dec falling back to provided ra/dec
15:03 WARNING : Cannot convert from zenith/azimuth to ra/dec falling back to provided ra/dec
15:03 WARNING : Cannot convert from zenith/azimuth to ra/dec falling back to provided ra/dec
15:03 WARNING : Cannot convert from zenith/azimuth to ra/dec falling back to provided ra/dec
15:03 WARNING : Cannot convert from zenith/azimuth to ra/dec falling back to provided ra/dec
15:03 WARNING : Cannot convert from zenith/azimuth to ra/dec falling back to provided ra/dec
15:03 WARNING : Cannot convert from zenith/azimuth to ra/dec falling back to provided ra/dec
15:03 WARNING : Cannot convert from zenith/azimuth to ra/dec falling back to provided ra/dec
15:03 WARNING : Cannot convert from zenith/azimuth to ra/dec falling back to provided ra/dec
15:03 WARNING : Cannot convert from zenith/azimuth to ra/dec falling back to provided ra/dec
15:03 WARNING : Cannot convert from zenith/azimuth to ra/dec falling back to provided ra/dec
15:03 WARNING : Cannot convert from zenith/azimuth to ra/dec falling back to provided ra/dec
15:03 WARNING : Cannot convert from zenith/azimuth to ra/dec falling back to provided ra/dec
15:03 WARNING : Cannot convert from zenith/azimuth to ra/dec falling back to provided ra/dec
15:03 WARNING : Cannot convert from zenith/azimuth to ra/dec falling back to provided ra/dec
15:03 WARNING : Cannot convert from zenith/azimuth to ra/dec falling back to provided ra/dec
15:03 WARNING : Cannot convert from zenith/azimuth to ra/dec falling back to provided ra/dec
15:03 WARNING : Cannot convert from zenith/azimuth to ra/dec falling back to provided ra/dec
15:03 WARNING : Cannot convert from zenith/azimuth to ra/dec falling back to provided ra/dec
15:03 WARNING : Cannot convert from zenith/azimuth to ra/dec falling back to provided ra/dec
15:03 WARNING : Cannot convert from zenith/azimuth to ra/dec falling back to provided ra/dec
15:03 WARNING : Cannot convert from zenith/azimuth to ra/dec falling back to provided ra/dec
15:03 WARNING : Cannot convert from zenith/azimuth to ra/dec falling back to provided ra/dec
15:03 WARNING : Cannot convert from zenith/azimuth to ra/dec falling back to provided ra/dec
15:03 WARNING : Cannot convert from zenith/azimuth to ra/dec falling back to provided ra/dec
15:03 WARNING : Cannot convert from zenith/azimuth to ra/dec falling back to provided ra/dec
15:03 WARNING : Cannot convert from zenith/azimuth to ra/dec falling back to provided ra/dec
15:03 WARNING : Cannot convert from zenith/azimuth to ra/dec falling back to provided ra/dec
15:03 WARNING : Cannot convert from zenith/azimuth to ra/dec falling back to provided ra/dec
15:03 WARNING : Cannot convert from zenith/azimuth to ra/dec falling back to provided ra/dec
15:03 WARNING : Cannot convert from zenith/azimuth to ra/dec falling back to provided ra/dec
15:03 WARNING : Cannot convert from zenith/azimuth to ra/dec falling back to provided ra/dec
15:03 WARNING : Cannot convert from zenith/azimuth to ra/dec falling back to provided ra/dec
15:03 WARNING : Cannot convert from zenith/azimuth to ra/dec falling back to provided ra/dec
15:03 WARNING : Cannot convert from zenith/azimuth to ra/dec falling back to provided ra/dec
15:03 WARNING : Cannot convert from zenith/azimuth to ra/dec falling back to provided ra/dec
15:03 WARNING : Cannot convert from zenith/azimuth to ra/dec falling back to provided ra/dec
15:03 WARNING : Cannot convert from zenith/azimuth to ra/dec falling back to provided ra/dec
15:03 WARNING : Cannot convert from zenith/azimuth to ra/dec falling back to provided ra/dec
15:03 WARNING : Cannot convert from zenith/azimuth to ra/dec falling back to provided ra/dec
15:03 WARNING : Cannot convert from zenith/azimuth to ra/dec falling back to provided ra/dec
15:03 WARNING : Cannot convert from zenith/azimuth to ra/dec falling back to provided ra/dec
15:04 WARNING : Cannot convert from zenith/azimuth to ra/dec falling back to provided ra/dec
15:04 WARNING : Cannot convert from zenith/azimuth to ra/dec falling back to provided ra/dec
15:04 WARNING : Cannot convert from zenith/azimuth to ra/dec falling back to provided ra/dec
15:04 WARNING : Cannot convert from zenith/azimuth to ra/dec falling back to provided ra/dec
15:04 WARNING : Cannot convert from zenith/azimuth to ra/dec falling back to provided ra/dec
15:04 WARNING : Cannot convert from zenith/azimuth to ra/dec falling back to provided ra/dec
15:04 WARNING : Cannot convert from zenith/azimuth to ra/dec falling back to provided ra/dec
15:04 WARNING : Cannot convert from zenith/azimuth to ra/dec falling back to provided ra/dec
15:04 WARNING : Cannot convert from zenith/azimuth to ra/dec falling back to provided ra/dec
15:04 WARNING : Cannot convert from zenith/azimuth to ra/dec falling back to provided ra/dec
15:04 WARNING : Cannot convert from zenith/azimuth to ra/dec falling back to provided ra/dec
15:04 WARNING : Cannot convert from zenith/azimuth to ra/dec falling back to provided ra/dec
15:04 WARNING : Cannot convert from zenith/azimuth to ra/dec falling back to provided ra/dec
15:04 WARNING : Cannot convert from zenith/azimuth to ra/dec falling back to provided ra/dec
15:04 WARNING : Cannot convert from zenith/azimuth to ra/dec falling back to provided ra/dec
15:04 WARNING : Cannot convert from zenith/azimuth to ra/dec falling back to provided ra/dec
15:04 WARNING : Cannot convert from zenith/azimuth to ra/dec falling back to provided ra/dec
15:04 WARNING : Cannot convert from zenith/azimuth to ra/dec falling back to provided ra/dec
15:04 WARNING : Cannot convert from zenith/azimuth to ra/dec falling back to provided ra/dec
15:04 WARNING : Cannot convert from zenith/azimuth to ra/dec falling back to provided ra/dec
15:04 WARNING : Cannot convert from zenith/azimuth to ra/dec falling back to provided ra/dec
15:04 WARNING : Cannot convert from zenith/azimuth to ra/dec falling back to provided ra/dec
15:04 WARNING : Cannot convert from zenith/azimuth to ra/dec falling back to provided ra/dec
15:04 WARNING : Cannot convert from zenith/azimuth to ra/dec falling back to provided ra/dec
15:04 WARNING : Cannot convert from zenith/azimuth to ra/dec falling back to provided ra/dec
15:04 WARNING : Cannot convert from zenith/azimuth to ra/dec falling back to provided ra/dec
15:04 WARNING : Cannot convert from zenith/azimuth to ra/dec falling back to provided ra/dec
15:04 WARNING : Cannot convert from zenith/azimuth to ra/dec falling back to provided ra/dec
15:04 WARNING : Cannot convert from zenith/azimuth to ra/dec falling back to provided ra/dec
15:04 WARNING : Cannot convert from zenith/azimuth to ra/dec falling back to provided ra/dec
15:04 WARNING : Cannot convert from zenith/azimuth to ra/dec falling back to provided ra/dec
15:04 WARNING : Cannot convert from zenith/azimuth to ra/dec falling back to provided ra/dec
15:04 WARNING : Cannot convert from zenith/azimuth to ra/dec falling back to provided ra/dec
15:04 WARNING : Cannot convert from zenith/azimuth to ra/dec falling back to provided ra/dec
15:04 WARNING : Cannot convert from zenith/azimuth to ra/dec falling back to provided ra/dec
15:04 WARNING : Cannot convert from zenith/azimuth to ra/dec falling back to provided ra/dec
15:04 WARNING : Cannot convert from zenith/azimuth to ra/dec falling back to provided ra/dec
15:04 WARNING : Cannot convert from zenith/azimuth to ra/dec falling back to provided ra/dec
15:04 WARNING : Cannot convert from zenith/azimuth to ra/dec falling back to provided ra/dec
15:04 WARNING : Cannot convert from zenith/azimuth to ra/dec falling back to provided ra/dec
15:04 WARNING : Cannot convert from zenith/azimuth to ra/dec falling back to provided ra/dec
15:04 WARNING : Cannot convert from zenith/azimuth to ra/dec falling back to provided ra/dec
15:04 WARNING : Cannot convert from zenith/azimuth to ra/dec falling back to provided ra/dec
15:04 WARNING : Cannot convert from zenith/azimuth to ra/dec falling back to provided ra/dec
15:04 WARNING : Cannot convert from zenith/azimuth to ra/dec falling back to provided ra/dec
15:04 WARNING : Cannot convert from zenith/azimuth to ra/dec falling back to provided ra/dec
15:04 WARNING : Cannot convert from zenith/azimuth to ra/dec falling back to provided ra/dec
15:04 WARNING : Cannot convert from zenith/azimuth to ra/dec falling back to provided ra/dec
15:04 WARNING : Cannot convert from zenith/azimuth to ra/dec falling back to provided ra/dec
15:04 WARNING : Cannot convert from zenith/azimuth to ra/dec falling back to provided ra/dec
15:04 WARNING : Cannot convert from zenith/azimuth to ra/dec falling back to provided ra/dec
15:04 WARNING : Cannot convert from zenith/azimuth to ra/dec falling back to provided ra/dec
15:04 WARNING : Cannot convert from zenith/azimuth to ra/dec falling back to provided ra/dec
15:04 WARNING : Cannot convert from zenith/azimuth to ra/dec falling back to provided ra/dec
15:04 WARNING : Cannot convert from zenith/azimuth to ra/dec falling back to provided ra/dec
15:04 WARNING : Cannot convert from zenith/azimuth to ra/dec falling back to provided ra/dec
15:04 WARNING : Cannot convert from zenith/azimuth to ra/dec falling back to provided ra/dec
15:04 WARNING : Cannot convert from zenith/azimuth to ra/dec falling back to provided ra/dec
15:04 WARNING : Cannot convert from zenith/azimuth to ra/dec falling back to provided ra/dec
15:04 WARNING : Cannot convert from zenith/azimuth to ra/dec falling back to provided ra/dec
15:04 WARNING : Cannot convert from zenith/azimuth to ra/dec falling back to provided ra/dec
15:04 WARNING : Cannot convert from zenith/azimuth to ra/dec falling back to provided ra/dec
15:04 WARNING : Cannot convert from zenith/azimuth to ra/dec falling back to provided ra/dec
15:04 WARNING : Cannot convert from zenith/azimuth to ra/dec falling back to provided ra/dec
15:04 WARNING : Cannot convert from zenith/azimuth to ra/dec falling back to provided ra/dec
15:04 WARNING : Cannot convert from zenith/azimuth to ra/dec falling back to provided ra/dec
15:04 WARNING : Cannot convert from zenith/azimuth to ra/dec falling back to provided ra/dec
15:04 WARNING : Cannot convert from zenith/azimuth to ra/dec falling back to provided ra/dec
15:04 WARNING : Cannot convert from zenith/azimuth to ra/dec falling back to provided ra/dec
15:04 WARNING : Cannot convert from zenith/azimuth to ra/dec falling back to provided ra/dec
15:04 WARNING : Cannot convert from zenith/azimuth to ra/dec falling back to provided ra/dec
15:04 WARNING : Cannot convert from zenith/azimuth to ra/dec falling back to provided ra/dec
15:04 WARNING : Cannot convert from zenith/azimuth to ra/dec falling back to provided ra/dec
15:04 WARNING : Cannot convert from zenith/azimuth to ra/dec falling back to provided ra/dec
15:04 WARNING : Cannot convert from zenith/azimuth to ra/dec falling back to provided ra/dec
15:04 WARNING : Cannot convert from zenith/azimuth to ra/dec falling back to provided ra/dec
15:04 WARNING : Cannot convert from zenith/azimuth to ra/dec falling back to provided ra/dec
15:04 WARNING : Cannot convert from zenith/azimuth to ra/dec falling back to provided ra/dec
15:04 WARNING : Cannot convert from zenith/azimuth to ra/dec falling back to provided ra/dec
15:04 WARNING : Cannot convert from zenith/azimuth to ra/dec falling back to provided ra/dec
15:04 WARNING : Cannot convert from zenith/azimuth to ra/dec falling back to provided ra/dec
15:04 WARNING : Cannot convert from zenith/azimuth to ra/dec falling back to provided ra/dec
15:04 WARNING : Cannot convert from zenith/azimuth to ra/dec falling back to provided ra/dec
15:04 WARNING : Cannot convert from zenith/azimuth to ra/dec falling back to provided ra/dec
15:04 WARNING : Cannot convert from zenith/azimuth to ra/dec falling back to provided ra/dec
15:04 WARNING : Cannot convert from zenith/azimuth to ra/dec falling back to provided ra/dec
15:04 WARNING : Cannot convert from zenith/azimuth to ra/dec falling back to provided ra/dec
15:04 WARNING : Cannot convert from zenith/azimuth to ra/dec falling back to provided ra/dec
15:04 WARNING : Cannot convert from zenith/azimuth to ra/dec falling back to provided ra/dec
15:04 WARNING : Cannot convert from zenith/azimuth to ra/dec falling back to provided ra/dec
15:04 WARNING : Cannot convert from zenith/azimuth to ra/dec falling back to provided ra/dec
15:04 WARNING : Cannot convert from zenith/azimuth to ra/dec falling back to provided ra/dec
15:04 WARNING : Cannot convert from zenith/azimuth to ra/dec falling back to provided ra/dec
15:04 WARNING : Cannot convert from zenith/azimuth to ra/dec falling back to provided ra/dec
15:04 WARNING : Cannot convert from zenith/azimuth to ra/dec falling back to provided ra/dec
15:04 WARNING : Cannot convert from zenith/azimuth to ra/dec falling back to provided ra/dec
15:04 WARNING : Cannot convert from zenith/azimuth to ra/dec falling back to provided ra/dec
15:04 WARNING : Cannot convert from zenith/azimuth to ra/dec falling back to provided ra/dec
15:04 WARNING : Cannot convert from zenith/azimuth to ra/dec falling back to provided ra/dec
15:04 WARNING : Cannot convert from zenith/azimuth to ra/dec falling back to provided ra/dec
15:04 WARNING : Cannot convert from zenith/azimuth to ra/dec falling back to provided ra/dec
15:04 WARNING : Cannot convert from zenith/azimuth to ra/dec falling back to provided ra/dec
15:04 WARNING : Cannot convert from zenith/azimuth to ra/dec falling back to provided ra/dec
15:04 WARNING : Cannot convert from zenith/azimuth to ra/dec falling back to provided ra/dec
15:04 WARNING : Cannot convert from zenith/azimuth to ra/dec falling back to provided ra/dec
15:04 WARNING : Cannot convert from zenith/azimuth to ra/dec falling back to provided ra/dec
15:04 WARNING : Cannot convert from zenith/azimuth to ra/dec falling back to provided ra/dec
15:04 WARNING : Cannot convert from zenith/azimuth to ra/dec falling back to provided ra/dec
15:04 WARNING : Cannot convert from zenith/azimuth to ra/dec falling back to provided ra/dec
15:04 WARNING : Cannot convert from zenith/azimuth to ra/dec falling back to provided ra/dec
15:04 WARNING : Cannot convert from zenith/azimuth to ra/dec falling back to provided ra/dec
15:04 WARNING : Cannot convert from zenith/azimuth to ra/dec falling back to provided ra/dec
15:04 WARNING : Cannot convert from zenith/azimuth to ra/dec falling back to provided ra/dec
15:04 WARNING : Cannot convert from zenith/azimuth to ra/dec falling back to provided ra/dec
15:04 WARNING : Cannot convert from zenith/azimuth to ra/dec falling back to provided ra/dec
15:04 WARNING : Cannot convert from zenith/azimuth to ra/dec falling back to provided ra/dec
15:04 WARNING : Cannot convert from zenith/azimuth to ra/dec falling back to provided ra/dec
15:04 WARNING : Cannot convert from zenith/azimuth to ra/dec falling back to provided ra/dec
15:04 WARNING : Cannot convert from zenith/azimuth to ra/dec falling back to provided ra/dec
15:04 WARNING : Cannot convert from zenith/azimuth to ra/dec falling back to provided ra/dec
15:04 WARNING : Cannot convert from zenith/azimuth to ra/dec falling back to provided ra/dec
15:04 WARNING : Cannot convert from zenith/azimuth to ra/dec falling back to provided ra/dec
15:04 WARNING : Cannot convert from zenith/azimuth to ra/dec falling back to provided ra/dec
15:04 WARNING : Cannot convert from zenith/azimuth to ra/dec falling back to provided ra/dec
15:04 WARNING : Cannot convert from zenith/azimuth to ra/dec falling back to provided ra/dec
15:04 WARNING : Cannot convert from zenith/azimuth to ra/dec falling back to provided ra/dec
15:04 WARNING : Cannot convert from zenith/azimuth to ra/dec falling back to provided ra/dec
15:04 WARNING : Cannot convert from zenith/azimuth to ra/dec falling back to provided ra/dec
15:04 WARNING : Cannot convert from zenith/azimuth to ra/dec falling back to provided ra/dec
15:04 WARNING : Cannot convert from zenith/azimuth to ra/dec falling back to provided ra/dec
15:04 WARNING : Cannot convert from zenith/azimuth to ra/dec falling back to provided ra/dec
15:04 WARNING : Cannot convert from zenith/azimuth to ra/dec falling back to provided ra/dec
15:04 WARNING : Cannot convert from zenith/azimuth to ra/dec falling back to provided ra/dec
15:04 WARNING : Cannot convert from zenith/azimuth to ra/dec falling back to provided ra/dec
15:04 WARNING : Cannot convert from zenith/azimuth to ra/dec falling back to provided ra/dec
15:04 WARNING : Cannot convert from zenith/azimuth to ra/dec falling back to provided ra/dec
15:04 WARNING : Cannot convert from zenith/azimuth to ra/dec falling back to provided ra/dec
15:04 WARNING : Cannot convert from zenith/azimuth to ra/dec falling back to provided ra/dec
15:04 WARNING : Cannot convert from zenith/azimuth to ra/dec falling back to provided ra/dec
15:04 WARNING : Cannot convert from zenith/azimuth to ra/dec falling back to provided ra/dec
15:04 WARNING : Cannot convert from zenith/azimuth to ra/dec falling back to provided ra/dec
15:04 WARNING : Cannot convert from zenith/azimuth to ra/dec falling back to provided ra/dec
15:04 WARNING : Cannot convert from zenith/azimuth to ra/dec falling back to provided ra/dec
15:04 WARNING : Cannot convert from zenith/azimuth to ra/dec falling back to provided ra/dec
15:04 WARNING : Cannot convert from zenith/azimuth to ra/dec falling back to provided ra/dec
15:04 WARNING : Cannot convert from zenith/azimuth to ra/dec falling back to provided ra/dec
15:04 WARNING : Cannot convert from zenith/azimuth to ra/dec falling back to provided ra/dec
15:04 WARNING : Cannot convert from zenith/azimuth to ra/dec falling back to provided ra/dec
15:04 WARNING : Cannot convert from zenith/azimuth to ra/dec falling back to provided ra/dec
15:04 WARNING : Cannot convert from zenith/azimuth to ra/dec falling back to provided ra/dec
15:04 WARNING : Cannot convert from zenith/azimuth to ra/dec falling back to provided ra/dec
15:04 WARNING : Cannot convert from zenith/azimuth to ra/dec falling back to provided ra/dec
15:04 WARNING : Cannot convert from zenith/azimuth to ra/dec falling back to provided ra/dec
15:04 WARNING : Cannot convert from zenith/azimuth to ra/dec falling back to provided ra/dec
15:04 WARNING : Cannot convert from zenith/azimuth to ra/dec falling back to provided ra/dec
15:04 WARNING : Cannot convert from zenith/azimuth to ra/dec falling back to provided ra/dec
15:04 WARNING : Cannot convert from zenith/azimuth to ra/dec falling back to provided ra/dec
15:04 WARNING : Cannot convert from zenith/azimuth to ra/dec falling back to provided ra/dec
15:04 WARNING : Cannot convert from zenith/azimuth to ra/dec falling back to provided ra/dec
15:04 WARNING : Cannot convert from zenith/azimuth to ra/dec falling back to provided ra/dec
15:04 WARNING : Cannot convert from zenith/azimuth to ra/dec falling back to provided ra/dec
15:04 WARNING : Cannot convert from zenith/azimuth to ra/dec falling back to provided ra/dec
15:04 WARNING : Cannot convert from zenith/azimuth to ra/dec falling back to provided ra/dec
15:04 WARNING : Cannot convert from zenith/azimuth to ra/dec falling back to provided ra/dec
15:04 WARNING : Cannot convert from zenith/azimuth to ra/dec falling back to provided ra/dec
15:04 WARNING : Cannot convert from zenith/azimuth to ra/dec falling back to provided ra/dec
15:04 WARNING : Cannot convert from zenith/azimuth to ra/dec falling back to provided ra/dec
15:04 WARNING : Cannot convert from zenith/azimuth to ra/dec falling back to provided ra/dec
15:04 WARNING : Cannot convert from zenith/azimuth to ra/dec falling back to provided ra/dec
15:04 WARNING : Cannot convert from zenith/azimuth to ra/dec falling back to provided ra/dec
15:04 WARNING : Cannot convert from zenith/azimuth to ra/dec falling back to provided ra/dec
15:04 WARNING : Cannot convert from zenith/azimuth to ra/dec falling back to provided ra/dec
15:04 WARNING : Cannot convert from zenith/azimuth to ra/dec falling back to provided ra/dec
15:04 WARNING : Cannot convert from zenith/azimuth to ra/dec falling back to provided ra/dec
15:04 WARNING : Cannot convert from zenith/azimuth to ra/dec falling back to provided ra/dec
15:04 WARNING : Cannot convert from zenith/azimuth to ra/dec falling back to provided ra/dec
15:04 WARNING : Cannot convert from zenith/azimuth to ra/dec falling back to provided ra/dec
15:04 WARNING : Cannot convert from zenith/azimuth to ra/dec falling back to provided ra/dec
15:04 WARNING : Cannot convert from zenith/azimuth to ra/dec falling back to provided ra/dec
15:04 WARNING : Cannot convert from zenith/azimuth to ra/dec falling back to provided ra/dec
15:04 WARNING : Cannot convert from zenith/azimuth to ra/dec falling back to provided ra/dec
15:04 WARNING : Cannot convert from zenith/azimuth to ra/dec falling back to provided ra/dec
15:04 WARNING : Cannot convert from zenith/azimuth to ra/dec falling back to provided ra/dec
15:04 WARNING : Cannot convert from zenith/azimuth to ra/dec falling back to provided ra/dec
15:04 WARNING : Cannot convert from zenith/azimuth to ra/dec falling back to provided ra/dec
15:04 WARNING : Cannot convert from zenith/azimuth to ra/dec falling back to provided ra/dec
15:04 WARNING : Cannot convert from zenith/azimuth to ra/dec falling back to provided ra/dec
15:04 WARNING : Cannot convert from zenith/azimuth to ra/dec falling back to provided ra/dec
15:04 WARNING : Cannot convert from zenith/azimuth to ra/dec falling back to provided ra/dec
15:04 WARNING : Cannot convert from zenith/azimuth to ra/dec falling back to provided ra/dec
15:04 WARNING : Cannot convert from zenith/azimuth to ra/dec falling back to provided ra/dec
15:04 WARNING : Cannot convert from zenith/azimuth to ra/dec falling back to provided ra/dec
15:04 WARNING : Cannot convert from zenith/azimuth to ra/dec falling back to provided ra/dec
15:04 WARNING : Cannot convert from zenith/azimuth to ra/dec falling back to provided ra/dec
15:04 WARNING : Cannot convert from zenith/azimuth to ra/dec falling back to provided ra/dec
15:04 WARNING : Cannot convert from zenith/azimuth to ra/dec falling back to provided ra/dec
15:04 WARNING : Cannot convert from zenith/azimuth to ra/dec falling back to provided ra/dec
15:04 WARNING : Cannot convert from zenith/azimuth to ra/dec falling back to provided ra/dec
15:04 WARNING : Cannot convert from zenith/azimuth to ra/dec falling back to provided ra/dec
15:04 WARNING : Cannot convert from zenith/azimuth to ra/dec falling back to provided ra/dec
15:04 WARNING : Cannot convert from zenith/azimuth to ra/dec falling back to provided ra/dec
15:04 WARNING : Cannot convert from zenith/azimuth to ra/dec falling back to provided ra/dec
15:04 WARNING : Cannot convert from zenith/azimuth to ra/dec falling back to provided ra/dec
15:04 WARNING : Cannot convert from zenith/azimuth to ra/dec falling back to provided ra/dec
15:04 WARNING : Cannot convert from zenith/azimuth to ra/dec falling back to provided ra/dec
15:04 WARNING : Cannot convert from zenith/azimuth to ra/dec falling back to provided ra/dec
15:04 WARNING : Cannot convert from zenith/azimuth to ra/dec falling back to provided ra/dec
15:04 WARNING : Cannot convert from zenith/azimuth to ra/dec falling back to provided ra/dec
15:04 WARNING : Cannot convert from zenith/azimuth to ra/dec falling back to provided ra/dec
15:04 WARNING : Cannot convert from zenith/azimuth to ra/dec falling back to provided ra/dec
15:04 WARNING : Cannot convert from zenith/azimuth to ra/dec falling back to provided ra/dec
15:04 WARNING : Cannot convert from zenith/azimuth to ra/dec falling back to provided ra/dec
15:04 WARNING : Cannot convert from zenith/azimuth to ra/dec falling back to provided ra/dec
15:04 WARNING : Cannot convert from zenith/azimuth to ra/dec falling back to provided ra/dec
15:04 WARNING : Cannot convert from zenith/azimuth to ra/dec falling back to provided ra/dec
15:04 WARNING : Cannot convert from zenith/azimuth to ra/dec falling back to provided ra/dec
15:04 WARNING : Cannot convert from zenith/azimuth to ra/dec falling back to provided ra/dec
15:04 WARNING : Cannot convert from zenith/azimuth to ra/dec falling back to provided ra/dec
15:04 WARNING : Cannot convert from zenith/azimuth to ra/dec falling back to provided ra/dec
15:04 WARNING : Cannot convert from zenith/azimuth to ra/dec falling back to provided ra/dec
15:04 WARNING : Cannot convert from zenith/azimuth to ra/dec falling back to provided ra/dec
15:04 WARNING : Cannot convert from zenith/azimuth to ra/dec falling back to provided ra/dec
15:04 WARNING : Cannot convert from zenith/azimuth to ra/dec falling back to provided ra/dec
15:04 WARNING : Cannot convert from zenith/azimuth to ra/dec falling back to provided ra/dec
15:04 WARNING : Cannot convert from zenith/azimuth to ra/dec falling back to provided ra/dec
15:04 WARNING : Cannot convert from zenith/azimuth to ra/dec falling back to provided ra/dec
15:04 WARNING : Cannot convert from zenith/azimuth to ra/dec falling back to provided ra/dec
15:04 WARNING : Cannot convert from zenith/azimuth to ra/dec falling back to provided ra/dec
15:04 WARNING : Cannot convert from zenith/azimuth to ra/dec falling back to provided ra/dec
15:04 WARNING : Cannot convert from zenith/azimuth to ra/dec falling back to provided ra/dec
15:04 WARNING : Cannot convert from zenith/azimuth to ra/dec falling back to provided ra/dec
15:04 WARNING : Cannot convert from zenith/azimuth to ra/dec falling back to provided ra/dec
15:04 WARNING : Cannot convert from zenith/azimuth to ra/dec falling back to provided ra/dec
15:04 WARNING : Cannot convert from zenith/azimuth to ra/dec falling back to provided ra/dec
15:04 WARNING : Cannot convert from zenith/azimuth to ra/dec falling back to provided ra/dec
15:04 WARNING : Cannot convert from zenith/azimuth to ra/dec falling back to provided ra/dec
15:04 WARNING : Cannot convert from zenith/azimuth to ra/dec falling back to provided ra/dec
15:04 WARNING : Cannot convert from zenith/azimuth to ra/dec falling back to provided ra/dec
15:04 WARNING : Cannot convert from zenith/azimuth to ra/dec falling back to provided ra/dec
15:04 WARNING : Cannot convert from zenith/azimuth to ra/dec falling back to provided ra/dec
15:04 WARNING : Cannot convert from zenith/azimuth to ra/dec falling back to provided ra/dec
15:04 WARNING : Cannot convert from zenith/azimuth to ra/dec falling back to provided ra/dec
15:04 WARNING : Cannot convert from zenith/azimuth to ra/dec falling back to provided ra/dec
15:04 WARNING : Cannot convert from zenith/azimuth to ra/dec falling back to provided ra/dec
15:04 WARNING : Cannot convert from zenith/azimuth to ra/dec falling back to provided ra/dec
15:04 WARNING : Cannot convert from zenith/azimuth to ra/dec falling back to provided ra/dec
15:04 WARNING : Cannot convert from zenith/azimuth to ra/dec falling back to provided ra/dec
15:04 WARNING : Cannot convert from zenith/azimuth to ra/dec falling back to provided ra/dec
15:04 WARNING : Cannot convert from zenith/azimuth to ra/dec falling back to provided ra/dec
15:04 WARNING : Cannot convert from zenith/azimuth to ra/dec falling back to provided ra/dec
15:04 WARNING : Cannot convert from zenith/azimuth to ra/dec falling back to provided ra/dec
15:04 WARNING : Cannot convert from zenith/azimuth to ra/dec falling back to provided ra/dec
15:04 WARNING : Cannot convert from zenith/azimuth to ra/dec falling back to provided ra/dec
15:04 WARNING : Cannot convert from zenith/azimuth to ra/dec falling back to provided ra/dec
15:04 WARNING : Cannot convert from zenith/azimuth to ra/dec falling back to provided ra/dec
15:04 WARNING : Cannot convert from zenith/azimuth to ra/dec falling back to provided ra/dec
15:04 WARNING : Cannot convert from zenith/azimuth to ra/dec falling back to provided ra/dec
15:04 WARNING : Cannot convert from zenith/azimuth to ra/dec falling back to provided ra/dec
15:04 WARNING : Cannot convert from zenith/azimuth to ra/dec falling back to provided ra/dec
15:04 WARNING : Cannot convert from zenith/azimuth to ra/dec falling back to provided ra/dec
15:04 WARNING : Cannot convert from zenith/azimuth to ra/dec falling back to provided ra/dec
15:04 WARNING : Cannot convert from zenith/azimuth to ra/dec falling back to provided ra/dec
15:04 WARNING : Cannot convert from zenith/azimuth to ra/dec falling back to provided ra/dec
15:04 WARNING : Cannot convert from zenith/azimuth to ra/dec falling back to provided ra/dec
15:04 WARNING : Cannot convert from zenith/azimuth to ra/dec falling back to provided ra/dec
15:04 WARNING : Cannot convert from zenith/azimuth to ra/dec falling back to provided ra/dec
15:04 WARNING : Cannot convert from zenith/azimuth to ra/dec falling back to provided ra/dec
15:04 WARNING : Cannot convert from zenith/azimuth to ra/dec falling back to provided ra/dec
15:04 WARNING : Cannot convert from zenith/azimuth to ra/dec falling back to provided ra/dec
15:04 WARNING : Cannot convert from zenith/azimuth to ra/dec falling back to provided ra/dec
15:04 WARNING : Cannot convert from zenith/azimuth to ra/dec falling back to provided ra/dec
15:04 WARNING : Cannot convert from zenith/azimuth to ra/dec falling back to provided ra/dec
15:04 WARNING : Cannot convert from zenith/azimuth to ra/dec falling back to provided ra/dec
15:04 WARNING : Cannot convert from zenith/azimuth to ra/dec falling back to provided ra/dec
15:04 WARNING : Cannot convert from zenith/azimuth to ra/dec falling back to provided ra/dec
15:04 WARNING : Cannot convert from zenith/azimuth to ra/dec falling back to provided ra/dec
15:04 WARNING : Cannot convert from zenith/azimuth to ra/dec falling back to provided ra/dec
15:04 WARNING : Cannot convert from zenith/azimuth to ra/dec falling back to provided ra/dec
15:04 WARNING : Cannot convert from zenith/azimuth to ra/dec falling back to provided ra/dec
15:04 WARNING : Cannot convert from zenith/azimuth to ra/dec falling back to provided ra/dec
15:04 WARNING : Cannot convert from zenith/azimuth to ra/dec falling back to provided ra/dec
15:04 WARNING : Cannot convert from zenith/azimuth to ra/dec falling back to provided ra/dec
15:04 WARNING : Cannot convert from zenith/azimuth to ra/dec falling back to provided ra/dec
15:04 WARNING : Cannot convert from zenith/azimuth to ra/dec falling back to provided ra/dec
15:04 WARNING : Cannot convert from zenith/azimuth to ra/dec falling back to provided ra/dec
15:04 WARNING : Cannot convert from zenith/azimuth to ra/dec falling back to provided ra/dec
15:04 WARNING : Cannot convert from zenith/azimuth to ra/dec falling back to provided ra/dec
15:04 WARNING : Cannot convert from zenith/azimuth to ra/dec falling back to provided ra/dec
15:04 WARNING : Cannot convert from zenith/azimuth to ra/dec falling back to provided ra/dec
15:04 WARNING : Cannot convert from zenith/azimuth to ra/dec falling back to provided ra/dec
15:04 WARNING : Cannot convert from zenith/azimuth to ra/dec falling back to provided ra/dec
15:04 WARNING : Cannot convert from zenith/azimuth to ra/dec falling back to provided ra/dec
15:04 WARNING : Cannot convert from zenith/azimuth to ra/dec falling back to provided ra/dec
15:04 WARNING : Cannot convert from zenith/azimuth to ra/dec falling back to provided ra/dec
15:04 WARNING : Cannot convert from zenith/azimuth to ra/dec falling back to provided ra/dec
15:04 WARNING : Cannot convert from zenith/azimuth to ra/dec falling back to provided ra/dec
15:04 WARNING : Cannot convert from zenith/azimuth to ra/dec falling back to provided ra/dec
15:04 WARNING : Cannot convert from zenith/azimuth to ra/dec falling back to provided ra/dec
15:04 WARNING : Cannot convert from zenith/azimuth to ra/dec falling back to provided ra/dec
15:04 WARNING : Cannot convert from zenith/azimuth to ra/dec falling back to provided ra/dec
15:04 WARNING : Cannot convert from zenith/azimuth to ra/dec falling back to provided ra/dec
15:04 WARNING : Cannot convert from zenith/azimuth to ra/dec falling back to provided ra/dec
15:04 WARNING : Cannot convert from zenith/azimuth to ra/dec falling back to provided ra/dec
15:04 WARNING : Cannot convert from zenith/azimuth to ra/dec falling back to provided ra/dec
15:04 WARNING : Cannot convert from zenith/azimuth to ra/dec falling back to provided ra/dec
15:04 WARNING : Cannot convert from zenith/azimuth to ra/dec falling back to provided ra/dec
15:04 WARNING : Cannot convert from zenith/azimuth to ra/dec falling back to provided ra/dec
15:04 WARNING : Cannot convert from zenith/azimuth to ra/dec falling back to provided ra/dec
15:04 WARNING : Cannot convert from zenith/azimuth to ra/dec falling back to provided ra/dec
15:04 WARNING : Cannot convert from zenith/azimuth to ra/dec falling back to provided ra/dec
15:04 WARNING : Cannot convert from zenith/azimuth to ra/dec falling back to provided ra/dec
15:04 WARNING : Cannot convert from zenith/azimuth to ra/dec falling back to provided ra/dec
15:04 WARNING : Cannot convert from zenith/azimuth to ra/dec falling back to provided ra/dec
15:04 WARNING : Cannot convert from zenith/azimuth to ra/dec falling back to provided ra/dec
15:04 WARNING : Cannot convert from zenith/azimuth to ra/dec falling back to provided ra/dec
15:04 WARNING : Cannot convert from zenith/azimuth to ra/dec falling back to provided ra/dec
15:04 WARNING : Cannot convert from zenith/azimuth to ra/dec falling back to provided ra/dec
15:04 WARNING : Cannot convert from zenith/azimuth to ra/dec falling back to provided ra/dec
15:04 WARNING : Cannot convert from zenith/azimuth to ra/dec falling back to provided ra/dec
15:04 WARNING : Cannot convert from zenith/azimuth to ra/dec falling back to provided ra/dec
15:04 WARNING : Cannot convert from zenith/azimuth to ra/dec falling back to provided ra/dec
15:04 WARNING : Cannot convert from zenith/azimuth to ra/dec falling back to provided ra/dec
15:04 WARNING : Cannot convert from zenith/azimuth to ra/dec falling back to provided ra/dec
15:04 WARNING : Cannot convert from zenith/azimuth to ra/dec falling back to provided ra/dec
15:04 WARNING : Cannot convert from zenith/azimuth to ra/dec falling back to provided ra/dec
15:04 WARNING : Cannot convert from zenith/azimuth to ra/dec falling back to provided ra/dec
15:04 WARNING : Cannot convert from zenith/azimuth to ra/dec falling back to provided ra/dec
15:04 WARNING : Cannot convert from zenith/azimuth to ra/dec falling back to provided ra/dec
15:04 WARNING : Cannot convert from zenith/azimuth to ra/dec falling back to provided ra/dec
15:04 WARNING : Cannot convert from zenith/azimuth to ra/dec falling back to provided ra/dec
15:04 WARNING : Cannot convert from zenith/azimuth to ra/dec falling back to provided ra/dec
15:04 WARNING : Cannot convert from zenith/azimuth to ra/dec falling back to provided ra/dec
15:04 WARNING : Cannot convert from zenith/azimuth to ra/dec falling back to provided ra/dec
15:04 WARNING : Cannot convert from zenith/azimuth to ra/dec falling back to provided ra/dec
15:04 WARNING : Cannot convert from zenith/azimuth to ra/dec falling back to provided ra/dec
15:04 WARNING : Cannot convert from zenith/azimuth to ra/dec falling back to provided ra/dec
15:04 WARNING : Cannot convert from zenith/azimuth to ra/dec falling back to provided ra/dec
15:04 WARNING : Cannot convert from zenith/azimuth to ra/dec falling back to provided ra/dec
15:04 WARNING : Cannot convert from zenith/azimuth to ra/dec falling back to provided ra/dec
15:04 WARNING : Cannot convert from zenith/azimuth to ra/dec falling back to provided ra/dec
15:04 WARNING : Cannot convert from zenith/azimuth to ra/dec falling back to provided ra/dec
15:04 WARNING : Cannot convert from zenith/azimuth to ra/dec falling back to provided ra/dec
15:04 WARNING : Cannot convert from zenith/azimuth to ra/dec falling back to provided ra/dec
15:04 WARNING : Cannot convert from zenith/azimuth to ra/dec falling back to provided ra/dec
15:04 WARNING : Cannot convert from zenith/azimuth to ra/dec falling back to provided ra/dec
15:04 WARNING : Cannot convert from zenith/azimuth to ra/dec falling back to provided ra/dec
15:04 WARNING : Cannot convert from zenith/azimuth to ra/dec falling back to provided ra/dec
15:04 WARNING : Cannot convert from zenith/azimuth to ra/dec falling back to provided ra/dec
15:04 WARNING : Cannot convert from zenith/azimuth to ra/dec falling back to provided ra/dec
15:04 WARNING : Cannot convert from zenith/azimuth to ra/dec falling back to provided ra/dec
15:04 WARNING : Cannot convert from zenith/azimuth to ra/dec falling back to provided ra/dec
15:04 WARNING : Cannot convert from zenith/azimuth to ra/dec falling back to provided ra/dec
15:04 WARNING : Cannot convert from zenith/azimuth to ra/dec falling back to provided ra/dec
15:04 WARNING : Cannot convert from zenith/azimuth to ra/dec falling back to provided ra/dec
15:04 WARNING : Cannot convert from zenith/azimuth to ra/dec falling back to provided ra/dec
15:04 WARNING : Cannot convert from zenith/azimuth to ra/dec falling back to provided ra/dec
15:04 WARNING : Cannot convert from zenith/azimuth to ra/dec falling back to provided ra/dec
15:04 WARNING : Cannot convert from zenith/azimuth to ra/dec falling back to provided ra/dec
15:04 WARNING : Cannot convert from zenith/azimuth to ra/dec falling back to provided ra/dec
15:04 WARNING : Cannot convert from zenith/azimuth to ra/dec falling back to provided ra/dec
15:04 WARNING : Cannot convert from zenith/azimuth to ra/dec falling back to provided ra/dec
15:04 WARNING : Cannot convert from zenith/azimuth to ra/dec falling back to provided ra/dec
15:04 WARNING : Cannot convert from zenith/azimuth to ra/dec falling back to provided ra/dec
15:04 WARNING : Cannot convert from zenith/azimuth to ra/dec falling back to provided ra/dec
15:04 WARNING : Cannot convert from zenith/azimuth to ra/dec falling back to provided ra/dec
15:04 WARNING : Cannot convert from zenith/azimuth to ra/dec falling back to provided ra/dec
15:04 WARNING : Cannot convert from zenith/azimuth to ra/dec falling back to provided ra/dec
15:04 WARNING : Cannot convert from zenith/azimuth to ra/dec falling back to provided ra/dec
15:04 WARNING : Cannot convert from zenith/azimuth to ra/dec falling back to provided ra/dec
15:04 WARNING : Cannot convert from zenith/azimuth to ra/dec falling back to provided ra/dec
15:04 WARNING : Cannot convert from zenith/azimuth to ra/dec falling back to provided ra/dec
15:04 WARNING : Cannot convert from zenith/azimuth to ra/dec falling back to provided ra/dec
15:04 WARNING : Cannot convert from zenith/azimuth to ra/dec falling back to provided ra/dec
15:04 WARNING : Cannot convert from zenith/azimuth to ra/dec falling back to provided ra/dec
15:04 WARNING : Cannot convert from zenith/azimuth to ra/dec falling back to provided ra/dec
15:04 WARNING : Cannot convert from zenith/azimuth to ra/dec falling back to provided ra/dec
15:04 WARNING : Cannot convert from zenith/azimuth to ra/dec falling back to provided ra/dec
15:04 WARNING : Cannot convert from zenith/azimuth to ra/dec falling back to provided ra/dec
15:04 WARNING : Cannot convert from zenith/azimuth to ra/dec falling back to provided ra/dec
15:04 WARNING : Cannot convert from zenith/azimuth to ra/dec falling back to provided ra/dec
15:04 WARNING : Cannot convert from zenith/azimuth to ra/dec falling back to provided ra/dec
15:04 WARNING : Cannot convert from zenith/azimuth to ra/dec falling back to provided ra/dec
15:04 WARNING : Cannot convert from zenith/azimuth to ra/dec falling back to provided ra/dec
15:04 WARNING : Cannot convert from zenith/azimuth to ra/dec falling back to provided ra/dec
15:04 WARNING : Cannot convert from zenith/azimuth to ra/dec falling back to provided ra/dec
15:04 WARNING : Cannot convert from zenith/azimuth to ra/dec falling back to provided ra/dec
15:04 WARNING : Cannot convert from zenith/azimuth to ra/dec falling back to provided ra/dec
15:04 WARNING : Cannot convert from zenith/azimuth to ra/dec falling back to provided ra/dec
15:04 WARNING : Cannot convert from zenith/azimuth to ra/dec falling back to provided ra/dec
15:04 WARNING : Cannot convert from zenith/azimuth to ra/dec falling back to provided ra/dec
15:04 WARNING : Cannot convert from zenith/azimuth to ra/dec falling back to provided ra/dec
15:04 WARNING : Cannot convert from zenith/azimuth to ra/dec falling back to provided ra/dec
15:04 WARNING : Cannot convert from zenith/azimuth to ra/dec falling back to provided ra/dec
15:04 WARNING : Cannot convert from zenith/azimuth to ra/dec falling back to provided ra/dec
15:04 WARNING : Cannot convert from zenith/azimuth to ra/dec falling back to provided ra/dec
15:04 WARNING : Cannot convert from zenith/azimuth to ra/dec falling back to provided ra/dec
15:04 WARNING : Cannot convert from zenith/azimuth to ra/dec falling back to provided ra/dec
15:04 WARNING : Cannot convert from zenith/azimuth to ra/dec falling back to provided ra/dec
15:04 WARNING : Cannot convert from zenith/azimuth to ra/dec falling back to provided ra/dec
15:04 WARNING : Cannot convert from zenith/azimuth to ra/dec falling back to provided ra/dec
15:04 WARNING : Cannot convert from zenith/azimuth to ra/dec falling back to provided ra/dec
15:04 WARNING : Cannot convert from zenith/azimuth to ra/dec falling back to provided ra/dec
15:04 WARNING : Cannot convert from zenith/azimuth to ra/dec falling back to provided ra/dec
15:04 WARNING : Cannot convert from zenith/azimuth to ra/dec falling back to provided ra/dec
15:04 WARNING : Cannot convert from zenith/azimuth to ra/dec falling back to provided ra/dec
15:04 WARNING : Cannot convert from zenith/azimuth to ra/dec falling back to provided ra/dec
15:04 WARNING : Cannot convert from zenith/azimuth to ra/dec falling back to provided ra/dec
15:04 WARNING : Cannot convert from zenith/azimuth to ra/dec falling back to provided ra/dec
15:04 WARNING : Cannot convert from zenith/azimuth to ra/dec falling back to provided ra/dec
15:04 WARNING : Cannot convert from zenith/azimuth to ra/dec falling back to provided ra/dec
15:04 WARNING : Cannot convert from zenith/azimuth to ra/dec falling back to provided ra/dec
15:04 WARNING : Cannot convert from zenith/azimuth to ra/dec falling back to provided ra/dec
15:04 WARNING : Cannot convert from zenith/azimuth to ra/dec falling back to provided ra/dec
15:04 WARNING : Cannot convert from zenith/azimuth to ra/dec falling back to provided ra/dec
15:04 WARNING : Cannot convert from zenith/azimuth to ra/dec falling back to provided ra/dec
15:04 WARNING : Cannot convert from zenith/azimuth to ra/dec falling back to provided ra/dec
15:04 WARNING : Cannot convert from zenith/azimuth to ra/dec falling back to provided ra/dec
15:04 WARNING : Cannot convert from zenith/azimuth to ra/dec falling back to provided ra/dec
15:04 WARNING : Cannot convert from zenith/azimuth to ra/dec falling back to provided ra/dec
15:04 WARNING : Cannot convert from zenith/azimuth to ra/dec falling back to provided ra/dec
15:04 WARNING : Cannot convert from zenith/azimuth to ra/dec falling back to provided ra/dec
15:04 WARNING : Cannot convert from zenith/azimuth to ra/dec falling back to provided ra/dec
15:04 WARNING : Cannot convert from zenith/azimuth to ra/dec falling back to provided ra/dec
15:04 WARNING : Cannot convert from zenith/azimuth to ra/dec falling back to provided ra/dec
15:04 WARNING : Cannot convert from zenith/azimuth to ra/dec falling back to provided ra/dec
15:04 WARNING : Cannot convert from zenith/azimuth to ra/dec falling back to provided ra/dec
15:04 WARNING : Cannot convert from zenith/azimuth to ra/dec falling back to provided ra/dec
15:04 WARNING : Cannot convert from zenith/azimuth to ra/dec falling back to provided ra/dec
15:04 WARNING : Cannot convert from zenith/azimuth to ra/dec falling back to provided ra/dec
15:04 WARNING : Cannot convert from zenith/azimuth to ra/dec falling back to provided ra/dec
15:04 WARNING : Cannot convert from zenith/azimuth to ra/dec falling back to provided ra/dec
15:04 WARNING : Cannot convert from zenith/azimuth to ra/dec falling back to provided ra/dec
15:04 WARNING : Cannot convert from zenith/azimuth to ra/dec falling back to provided ra/dec
15:04 WARNING : Cannot convert from zenith/azimuth to ra/dec falling back to provided ra/dec
15:04 WARNING : Cannot convert from zenith/azimuth to ra/dec falling back to provided ra/dec
15:04 WARNING : Cannot convert from zenith/azimuth to ra/dec falling back to provided ra/dec
15:04 WARNING : Cannot convert from zenith/azimuth to ra/dec falling back to provided ra/dec
15:04 WARNING : Cannot convert from zenith/azimuth to ra/dec falling back to provided ra/dec
15:04 WARNING : Cannot convert from zenith/azimuth to ra/dec falling back to provided ra/dec
15:04 WARNING : Cannot convert from zenith/azimuth to ra/dec falling back to provided ra/dec
15:04 WARNING : Cannot convert from zenith/azimuth to ra/dec falling back to provided ra/dec
15:04 WARNING : Cannot convert from zenith/azimuth to ra/dec falling back to provided ra/dec
15:04 WARNING : Cannot convert from zenith/azimuth to ra/dec falling back to provided ra/dec
15:04 WARNING : Cannot convert from zenith/azimuth to ra/dec falling back to provided ra/dec
15:04 WARNING : Cannot convert from zenith/azimuth to ra/dec falling back to provided ra/dec
15:04 WARNING : Cannot convert from zenith/azimuth to ra/dec falling back to provided ra/dec
15:04 WARNING : Cannot convert from zenith/azimuth to ra/dec falling back to provided ra/dec
15:04 WARNING : Cannot convert from zenith/azimuth to ra/dec falling back to provided ra/dec
15:04 WARNING : Cannot convert from zenith/azimuth to ra/dec falling back to provided ra/dec
15:04 WARNING : Cannot convert from zenith/azimuth to ra/dec falling back to provided ra/dec
15:04 WARNING : Cannot convert from zenith/azimuth to ra/dec falling back to provided ra/dec
15:04 WARNING : Cannot convert from zenith/azimuth to ra/dec falling back to provided ra/dec
15:04 WARNING : Cannot convert from zenith/azimuth to ra/dec falling back to provided ra/dec
15:04 WARNING : Cannot convert from zenith/azimuth to ra/dec falling back to provided ra/dec
15:04 WARNING : Cannot convert from zenith/azimuth to ra/dec falling back to provided ra/dec
15:04 WARNING : Cannot convert from zenith/azimuth to ra/dec falling back to provided ra/dec
15:04 WARNING : Cannot convert from zenith/azimuth to ra/dec falling back to provided ra/dec
15:04 WARNING : Cannot convert from zenith/azimuth to ra/dec falling back to provided ra/dec
15:04 WARNING : Cannot convert from zenith/azimuth to ra/dec falling back to provided ra/dec
15:04 WARNING : Cannot convert from zenith/azimuth to ra/dec falling back to provided ra/dec
15:04 WARNING : Cannot convert from zenith/azimuth to ra/dec falling back to provided ra/dec
15:04 WARNING : Cannot convert from zenith/azimuth to ra/dec falling back to provided ra/dec
15:04 WARNING : Cannot convert from zenith/azimuth to ra/dec falling back to provided ra/dec
15:04 WARNING : Cannot convert from zenith/azimuth to ra/dec falling back to provided ra/dec
15:04 WARNING : Cannot convert from zenith/azimuth to ra/dec falling back to provided ra/dec
15:04 WARNING : Cannot convert from zenith/azimuth to ra/dec falling back to provided ra/dec
15:04 WARNING : Cannot convert from zenith/azimuth to ra/dec falling back to provided ra/dec
15:04 WARNING : Cannot convert from zenith/azimuth to ra/dec falling back to provided ra/dec
15:04 WARNING : Cannot convert from zenith/azimuth to ra/dec falling back to provided ra/dec
15:04 WARNING : Cannot convert from zenith/azimuth to ra/dec falling back to provided ra/dec
15:04 WARNING : Cannot convert from zenith/azimuth to ra/dec falling back to provided ra/dec
15:04 WARNING : Cannot convert from zenith/azimuth to ra/dec falling back to provided ra/dec
15:04 WARNING : Cannot convert from zenith/azimuth to ra/dec falling back to provided ra/dec
15:04 WARNING : Cannot convert from zenith/azimuth to ra/dec falling back to provided ra/dec
15:04 WARNING : Cannot convert from zenith/azimuth to ra/dec falling back to provided ra/dec
15:04 WARNING : Cannot convert from zenith/azimuth to ra/dec falling back to provided ra/dec
15:04 WARNING : Cannot convert from zenith/azimuth to ra/dec falling back to provided ra/dec
15:04 WARNING : Cannot convert from zenith/azimuth to ra/dec falling back to provided ra/dec
15:04 WARNING : Cannot convert from zenith/azimuth to ra/dec falling back to provided ra/dec
15:04 WARNING : Cannot convert from zenith/azimuth to ra/dec falling back to provided ra/dec
15:04 WARNING : Cannot convert from zenith/azimuth to ra/dec falling back to provided ra/dec
15:04 WARNING : Cannot convert from zenith/azimuth to ra/dec falling back to provided ra/dec
15:04 WARNING : Cannot convert from zenith/azimuth to ra/dec falling back to provided ra/dec
15:04 WARNING : Cannot convert from zenith/azimuth to ra/dec falling back to provided ra/dec
15:04 WARNING : Cannot convert from zenith/azimuth to ra/dec falling back to provided ra/dec
15:04 WARNING : Cannot convert from zenith/azimuth to ra/dec falling back to provided ra/dec
15:04 WARNING : Cannot convert from zenith/azimuth to ra/dec falling back to provided ra/dec
15:04 WARNING : Cannot convert from zenith/azimuth to ra/dec falling back to provided ra/dec
15:04 WARNING : Cannot convert from zenith/azimuth to ra/dec falling back to provided ra/dec
15:04 WARNING : Cannot convert from zenith/azimuth to ra/dec falling back to provided ra/dec
15:04 WARNING : Cannot convert from zenith/azimuth to ra/dec falling back to provided ra/dec
15:04 WARNING : Cannot convert from zenith/azimuth to ra/dec falling back to provided ra/dec
15:04 WARNING : Cannot convert from zenith/azimuth to ra/dec falling back to provided ra/dec
15:04 WARNING : Cannot convert from zenith/azimuth to ra/dec falling back to provided ra/dec
15:04 WARNING : Cannot convert from zenith/azimuth to ra/dec falling back to provided ra/dec
15:04 WARNING : Cannot convert from zenith/azimuth to ra/dec falling back to provided ra/dec
15:04 WARNING : Cannot convert from zenith/azimuth to ra/dec falling back to provided ra/dec
15:04 WARNING : Cannot convert from zenith/azimuth to ra/dec falling back to provided ra/dec
15:04 WARNING : Cannot convert from zenith/azimuth to ra/dec falling back to provided ra/dec
15:04 WARNING : Cannot convert from zenith/azimuth to ra/dec falling back to provided ra/dec
15:04 WARNING : Cannot convert from zenith/azimuth to ra/dec falling back to provided ra/dec
15:04 WARNING : Cannot convert from zenith/azimuth to ra/dec falling back to provided ra/dec
15:04 WARNING : Cannot convert from zenith/azimuth to ra/dec falling back to provided ra/dec
15:04 WARNING : Cannot convert from zenith/azimuth to ra/dec falling back to provided ra/dec
15:04 WARNING : Cannot convert from zenith/azimuth to ra/dec falling back to provided ra/dec
15:04 WARNING : Cannot convert from zenith/azimuth to ra/dec falling back to provided ra/dec
15:04 WARNING : Cannot convert from zenith/azimuth to ra/dec falling back to provided ra/dec
15:04 WARNING : Cannot convert from zenith/azimuth to ra/dec falling back to provided ra/dec
15:04 WARNING : Cannot convert from zenith/azimuth to ra/dec falling back to provided ra/dec
15:04 WARNING : Cannot convert from zenith/azimuth to ra/dec falling back to provided ra/dec
15:04 WARNING : Cannot convert from zenith/azimuth to ra/dec falling back to provided ra/dec
15:04 WARNING : Cannot convert from zenith/azimuth to ra/dec falling back to provided ra/dec
15:04 WARNING : Cannot convert from zenith/azimuth to ra/dec falling back to provided ra/dec
15:04 WARNING : Cannot convert from zenith/azimuth to ra/dec falling back to provided ra/dec
15:04 WARNING : Cannot convert from zenith/azimuth to ra/dec falling back to provided ra/dec
15:04 WARNING : Cannot convert from zenith/azimuth to ra/dec falling back to provided ra/dec
15:04 WARNING : Cannot convert from zenith/azimuth to ra/dec falling back to provided ra/dec
15:04 WARNING : Cannot convert from zenith/azimuth to ra/dec falling back to provided ra/dec
15:04 WARNING : Cannot convert from zenith/azimuth to ra/dec falling back to provided ra/dec
15:04 WARNING : Cannot convert from zenith/azimuth to ra/dec falling back to provided ra/dec
15:04 WARNING : Cannot convert from zenith/azimuth to ra/dec falling back to provided ra/dec
15:04 WARNING : Cannot convert from zenith/azimuth to ra/dec falling back to provided ra/dec
15:04 WARNING : Cannot convert from zenith/azimuth to ra/dec falling back to provided ra/dec
15:04 WARNING : Cannot convert from zenith/azimuth to ra/dec falling back to provided ra/dec
15:04 WARNING : Cannot convert from zenith/azimuth to ra/dec falling back to provided ra/dec
15:04 WARNING : Cannot convert from zenith/azimuth to ra/dec falling back to provided ra/dec
15:04 WARNING : Cannot convert from zenith/azimuth to ra/dec falling back to provided ra/dec
15:04 WARNING : Cannot convert from zenith/azimuth to ra/dec falling back to provided ra/dec
15:04 WARNING : Cannot convert from zenith/azimuth to ra/dec falling back to provided ra/dec
15:04 WARNING : Cannot convert from zenith/azimuth to ra/dec falling back to provided ra/dec
15:04 WARNING : Cannot convert from zenith/azimuth to ra/dec falling back to provided ra/dec
15:04 WARNING : Cannot convert from zenith/azimuth to ra/dec falling back to provided ra/dec
15:04 WARNING : Cannot convert from zenith/azimuth to ra/dec falling back to provided ra/dec
15:04 WARNING : Cannot convert from zenith/azimuth to ra/dec falling back to provided ra/dec
15:04 WARNING : Cannot convert from zenith/azimuth to ra/dec falling back to provided ra/dec
15:04 WARNING : Cannot convert from zenith/azimuth to ra/dec falling back to provided ra/dec
15:04 WARNING : Cannot convert from zenith/azimuth to ra/dec falling back to provided ra/dec
15:04 WARNING : Cannot convert from zenith/azimuth to ra/dec falling back to provided ra/dec
15:04 WARNING : Cannot convert from zenith/azimuth to ra/dec falling back to provided ra/dec
15:04 WARNING : Cannot convert from zenith/azimuth to ra/dec falling back to provided ra/dec
15:04 WARNING : Cannot convert from zenith/azimuth to ra/dec falling back to provided ra/dec
15:04 WARNING : Cannot convert from zenith/azimuth to ra/dec falling back to provided ra/dec
15:04 WARNING : Cannot convert from zenith/azimuth to ra/dec falling back to provided ra/dec
15:04 WARNING : Cannot convert from zenith/azimuth to ra/dec falling back to provided ra/dec
15:04 WARNING : Cannot convert from zenith/azimuth to ra/dec falling back to provided ra/dec
15:04 WARNING : Cannot convert from zenith/azimuth to ra/dec falling back to provided ra/dec
15:04 WARNING : Cannot convert from zenith/azimuth to ra/dec falling back to provided ra/dec
15:04 WARNING : Cannot convert from zenith/azimuth to ra/dec falling back to provided ra/dec
15:04 WARNING : Cannot convert from zenith/azimuth to ra/dec falling back to provided ra/dec
15:04 WARNING : Cannot convert from zenith/azimuth to ra/dec falling back to provided ra/dec
15:04 WARNING : Cannot convert from zenith/azimuth to ra/dec falling back to provided ra/dec
15:04 WARNING : Cannot convert from zenith/azimuth to ra/dec falling back to provided ra/dec
15:04 WARNING : Cannot convert from zenith/azimuth to ra/dec falling back to provided ra/dec
15:04 WARNING : Cannot convert from zenith/azimuth to ra/dec falling back to provided ra/dec
15:04 WARNING : Cannot convert from zenith/azimuth to ra/dec falling back to provided ra/dec
15:04 WARNING : Cannot convert from zenith/azimuth to ra/dec falling back to provided ra/dec
15:04 WARNING : Cannot convert from zenith/azimuth to ra/dec falling back to provided ra/dec
15:04 WARNING : Cannot convert from zenith/azimuth to ra/dec falling back to provided ra/dec
15:04 WARNING : Cannot convert from zenith/azimuth to ra/dec falling back to provided ra/dec
15:04 WARNING : Cannot convert from zenith/azimuth to ra/dec falling back to provided ra/dec
15:04 WARNING : Cannot convert from zenith/azimuth to ra/dec falling back to provided ra/dec
15:04 WARNING : Cannot convert from zenith/azimuth to ra/dec falling back to provided ra/dec
15:04 WARNING : Cannot convert from zenith/azimuth to ra/dec falling back to provided ra/dec
15:04 WARNING : Cannot convert from zenith/azimuth to ra/dec falling back to provided ra/dec
15:04 WARNING : Cannot convert from zenith/azimuth to ra/dec falling back to provided ra/dec
15:04 WARNING : Cannot convert from zenith/azimuth to ra/dec falling back to provided ra/dec
15:04 WARNING : Cannot convert from zenith/azimuth to ra/dec falling back to provided ra/dec
15:04 WARNING : Cannot convert from zenith/azimuth to ra/dec falling back to provided ra/dec
15:04 WARNING : Cannot convert from zenith/azimuth to ra/dec falling back to provided ra/dec
15:04 WARNING : Cannot convert from zenith/azimuth to ra/dec falling back to provided ra/dec
15:04 WARNING : Cannot convert from zenith/azimuth to ra/dec falling back to provided ra/dec
15:04 WARNING : Cannot convert from zenith/azimuth to ra/dec falling back to provided ra/dec
15:04 WARNING : Cannot convert from zenith/azimuth to ra/dec falling back to provided ra/dec
15:04 WARNING : Cannot convert from zenith/azimuth to ra/dec falling back to provided ra/dec
15:04 WARNING : Cannot convert from zenith/azimuth to ra/dec falling back to provided ra/dec
15:04 WARNING : Cannot convert from zenith/azimuth to ra/dec falling back to provided ra/dec
15:04 WARNING : Cannot convert from zenith/azimuth to ra/dec falling back to provided ra/dec
15:04 WARNING : Cannot convert from zenith/azimuth to ra/dec falling back to provided ra/dec
15:04 WARNING : Cannot convert from zenith/azimuth to ra/dec falling back to provided ra/dec
15:04 WARNING : Cannot convert from zenith/azimuth to ra/dec falling back to provided ra/dec
15:04 WARNING : Cannot convert from zenith/azimuth to ra/dec falling back to provided ra/dec
15:04 WARNING : Cannot convert from zenith/azimuth to ra/dec falling back to provided ra/dec
15:04 WARNING : Cannot convert from zenith/azimuth to ra/dec falling back to provided ra/dec
15:04 WARNING : Cannot convert from zenith/azimuth to ra/dec falling back to provided ra/dec
15:04 WARNING : Cannot convert from zenith/azimuth to ra/dec falling back to provided ra/dec
15:04 WARNING : Cannot convert from zenith/azimuth to ra/dec falling back to provided ra/dec
15:04 WARNING : Cannot convert from zenith/azimuth to ra/dec falling back to provided ra/dec
15:04 WARNING : Cannot convert from zenith/azimuth to ra/dec falling back to provided ra/dec
15:04 WARNING : Cannot convert from zenith/azimuth to ra/dec falling back to provided ra/dec
15:04 WARNING : Cannot convert from zenith/azimuth to ra/dec falling back to provided ra/dec
15:04 WARNING : Cannot convert from zenith/azimuth to ra/dec falling back to provided ra/dec
15:04 WARNING : Cannot convert from zenith/azimuth to ra/dec falling back to provided ra/dec
15:04 WARNING : Cannot convert from zenith/azimuth to ra/dec falling back to provided ra/dec
15:04 WARNING : Cannot convert from zenith/azimuth to ra/dec falling back to provided ra/dec
15:04 WARNING : Cannot convert from zenith/azimuth to ra/dec falling back to provided ra/dec
15:04 WARNING : Cannot convert from zenith/azimuth to ra/dec falling back to provided ra/dec
15:04 WARNING : Cannot convert from zenith/azimuth to ra/dec falling back to provided ra/dec
15:04 WARNING : Cannot convert from zenith/azimuth to ra/dec falling back to provided ra/dec
15:04 WARNING : Cannot convert from zenith/azimuth to ra/dec falling back to provided ra/dec
15:04 WARNING : Cannot convert from zenith/azimuth to ra/dec falling back to provided ra/dec
15:04 WARNING : Cannot convert from zenith/azimuth to ra/dec falling back to provided ra/dec
15:04 WARNING : Cannot convert from zenith/azimuth to ra/dec falling back to provided ra/dec
15:04 WARNING : Cannot convert from zenith/azimuth to ra/dec falling back to provided ra/dec
15:04 WARNING : Cannot convert from zenith/azimuth to ra/dec falling back to provided ra/dec
15:04 WARNING : Cannot convert from zenith/azimuth to ra/dec falling back to provided ra/dec
15:04 WARNING : Cannot convert from zenith/azimuth to ra/dec falling back to provided ra/dec
15:04 WARNING : Cannot convert from zenith/azimuth to ra/dec falling back to provided ra/dec
15:04 WARNING : Cannot convert from zenith/azimuth to ra/dec falling back to provided ra/dec
15:04 WARNING : Cannot convert from zenith/azimuth to ra/dec falling back to provided ra/dec
15:04 WARNING : Cannot convert from zenith/azimuth to ra/dec falling back to provided ra/dec
15:04 WARNING : Cannot convert from zenith/azimuth to ra/dec falling back to provided ra/dec
15:04 WARNING : Cannot convert from zenith/azimuth to ra/dec falling back to provided ra/dec
15:04 WARNING : Cannot convert from zenith/azimuth to ra/dec falling back to provided ra/dec
15:04 WARNING : Cannot convert from zenith/azimuth to ra/dec falling back to provided ra/dec
15:04 WARNING : Cannot convert from zenith/azimuth to ra/dec falling back to provided ra/dec
15:04 WARNING : Cannot convert from zenith/azimuth to ra/dec falling back to provided ra/dec
15:04 WARNING : Cannot convert from zenith/azimuth to ra/dec falling back to provided ra/dec
15:04 WARNING : Cannot convert from zenith/azimuth to ra/dec falling back to provided ra/dec
15:04 WARNING : Cannot convert from zenith/azimuth to ra/dec falling back to provided ra/dec
15:04 WARNING : Cannot convert from zenith/azimuth to ra/dec falling back to provided ra/dec
15:04 WARNING : Cannot convert from zenith/azimuth to ra/dec falling back to provided ra/dec
15:04 WARNING : Cannot convert from zenith/azimuth to ra/dec falling back to provided ra/dec
15:04 WARNING : Cannot convert from zenith/azimuth to ra/dec falling back to provided ra/dec
15:04 WARNING : Cannot convert from zenith/azimuth to ra/dec falling back to provided ra/dec
15:04 WARNING : Cannot convert from zenith/azimuth to ra/dec falling back to provided ra/dec
15:04 WARNING : Cannot convert from zenith/azimuth to ra/dec falling back to provided ra/dec
15:04 WARNING : Cannot convert from zenith/azimuth to ra/dec falling back to provided ra/dec
15:04 WARNING : Cannot convert from zenith/azimuth to ra/dec falling back to provided ra/dec
15:04 WARNING : Cannot convert from zenith/azimuth to ra/dec falling back to provided ra/dec
15:04 WARNING : Cannot convert from zenith/azimuth to ra/dec falling back to provided ra/dec
15:04 WARNING : Cannot convert from zenith/azimuth to ra/dec falling back to provided ra/dec
15:04 WARNING : Cannot convert from zenith/azimuth to ra/dec falling back to provided ra/dec
15:04 WARNING : Cannot convert from zenith/azimuth to ra/dec falling back to provided ra/dec
15:04 WARNING : Cannot convert from zenith/azimuth to ra/dec falling back to provided ra/dec
15:04 WARNING : Cannot convert from zenith/azimuth to ra/dec falling back to provided ra/dec
15:04 WARNING : Cannot convert from zenith/azimuth to ra/dec falling back to provided ra/dec
15:04 WARNING : Cannot convert from zenith/azimuth to ra/dec falling back to provided ra/dec
15:04 WARNING : Cannot convert from zenith/azimuth to ra/dec falling back to provided ra/dec
15:04 WARNING : Cannot convert from zenith/azimuth to ra/dec falling back to provided ra/dec
15:04 WARNING : Cannot convert from zenith/azimuth to ra/dec falling back to provided ra/dec
15:04 WARNING : Cannot convert from zenith/azimuth to ra/dec falling back to provided ra/dec
15:04 WARNING : Cannot convert from zenith/azimuth to ra/dec falling back to provided ra/dec
15:04 WARNING : Cannot convert from zenith/azimuth to ra/dec falling back to provided ra/dec
15:04 WARNING : Cannot convert from zenith/azimuth to ra/dec falling back to provided ra/dec
15:04 WARNING : Cannot convert from zenith/azimuth to ra/dec falling back to provided ra/dec
15:04 WARNING : Cannot convert from zenith/azimuth to ra/dec falling back to provided ra/dec
15:04 WARNING : Cannot convert from zenith/azimuth to ra/dec falling back to provided ra/dec
15:04 WARNING : Cannot convert from zenith/azimuth to ra/dec falling back to provided ra/dec
15:04 WARNING : Cannot convert from zenith/azimuth to ra/dec falling back to provided ra/dec
15:04 WARNING : Cannot convert from zenith/azimuth to ra/dec falling back to provided ra/dec
15:04 WARNING : Cannot convert from zenith/azimuth to ra/dec falling back to provided ra/dec
15:04 WARNING : Cannot convert from zenith/azimuth to ra/dec falling back to provided ra/dec
15:04 WARNING : Cannot convert from zenith/azimuth to ra/dec falling back to provided ra/dec
15:04 WARNING : Cannot convert from zenith/azimuth to ra/dec falling back to provided ra/dec
15:04 WARNING : Cannot convert from zenith/azimuth to ra/dec falling back to provided ra/dec
15:04 WARNING : Cannot convert from zenith/azimuth to ra/dec falling back to provided ra/dec
15:04 WARNING : Cannot convert from zenith/azimuth to ra/dec falling back to provided ra/dec
15:04 WARNING : Cannot convert from zenith/azimuth to ra/dec falling back to provided ra/dec
15:04 WARNING : Cannot convert from zenith/azimuth to ra/dec falling back to provided ra/dec
15:04 WARNING : Cannot convert from zenith/azimuth to ra/dec falling back to provided ra/dec
15:04 WARNING : Cannot convert from zenith/azimuth to ra/dec falling back to provided ra/dec
15:04 WARNING : Cannot convert from zenith/azimuth to ra/dec falling back to provided ra/dec
15:04 WARNING : Cannot convert from zenith/azimuth to ra/dec falling back to provided ra/dec
15:04 WARNING : Cannot convert from zenith/azimuth to ra/dec falling back to provided ra/dec
15:04 WARNING : Cannot convert from zenith/azimuth to ra/dec falling back to provided ra/dec
15:04 WARNING : Cannot convert from zenith/azimuth to ra/dec falling back to provided ra/dec
15:04 WARNING : Cannot convert from zenith/azimuth to ra/dec falling back to provided ra/dec
15:04 WARNING : Cannot convert from zenith/azimuth to ra/dec falling back to provided ra/dec
15:04 WARNING : Cannot convert from zenith/azimuth to ra/dec falling back to provided ra/dec
15:04 WARNING : Cannot convert from zenith/azimuth to ra/dec falling back to provided ra/dec
15:04 WARNING : Cannot convert from zenith/azimuth to ra/dec falling back to provided ra/dec
15:04 WARNING : Cannot convert from zenith/azimuth to ra/dec falling back to provided ra/dec
15:04 WARNING : Cannot convert from zenith/azimuth to ra/dec falling back to provided ra/dec
15:04 WARNING : Cannot convert from zenith/azimuth to ra/dec falling back to provided ra/dec
15:04 WARNING : Cannot convert from zenith/azimuth to ra/dec falling back to provided ra/dec
15:04 WARNING : Cannot convert from zenith/azimuth to ra/dec falling back to provided ra/dec
15:04 WARNING : Cannot convert from zenith/azimuth to ra/dec falling back to provided ra/dec
15:04 WARNING : Cannot convert from zenith/azimuth to ra/dec falling back to provided ra/dec
15:04 WARNING : Cannot convert from zenith/azimuth to ra/dec falling back to provided ra/dec
15:04 WARNING : Cannot convert from zenith/azimuth to ra/dec falling back to provided ra/dec
15:04 WARNING : Cannot convert from zenith/azimuth to ra/dec falling back to provided ra/dec
15:04 WARNING : Cannot convert from zenith/azimuth to ra/dec falling back to provided ra/dec
15:04 WARNING : Cannot convert from zenith/azimuth to ra/dec falling back to provided ra/dec
15:04 WARNING : Cannot convert from zenith/azimuth to ra/dec falling back to provided ra/dec
15:04 WARNING : Cannot convert from zenith/azimuth to ra/dec falling back to provided ra/dec
15:04 WARNING : Cannot convert from zenith/azimuth to ra/dec falling back to provided ra/dec
15:04 WARNING : Cannot convert from zenith/azimuth to ra/dec falling back to provided ra/dec
15:04 WARNING : Cannot convert from zenith/azimuth to ra/dec falling back to provided ra/dec
15:04 WARNING : Cannot convert from zenith/azimuth to ra/dec falling back to provided ra/dec
15:04 WARNING : Cannot convert from zenith/azimuth to ra/dec falling back to provided ra/dec
15:04 WARNING : Cannot convert from zenith/azimuth to ra/dec falling back to provided ra/dec
15:04 WARNING : Cannot convert from zenith/azimuth to ra/dec falling back to provided ra/dec
15:04 WARNING : Cannot convert from zenith/azimuth to ra/dec falling back to provided ra/dec
15:04 WARNING : Cannot convert from zenith/azimuth to ra/dec falling back to provided ra/dec
15:04 WARNING : Cannot convert from zenith/azimuth to ra/dec falling back to provided ra/dec
15:04 WARNING : Cannot convert from zenith/azimuth to ra/dec falling back to provided ra/dec
15:04 WARNING : Cannot convert from zenith/azimuth to ra/dec falling back to provided ra/dec
15:04 WARNING : Cannot convert from zenith/azimuth to ra/dec falling back to provided ra/dec
15:04 WARNING : Cannot convert from zenith/azimuth to ra/dec falling back to provided ra/dec
15:04 WARNING : Cannot convert from zenith/azimuth to ra/dec falling back to provided ra/dec
15:04 WARNING : Cannot convert from zenith/azimuth to ra/dec falling back to provided ra/dec
15:04 WARNING : Cannot convert from zenith/azimuth to ra/dec falling back to provided ra/dec
15:04 WARNING : Cannot convert from zenith/azimuth to ra/dec falling back to provided ra/dec
15:04 WARNING : Cannot convert from zenith/azimuth to ra/dec falling back to provided ra/dec
15:04 WARNING : Cannot convert from zenith/azimuth to ra/dec falling back to provided ra/dec
15:04 WARNING : Cannot convert from zenith/azimuth to ra/dec falling back to provided ra/dec
15:04 WARNING : Cannot convert from zenith/azimuth to ra/dec falling back to provided ra/dec
15:04 WARNING : Cannot convert from zenith/azimuth to ra/dec falling back to provided ra/dec
15:04 WARNING : Cannot convert from zenith/azimuth to ra/dec falling back to provided ra/dec
15:04 WARNING : Cannot convert from zenith/azimuth to ra/dec falling back to provided ra/dec
15:04 WARNING : Cannot convert from zenith/azimuth to ra/dec falling back to provided ra/dec
15:04 WARNING : Cannot convert from zenith/azimuth to ra/dec falling back to provided ra/dec
15:04 WARNING : Cannot convert from zenith/azimuth to ra/dec falling back to provided ra/dec
15:04 WARNING : Cannot convert from zenith/azimuth to ra/dec falling back to provided ra/dec
15:04 WARNING : Cannot convert from zenith/azimuth to ra/dec falling back to provided ra/dec
15:04 WARNING : Cannot convert from zenith/azimuth to ra/dec falling back to provided ra/dec
15:04 WARNING : Cannot convert from zenith/azimuth to ra/dec falling back to provided ra/dec
15:04 WARNING : Cannot convert from zenith/azimuth to ra/dec falling back to provided ra/dec
15:04 WARNING : Cannot convert from zenith/azimuth to ra/dec falling back to provided ra/dec
15:04 WARNING : Cannot convert from zenith/azimuth to ra/dec falling back to provided ra/dec
15:04 WARNING : Cannot convert from zenith/azimuth to ra/dec falling back to provided ra/dec
15:04 WARNING : Cannot convert from zenith/azimuth to ra/dec falling back to provided ra/dec
15:04 WARNING : Cannot convert from zenith/azimuth to ra/dec falling back to provided ra/dec
15:04 WARNING : Cannot convert from zenith/azimuth to ra/dec falling back to provided ra/dec
15:04 WARNING : Cannot convert from zenith/azimuth to ra/dec falling back to provided ra/dec
15:04 WARNING : Cannot convert from zenith/azimuth to ra/dec falling back to provided ra/dec
15:04 WARNING : Cannot convert from zenith/azimuth to ra/dec falling back to provided ra/dec
15:04 WARNING : Cannot convert from zenith/azimuth to ra/dec falling back to provided ra/dec
15:04 WARNING : Cannot convert from zenith/azimuth to ra/dec falling back to provided ra/dec
15:04 WARNING : Cannot convert from zenith/azimuth to ra/dec falling back to provided ra/dec
15:04 WARNING : Cannot convert from zenith/azimuth to ra/dec falling back to provided ra/dec
15:04 WARNING : Cannot convert from zenith/azimuth to ra/dec falling back to provided ra/dec
15:04 WARNING : Cannot convert from zenith/azimuth to ra/dec falling back to provided ra/dec
15:04 WARNING : Cannot convert from zenith/azimuth to ra/dec falling back to provided ra/dec
15:04 WARNING : Cannot convert from zenith/azimuth to ra/dec falling back to provided ra/dec
15:04 WARNING : Cannot convert from zenith/azimuth to ra/dec falling back to provided ra/dec
15:04 WARNING : Cannot convert from zenith/azimuth to ra/dec falling back to provided ra/dec
15:04 WARNING : Cannot convert from zenith/azimuth to ra/dec falling back to provided ra/dec
15:04 WARNING : Cannot convert from zenith/azimuth to ra/dec falling back to provided ra/dec
15:04 WARNING : Cannot convert from zenith/azimuth to ra/dec falling back to provided ra/dec
15:04 WARNING : Cannot convert from zenith/azimuth to ra/dec falling back to provided ra/dec
15:04 WARNING : Cannot convert from zenith/azimuth to ra/dec falling back to provided ra/dec
15:04 WARNING : Cannot convert from zenith/azimuth to ra/dec falling back to provided ra/dec
15:04 WARNING : Cannot convert from zenith/azimuth to ra/dec falling back to provided ra/dec
15:04 WARNING : Cannot convert from zenith/azimuth to ra/dec falling back to provided ra/dec
15:04 WARNING : Cannot convert from zenith/azimuth to ra/dec falling back to provided ra/dec
15:04 WARNING : Cannot convert from zenith/azimuth to ra/dec falling back to provided ra/dec
15:04 WARNING : Cannot convert from zenith/azimuth to ra/dec falling back to provided ra/dec
15:04 WARNING : Cannot convert from zenith/azimuth to ra/dec falling back to provided ra/dec
15:04 WARNING : Cannot convert from zenith/azimuth to ra/dec falling back to provided ra/dec
15:04 WARNING : Cannot convert from zenith/azimuth to ra/dec falling back to provided ra/dec
15:04 WARNING : Cannot convert from zenith/azimuth to ra/dec falling back to provided ra/dec
15:04 WARNING : Cannot convert from zenith/azimuth to ra/dec falling back to provided ra/dec
15:04 WARNING : Cannot convert from zenith/azimuth to ra/dec falling back to provided ra/dec
15:04 WARNING : Cannot convert from zenith/azimuth to ra/dec falling back to provided ra/dec
15:04 WARNING : Cannot convert from zenith/azimuth to ra/dec falling back to provided ra/dec
15:04 WARNING : Cannot convert from zenith/azimuth to ra/dec falling back to provided ra/dec
15:04 WARNING : Cannot convert from zenith/azimuth to ra/dec falling back to provided ra/dec
15:04 WARNING : Cannot convert from zenith/azimuth to ra/dec falling back to provided ra/dec
15:04 WARNING : Cannot convert from zenith/azimuth to ra/dec falling back to provided ra/dec
15:04 WARNING : Cannot convert from zenith/azimuth to ra/dec falling back to provided ra/dec
15:04 WARNING : Cannot convert from zenith/azimuth to ra/dec falling back to provided ra/dec
15:04 WARNING : Cannot convert from zenith/azimuth to ra/dec falling back to provided ra/dec
15:04 WARNING : Cannot convert from zenith/azimuth to ra/dec falling back to provided ra/dec
15:04 WARNING : Cannot convert from zenith/azimuth to ra/dec falling back to provided ra/dec
15:04 WARNING : Cannot convert from zenith/azimuth to ra/dec falling back to provided ra/dec
15:04 WARNING : Cannot convert from zenith/azimuth to ra/dec falling back to provided ra/dec
15:04 WARNING : Cannot convert from zenith/azimuth to ra/dec falling back to provided ra/dec
15:04 WARNING : Cannot convert from zenith/azimuth to ra/dec falling back to provided ra/dec
15:04 WARNING : Cannot convert from zenith/azimuth to ra/dec falling back to provided ra/dec
15:04 WARNING : Cannot convert from zenith/azimuth to ra/dec falling back to provided ra/dec
15:04 WARNING : Cannot convert from zenith/azimuth to ra/dec falling back to provided ra/dec
15:04 WARNING : Cannot convert from zenith/azimuth to ra/dec falling back to provided ra/dec
15:04 WARNING : Cannot convert from zenith/azimuth to ra/dec falling back to provided ra/dec
15:04 WARNING : Cannot convert from zenith/azimuth to ra/dec falling back to provided ra/dec
15:04 WARNING : Cannot convert from zenith/azimuth to ra/dec falling back to provided ra/dec
15:04 WARNING : Cannot convert from zenith/azimuth to ra/dec falling back to provided ra/dec
15:04 WARNING : Cannot convert from zenith/azimuth to ra/dec falling back to provided ra/dec
15:04 WARNING : Cannot convert from zenith/azimuth to ra/dec falling back to provided ra/dec
15:04 WARNING : Cannot convert from zenith/azimuth to ra/dec falling back to provided ra/dec
15:04 WARNING : Cannot convert from zenith/azimuth to ra/dec falling back to provided ra/dec
15:04 WARNING : Cannot convert from zenith/azimuth to ra/dec falling back to provided ra/dec
15:04 WARNING : Cannot convert from zenith/azimuth to ra/dec falling back to provided ra/dec
15:04 WARNING : Cannot convert from zenith/azimuth to ra/dec falling back to provided ra/dec
15:04 WARNING : Cannot convert from zenith/azimuth to ra/dec falling back to provided ra/dec
15:04 WARNING : Cannot convert from zenith/azimuth to ra/dec falling back to provided ra/dec
15:04 WARNING : Cannot convert from zenith/azimuth to ra/dec falling back to provided ra/dec
15:04 WARNING : Cannot convert from zenith/azimuth to ra/dec falling back to provided ra/dec
15:04 WARNING : Cannot convert from zenith/azimuth to ra/dec falling back to provided ra/dec
15:04 WARNING : Cannot convert from zenith/azimuth to ra/dec falling back to provided ra/dec
15:04 WARNING : Cannot convert from zenith/azimuth to ra/dec falling back to provided ra/dec
15:04 WARNING : Cannot convert from zenith/azimuth to ra/dec falling back to provided ra/dec
15:04 WARNING : Cannot convert from zenith/azimuth to ra/dec falling back to provided ra/dec
15:04 WARNING : Cannot convert from zenith/azimuth to ra/dec falling back to provided ra/dec
15:04 WARNING : Cannot convert from zenith/azimuth to ra/dec falling back to provided ra/dec
15:04 WARNING : Cannot convert from zenith/azimuth to ra/dec falling back to provided ra/dec
15:04 WARNING : Cannot convert from zenith/azimuth to ra/dec falling back to provided ra/dec
15:04 WARNING : Cannot convert from zenith/azimuth to ra/dec falling back to provided ra/dec
15:04 WARNING : Cannot convert from zenith/azimuth to ra/dec falling back to provided ra/dec
15:04 WARNING : Cannot convert from zenith/azimuth to ra/dec falling back to provided ra/dec
15:04 WARNING : Cannot convert from zenith/azimuth to ra/dec falling back to provided ra/dec
15:04 WARNING : Cannot convert from zenith/azimuth to ra/dec falling back to provided ra/dec
15:04 WARNING : Cannot convert from zenith/azimuth to ra/dec falling back to provided ra/dec
15:04 WARNING : Cannot convert from zenith/azimuth to ra/dec falling back to provided ra/dec
15:04 WARNING : Cannot convert from zenith/azimuth to ra/dec falling back to provided ra/dec
15:04 WARNING : Cannot convert from zenith/azimuth to ra/dec falling back to provided ra/dec
15:04 WARNING : Cannot convert from zenith/azimuth to ra/dec falling back to provided ra/dec
15:04 WARNING : Cannot convert from zenith/azimuth to ra/dec falling back to provided ra/dec
15:04 WARNING : Cannot convert from zenith/azimuth to ra/dec falling back to provided ra/dec
15:04 WARNING : Cannot convert from zenith/azimuth to ra/dec falling back to provided ra/dec
15:04 WARNING : Cannot convert from zenith/azimuth to ra/dec falling back to provided ra/dec
15:04 WARNING : Cannot convert from zenith/azimuth to ra/dec falling back to provided ra/dec
15:04 WARNING : Cannot convert from zenith/azimuth to ra/dec falling back to provided ra/dec
15:04 WARNING : Cannot convert from zenith/azimuth to ra/dec falling back to provided ra/dec
15:04 WARNING : Cannot convert from zenith/azimuth to ra/dec falling back to provided ra/dec
15:04 WARNING : Cannot convert from zenith/azimuth to ra/dec falling back to provided ra/dec
15:04 WARNING : Cannot convert from zenith/azimuth to ra/dec falling back to provided ra/dec
15:04 WARNING : Cannot convert from zenith/azimuth to ra/dec falling back to provided ra/dec
15:04 WARNING : Cannot convert from zenith/azimuth to ra/dec falling back to provided ra/dec
15:04 WARNING : Cannot convert from zenith/azimuth to ra/dec falling back to provided ra/dec
15:04 WARNING : Cannot convert from zenith/azimuth to ra/dec falling back to provided ra/dec
15:04 WARNING : Cannot convert from zenith/azimuth to ra/dec falling back to provided ra/dec
15:04 WARNING : Cannot convert from zenith/azimuth to ra/dec falling back to provided ra/dec
15:04 WARNING : Cannot convert from zenith/azimuth to ra/dec falling back to provided ra/dec
15:04 WARNING : Cannot convert from zenith/azimuth to ra/dec falling back to provided ra/dec
15:04 WARNING : Cannot convert from zenith/azimuth to ra/dec falling back to provided ra/dec
15:04 WARNING : Cannot convert from zenith/azimuth to ra/dec falling back to provided ra/dec
15:04 WARNING : Cannot convert from zenith/azimuth to ra/dec falling back to provided ra/dec
15:04 WARNING : Cannot convert from zenith/azimuth to ra/dec falling back to provided ra/dec
15:04 WARNING : Cannot convert from zenith/azimuth to ra/dec falling back to provided ra/dec
15:04 WARNING : Cannot convert from zenith/azimuth to ra/dec falling back to provided ra/dec
15:04 WARNING : Cannot convert from zenith/azimuth to ra/dec falling back to provided ra/dec
15:04 WARNING : Cannot convert from zenith/azimuth to ra/dec falling back to provided ra/dec
15:04 WARNING : Cannot convert from zenith/azimuth to ra/dec falling back to provided ra/dec
15:04 WARNING : Cannot convert from zenith/azimuth to ra/dec falling back to provided ra/dec
15:04 WARNING : Cannot convert from zenith/azimuth to ra/dec falling back to provided ra/dec
15:04 WARNING : Cannot convert from zenith/azimuth to ra/dec falling back to provided ra/dec
15:04 WARNING : Cannot convert from zenith/azimuth to ra/dec falling back to provided ra/dec
15:04 WARNING : Cannot convert from zenith/azimuth to ra/dec falling back to provided ra/dec
15:04 WARNING : Cannot convert from zenith/azimuth to ra/dec falling back to provided ra/dec
15:04 WARNING : Cannot convert from zenith/azimuth to ra/dec falling back to provided ra/dec
15:04 WARNING : Cannot convert from zenith/azimuth to ra/dec falling back to provided ra/dec
15:04 WARNING : Cannot convert from zenith/azimuth to ra/dec falling back to provided ra/dec
15:04 WARNING : Cannot convert from zenith/azimuth to ra/dec falling back to provided ra/dec
15:04 WARNING : Cannot convert from zenith/azimuth to ra/dec falling back to provided ra/dec
15:04 WARNING : Cannot convert from zenith/azimuth to ra/dec falling back to provided ra/dec
15:04 WARNING : Cannot convert from zenith/azimuth to ra/dec falling back to provided ra/dec
15:04 WARNING : Cannot convert from zenith/azimuth to ra/dec falling back to provided ra/dec
15:04 WARNING : Cannot convert from zenith/azimuth to ra/dec falling back to provided ra/dec
15:04 WARNING : Cannot convert from zenith/azimuth to ra/dec falling back to provided ra/dec
15:04 WARNING : Cannot convert from zenith/azimuth to ra/dec falling back to provided ra/dec
15:04 WARNING : Cannot convert from zenith/azimuth to ra/dec falling back to provided ra/dec
15:04 WARNING : Cannot convert from zenith/azimuth to ra/dec falling back to provided ra/dec
15:04 WARNING : Cannot convert from zenith/azimuth to ra/dec falling back to provided ra/dec
15:04 WARNING : Cannot convert from zenith/azimuth to ra/dec falling back to provided ra/dec
15:04 WARNING : Cannot convert from zenith/azimuth to ra/dec falling back to provided ra/dec
15:04 WARNING : Cannot convert from zenith/azimuth to ra/dec falling back to provided ra/dec
15:04 WARNING : Cannot convert from zenith/azimuth to ra/dec falling back to provided ra/dec
15:04 WARNING : Cannot convert from zenith/azimuth to ra/dec falling back to provided ra/dec
15:04 WARNING : Cannot convert from zenith/azimuth to ra/dec falling back to provided ra/dec
15:04 WARNING : Cannot convert from zenith/azimuth to ra/dec falling back to provided ra/dec
15:04 WARNING : Cannot convert from zenith/azimuth to ra/dec falling back to provided ra/dec
15:04 WARNING : Cannot convert from zenith/azimuth to ra/dec falling back to provided ra/dec
15:04 WARNING : Cannot convert from zenith/azimuth to ra/dec falling back to provided ra/dec
15:04 WARNING : Cannot convert from zenith/azimuth to ra/dec falling back to provided ra/dec
15:04 WARNING : Cannot convert from zenith/azimuth to ra/dec falling back to provided ra/dec
15:04 WARNING : Cannot convert from zenith/azimuth to ra/dec falling back to provided ra/dec
15:04 WARNING : Cannot convert from zenith/azimuth to ra/dec falling back to provided ra/dec
15:04 WARNING : Cannot convert from zenith/azimuth to ra/dec falling back to provided ra/dec
15:04 WARNING : Cannot convert from zenith/azimuth to ra/dec falling back to provided ra/dec
15:04 WARNING : Cannot convert from zenith/azimuth to ra/dec falling back to provided ra/dec
15:04 WARNING : Cannot convert from zenith/azimuth to ra/dec falling back to provided ra/dec
15:04 WARNING : Cannot convert from zenith/azimuth to ra/dec falling back to provided ra/dec
15:04 WARNING : Cannot convert from zenith/azimuth to ra/dec falling back to provided ra/dec
15:04 WARNING : Cannot convert from zenith/azimuth to ra/dec falling back to provided ra/dec
15:04 WARNING : Cannot convert from zenith/azimuth to ra/dec falling back to provided ra/dec
15:04 WARNING : Cannot convert from zenith/azimuth to ra/dec falling back to provided ra/dec
15:04 WARNING : Cannot convert from zenith/azimuth to ra/dec falling back to provided ra/dec
15:04 WARNING : Cannot convert from zenith/azimuth to ra/dec falling back to provided ra/dec
15:04 WARNING : Cannot convert from zenith/azimuth to ra/dec falling back to provided ra/dec
15:04 WARNING : Cannot convert from zenith/azimuth to ra/dec falling back to provided ra/dec
15:04 WARNING : Cannot convert from zenith/azimuth to ra/dec falling back to provided ra/dec
15:04 WARNING : Cannot convert from zenith/azimuth to ra/dec falling back to provided ra/dec
15:04 WARNING : Cannot convert from zenith/azimuth to ra/dec falling back to provided ra/dec
15:04 WARNING : Cannot convert from zenith/azimuth to ra/dec falling back to provided ra/dec
15:04 WARNING : Cannot convert from zenith/azimuth to ra/dec falling back to provided ra/dec
15:04 WARNING : Cannot convert from zenith/azimuth to ra/dec falling back to provided ra/dec
15:04 WARNING : Cannot convert from zenith/azimuth to ra/dec falling back to provided ra/dec
15:04 WARNING : Cannot convert from zenith/azimuth to ra/dec falling back to provided ra/dec
15:04 WARNING : Cannot convert from zenith/azimuth to ra/dec falling back to provided ra/dec
15:04 WARNING : Cannot convert from zenith/azimuth to ra/dec falling back to provided ra/dec
15:04 WARNING : Cannot convert from zenith/azimuth to ra/dec falling back to provided ra/dec
15:04 WARNING : Cannot convert from zenith/azimuth to ra/dec falling back to provided ra/dec
15:04 WARNING : Cannot convert from zenith/azimuth to ra/dec falling back to provided ra/dec
15:04 WARNING : Cannot convert from zenith/azimuth to ra/dec falling back to provided ra/dec
15:04 WARNING : Cannot convert from zenith/azimuth to ra/dec falling back to provided ra/dec
15:04 WARNING : Cannot convert from zenith/azimuth to ra/dec falling back to provided ra/dec
15:04 WARNING : Cannot convert from zenith/azimuth to ra/dec falling back to provided ra/dec
15:04 WARNING : Cannot convert from zenith/azimuth to ra/dec falling back to provided ra/dec
15:04 WARNING : Cannot convert from zenith/azimuth to ra/dec falling back to provided ra/dec
15:04 WARNING : Cannot convert from zenith/azimuth to ra/dec falling back to provided ra/dec
15:04 WARNING : Cannot convert from zenith/azimuth to ra/dec falling back to provided ra/dec
15:04 WARNING : Cannot convert from zenith/azimuth to ra/dec falling back to provided ra/dec
15:04 WARNING : Cannot convert from zenith/azimuth to ra/dec falling back to provided ra/dec
15:04 WARNING : Cannot convert from zenith/azimuth to ra/dec falling back to provided ra/dec
15:04 WARNING : Cannot convert from zenith/azimuth to ra/dec falling back to provided ra/dec
15:04 WARNING : Cannot convert from zenith/azimuth to ra/dec falling back to provided ra/dec
15:04 WARNING : Cannot convert from zenith/azimuth to ra/dec falling back to provided ra/dec
15:04 WARNING : Cannot convert from zenith/azimuth to ra/dec falling back to provided ra/dec
15:04 WARNING : Cannot convert from zenith/azimuth to ra/dec falling back to provided ra/dec
15:04 WARNING : Cannot convert from zenith/azimuth to ra/dec falling back to provided ra/dec
15:04 WARNING : Cannot convert from zenith/azimuth to ra/dec falling back to provided ra/dec
15:04 WARNING : Cannot convert from zenith/azimuth to ra/dec falling back to provided ra/dec
15:04 WARNING : Cannot convert from zenith/azimuth to ra/dec falling back to provided ra/dec
15:04 WARNING : Cannot convert from zenith/azimuth to ra/dec falling back to provided ra/dec
15:04 WARNING : Cannot convert from zenith/azimuth to ra/dec falling back to provided ra/dec
15:04 WARNING : Cannot convert from zenith/azimuth to ra/dec falling back to provided ra/dec
15:04 WARNING : Cannot convert from zenith/azimuth to ra/dec falling back to provided ra/dec
15:04 WARNING : Cannot convert from zenith/azimuth to ra/dec falling back to provided ra/dec
15:04 WARNING : Cannot convert from zenith/azimuth to ra/dec falling back to provided ra/dec
15:04 WARNING : Cannot convert from zenith/azimuth to ra/dec falling back to provided ra/dec
15:04 WARNING : Cannot convert from zenith/azimuth to ra/dec falling back to provided ra/dec
15:04 WARNING : Cannot convert from zenith/azimuth to ra/dec falling back to provided ra/dec
15:04 WARNING : Cannot convert from zenith/azimuth to ra/dec falling back to provided ra/dec
15:04 WARNING : Cannot convert from zenith/azimuth to ra/dec falling back to provided ra/dec
15:04 WARNING : Cannot convert from zenith/azimuth to ra/dec falling back to provided ra/dec
15:04 WARNING : Cannot convert from zenith/azimuth to ra/dec falling back to provided ra/dec
15:04 WARNING : Cannot convert from zenith/azimuth to ra/dec falling back to provided ra/dec
15:04 WARNING : Cannot convert from zenith/azimuth to ra/dec falling back to provided ra/dec
15:04 WARNING : Cannot convert from zenith/azimuth to ra/dec falling back to provided ra/dec
15:04 WARNING : Cannot convert from zenith/azimuth to ra/dec falling back to provided ra/dec
15:04 WARNING : Cannot convert from zenith/azimuth to ra/dec falling back to provided ra/dec
15:04 WARNING : Cannot convert from zenith/azimuth to ra/dec falling back to provided ra/dec
15:04 WARNING : Cannot convert from zenith/azimuth to ra/dec falling back to provided ra/dec
15:04 WARNING : Cannot convert from zenith/azimuth to ra/dec falling back to provided ra/dec
15:04 WARNING : Cannot convert from zenith/azimuth to ra/dec falling back to provided ra/dec
15:04 WARNING : Cannot convert from zenith/azimuth to ra/dec falling back to provided ra/dec
15:04 WARNING : Cannot convert from zenith/azimuth to ra/dec falling back to provided ra/dec
15:04 WARNING : Cannot convert from zenith/azimuth to ra/dec falling back to provided ra/dec
15:04 WARNING : Cannot convert from zenith/azimuth to ra/dec falling back to provided ra/dec
15:04 WARNING : Cannot convert from zenith/azimuth to ra/dec falling back to provided ra/dec
15:04 WARNING : Cannot convert from zenith/azimuth to ra/dec falling back to provided ra/dec
15:04 WARNING : Cannot convert from zenith/azimuth to ra/dec falling back to provided ra/dec
15:04 WARNING : Cannot convert from zenith/azimuth to ra/dec falling back to provided ra/dec
15:04 WARNING : Cannot convert from zenith/azimuth to ra/dec falling back to provided ra/dec
15:04 WARNING : Cannot convert from zenith/azimuth to ra/dec falling back to provided ra/dec
15:04 WARNING : Cannot convert from zenith/azimuth to ra/dec falling back to provided ra/dec
15:04 WARNING : Cannot convert from zenith/azimuth to ra/dec falling back to provided ra/dec
15:04 WARNING : Cannot convert from zenith/azimuth to ra/dec falling back to provided ra/dec
15:04 WARNING : Cannot convert from zenith/azimuth to ra/dec falling back to provided ra/dec
15:04 WARNING : Cannot convert from zenith/azimuth to ra/dec falling back to provided ra/dec
15:04 WARNING : Cannot convert from zenith/azimuth to ra/dec falling back to provided ra/dec
15:04 WARNING : Cannot convert from zenith/azimuth to ra/dec falling back to provided ra/dec
15:04 WARNING : Cannot convert from zenith/azimuth to ra/dec falling back to provided ra/dec
15:04 WARNING : Cannot convert from zenith/azimuth to ra/dec falling back to provided ra/dec
15:04 WARNING : Cannot convert from zenith/azimuth to ra/dec falling back to provided ra/dec
15:04 WARNING : Cannot convert from zenith/azimuth to ra/dec falling back to provided ra/dec
15:04 WARNING : Cannot convert from zenith/azimuth to ra/dec falling back to provided ra/dec
15:04 WARNING : Cannot convert from zenith/azimuth to ra/dec falling back to provided ra/dec
15:04 WARNING : Cannot convert from zenith/azimuth to ra/dec falling back to provided ra/dec
15:04 WARNING : Cannot convert from zenith/azimuth to ra/dec falling back to provided ra/dec
15:04 WARNING : Cannot convert from zenith/azimuth to ra/dec falling back to provided ra/dec
15:04 WARNING : Cannot convert from zenith/azimuth to ra/dec falling back to provided ra/dec
15:04 WARNING : Cannot convert from zenith/azimuth to ra/dec falling back to provided ra/dec
15:04 WARNING : Cannot convert from zenith/azimuth to ra/dec falling back to provided ra/dec
15:04 WARNING : Cannot convert from zenith/azimuth to ra/dec falling back to provided ra/dec
15:04 WARNING : Cannot convert from zenith/azimuth to ra/dec falling back to provided ra/dec
15:04 WARNING : Cannot convert from zenith/azimuth to ra/dec falling back to provided ra/dec
15:04 WARNING : Cannot convert from zenith/azimuth to ra/dec falling back to provided ra/dec
15:04 WARNING : Cannot convert from zenith/azimuth to ra/dec falling back to provided ra/dec
15:04 WARNING : Cannot convert from zenith/azimuth to ra/dec falling back to provided ra/dec
15:04 WARNING : Cannot convert from zenith/azimuth to ra/dec falling back to provided ra/dec
15:04 WARNING : Cannot convert from zenith/azimuth to ra/dec falling back to provided ra/dec
15:04 WARNING : Cannot convert from zenith/azimuth to ra/dec falling back to provided ra/dec
15:04 WARNING : Cannot convert from zenith/azimuth to ra/dec falling back to provided ra/dec
15:04 WARNING : Cannot convert from zenith/azimuth to ra/dec falling back to provided ra/dec
15:04 WARNING : Cannot convert from zenith/azimuth to ra/dec falling back to provided ra/dec
15:04 WARNING : Cannot convert from zenith/azimuth to ra/dec falling back to provided ra/dec
15:04 WARNING : Cannot convert from zenith/azimuth to ra/dec falling back to provided ra/dec
15:04 WARNING : Cannot convert from zenith/azimuth to ra/dec falling back to provided ra/dec
15:04 WARNING : Cannot convert from zenith/azimuth to ra/dec falling back to provided ra/dec
15:04 WARNING : Cannot convert from zenith/azimuth to ra/dec falling back to provided ra/dec
15:04 WARNING : Cannot convert from zenith/azimuth to ra/dec falling back to provided ra/dec
15:04 WARNING : Cannot convert from zenith/azimuth to ra/dec falling back to provided ra/dec
15:04 WARNING : Cannot convert from zenith/azimuth to ra/dec falling back to provided ra/dec
15:04 WARNING : Cannot convert from zenith/azimuth to ra/dec falling back to provided ra/dec
15:04 WARNING : Cannot convert from zenith/azimuth to ra/dec falling back to provided ra/dec
15:04 WARNING : Cannot convert from zenith/azimuth to ra/dec falling back to provided ra/dec
15:04 WARNING : Cannot convert from zenith/azimuth to ra/dec falling back to provided ra/dec
15:04 WARNING : Cannot convert from zenith/azimuth to ra/dec falling back to provided ra/dec
15:04 WARNING : Cannot convert from zenith/azimuth to ra/dec falling back to provided ra/dec
15:04 WARNING : Cannot convert from zenith/azimuth to ra/dec falling back to provided ra/dec
15:04 WARNING : Cannot convert from zenith/azimuth to ra/dec falling back to provided ra/dec
15:04 WARNING : Cannot convert from zenith/azimuth to ra/dec falling back to provided ra/dec
15:04 WARNING : Cannot convert from zenith/azimuth to ra/dec falling back to provided ra/dec
15:04 WARNING : Cannot convert from zenith/azimuth to ra/dec falling back to provided ra/dec
15:04 WARNING : Cannot convert from zenith/azimuth to ra/dec falling back to provided ra/dec
15:04 WARNING : Cannot convert from zenith/azimuth to ra/dec falling back to provided ra/dec
15:04 WARNING : Cannot convert from zenith/azimuth to ra/dec falling back to provided ra/dec
15:04 WARNING : Cannot convert from zenith/azimuth to ra/dec falling back to provided ra/dec
15:04 WARNING : Cannot convert from zenith/azimuth to ra/dec falling back to provided ra/dec
15:04 WARNING : Cannot convert from zenith/azimuth to ra/dec falling back to provided ra/dec
15:04 WARNING : Cannot convert from zenith/azimuth to ra/dec falling back to provided ra/dec
15:04 WARNING : Cannot convert from zenith/azimuth to ra/dec falling back to provided ra/dec
15:04 WARNING : Cannot convert from zenith/azimuth to ra/dec falling back to provided ra/dec
15:04 WARNING : Cannot convert from zenith/azimuth to ra/dec falling back to provided ra/dec
15:04 WARNING : Cannot convert from zenith/azimuth to ra/dec falling back to provided ra/dec
15:04 WARNING : Cannot convert from zenith/azimuth to ra/dec falling back to provided ra/dec
15:04 WARNING : Cannot convert from zenith/azimuth to ra/dec falling back to provided ra/dec
15:04 WARNING : Cannot convert from zenith/azimuth to ra/dec falling back to provided ra/dec
15:04 WARNING : Cannot convert from zenith/azimuth to ra/dec falling back to provided ra/dec
15:04 WARNING : Cannot convert from zenith/azimuth to ra/dec falling back to provided ra/dec
15:04 WARNING : Cannot convert from zenith/azimuth to ra/dec falling back to provided ra/dec
15:04 WARNING : Cannot convert from zenith/azimuth to ra/dec falling back to provided ra/dec
15:04 WARNING : Cannot convert from zenith/azimuth to ra/dec falling back to provided ra/dec
15:04 WARNING : Cannot convert from zenith/azimuth to ra/dec falling back to provided ra/dec
15:04 WARNING : Cannot convert from zenith/azimuth to ra/dec falling back to provided ra/dec
15:04 WARNING : Cannot convert from zenith/azimuth to ra/dec falling back to provided ra/dec
15:04 WARNING : Cannot convert from zenith/azimuth to ra/dec falling back to provided ra/dec
15:04 WARNING : Cannot convert from zenith/azimuth to ra/dec falling back to provided ra/dec
15:04 WARNING : Cannot convert from zenith/azimuth to ra/dec falling back to provided ra/dec
15:04 WARNING : Cannot convert from zenith/azimuth to ra/dec falling back to provided ra/dec
15:04 WARNING : Cannot convert from zenith/azimuth to ra/dec falling back to provided ra/dec
15:04 WARNING : Cannot convert from zenith/azimuth to ra/dec falling back to provided ra/dec
15:04 WARNING : Cannot convert from zenith/azimuth to ra/dec falling back to provided ra/dec
15:04 WARNING : Cannot convert from zenith/azimuth to ra/dec falling back to provided ra/dec
15:04 WARNING : Cannot convert from zenith/azimuth to ra/dec falling back to provided ra/dec
15:04 WARNING : Cannot convert from zenith/azimuth to ra/dec falling back to provided ra/dec
15:04 WARNING : Cannot convert from zenith/azimuth to ra/dec falling back to provided ra/dec
15:04 WARNING : Cannot convert from zenith/azimuth to ra/dec falling back to provided ra/dec
15:04 WARNING : Cannot convert from zenith/azimuth to ra/dec falling back to provided ra/dec
15:04 WARNING : Cannot convert from zenith/azimuth to ra/dec falling back to provided ra/dec
15:04 WARNING : Cannot convert from zenith/azimuth to ra/dec falling back to provided ra/dec
15:04 WARNING : Cannot convert from zenith/azimuth to ra/dec falling back to provided ra/dec
15:04 WARNING : Cannot convert from zenith/azimuth to ra/dec falling back to provided ra/dec
15:04 WARNING : Cannot convert from zenith/azimuth to ra/dec falling back to provided ra/dec
15:04 WARNING : Cannot convert from zenith/azimuth to ra/dec falling back to provided ra/dec
15:04 WARNING : Cannot convert from zenith/azimuth to ra/dec falling back to provided ra/dec
15:04 WARNING : Cannot convert from zenith/azimuth to ra/dec falling back to provided ra/dec
15:04 WARNING : Cannot convert from zenith/azimuth to ra/dec falling back to provided ra/dec
15:04 WARNING : Cannot convert from zenith/azimuth to ra/dec falling back to provided ra/dec
15:04 WARNING : Cannot convert from zenith/azimuth to ra/dec falling back to provided ra/dec
15:04 WARNING : Cannot convert from zenith/azimuth to ra/dec falling back to provided ra/dec
15:04 WARNING : Cannot convert from zenith/azimuth to ra/dec falling back to provided ra/dec
15:04 WARNING : Cannot convert from zenith/azimuth to ra/dec falling back to provided ra/dec
15:04 WARNING : Cannot convert from zenith/azimuth to ra/dec falling back to provided ra/dec
15:04 WARNING : Cannot convert from zenith/azimuth to ra/dec falling back to provided ra/dec
15:04 WARNING : Cannot convert from zenith/azimuth to ra/dec falling back to provided ra/dec
15:04 WARNING : Cannot convert from zenith/azimuth to ra/dec falling back to provided ra/dec
15:04 WARNING : Cannot convert from zenith/azimuth to ra/dec falling back to provided ra/dec
15:04 WARNING : Cannot convert from zenith/azimuth to ra/dec falling back to provided ra/dec
15:04 WARNING : Cannot convert from zenith/azimuth to ra/dec falling back to provided ra/dec
15:04 WARNING : Cannot convert from zenith/azimuth to ra/dec falling back to provided ra/dec
15:04 WARNING : Cannot convert from zenith/azimuth to ra/dec falling back to provided ra/dec
15:04 WARNING : Cannot convert from zenith/azimuth to ra/dec falling back to provided ra/dec
15:04 WARNING : Cannot convert from zenith/azimuth to ra/dec falling back to provided ra/dec
15:04 WARNING : Cannot convert from zenith/azimuth to ra/dec falling back to provided ra/dec
15:04 WARNING : Cannot convert from zenith/azimuth to ra/dec falling back to provided ra/dec
15:04 WARNING : Cannot convert from zenith/azimuth to ra/dec falling back to provided ra/dec
15:04 WARNING : Cannot convert from zenith/azimuth to ra/dec falling back to provided ra/dec
15:04 WARNING : Cannot convert from zenith/azimuth to ra/dec falling back to provided ra/dec
15:04 WARNING : Cannot convert from zenith/azimuth to ra/dec falling back to provided ra/dec
15:04 WARNING : Cannot convert from zenith/azimuth to ra/dec falling back to provided ra/dec
15:04 WARNING : Cannot convert from zenith/azimuth to ra/dec falling back to provided ra/dec
15:04 WARNING : Cannot convert from zenith/azimuth to ra/dec falling back to provided ra/dec
15:04 WARNING : Cannot convert from zenith/azimuth to ra/dec falling back to provided ra/dec
15:04 WARNING : Cannot convert from zenith/azimuth to ra/dec falling back to provided ra/dec
15:04 WARNING : Cannot convert from zenith/azimuth to ra/dec falling back to provided ra/dec
15:04 WARNING : Cannot convert from zenith/azimuth to ra/dec falling back to provided ra/dec
15:04 WARNING : Cannot convert from zenith/azimuth to ra/dec falling back to provided ra/dec
15:04 WARNING : Cannot convert from zenith/azimuth to ra/dec falling back to provided ra/dec
15:04 WARNING : Cannot convert from zenith/azimuth to ra/dec falling back to provided ra/dec
15:04 WARNING : Cannot convert from zenith/azimuth to ra/dec falling back to provided ra/dec
15:04 WARNING : Cannot convert from zenith/azimuth to ra/dec falling back to provided ra/dec
15:04 WARNING : Cannot convert from zenith/azimuth to ra/dec falling back to provided ra/dec
15:04 WARNING : Cannot convert from zenith/azimuth to ra/dec falling back to provided ra/dec
15:04 WARNING : Cannot convert from zenith/azimuth to ra/dec falling back to provided ra/dec
15:04 WARNING : Cannot convert from zenith/azimuth to ra/dec falling back to provided ra/dec
15:04 WARNING : Cannot convert from zenith/azimuth to ra/dec falling back to provided ra/dec
15:04 WARNING : Cannot convert from zenith/azimuth to ra/dec falling back to provided ra/dec
15:04 WARNING : Cannot convert from zenith/azimuth to ra/dec falling back to provided ra/dec
15:04 WARNING : Cannot convert from zenith/azimuth to ra/dec falling back to provided ra/dec
15:04 WARNING : Cannot convert from zenith/azimuth to ra/dec falling back to provided ra/dec
15:04 WARNING : Cannot convert from zenith/azimuth to ra/dec falling back to provided ra/dec
15:04 WARNING : Cannot convert from zenith/azimuth to ra/dec falling back to provided ra/dec
15:04 WARNING : Cannot convert from zenith/azimuth to ra/dec falling back to provided ra/dec
15:04 WARNING : Cannot convert from zenith/azimuth to ra/dec falling back to provided ra/dec
15:04 WARNING : Cannot convert from zenith/azimuth to ra/dec falling back to provided ra/dec
15:04 WARNING : Cannot convert from zenith/azimuth to ra/dec falling back to provided ra/dec
15:04 WARNING : Cannot convert from zenith/azimuth to ra/dec falling back to provided ra/dec
15:04 WARNING : Cannot convert from zenith/azimuth to ra/dec falling back to provided ra/dec
15:04 WARNING : Cannot convert from zenith/azimuth to ra/dec falling back to provided ra/dec
15:04 WARNING : Cannot convert from zenith/azimuth to ra/dec falling back to provided ra/dec
15:04 WARNING : Cannot convert from zenith/azimuth to ra/dec falling back to provided ra/dec
15:04 WARNING : Cannot convert from zenith/azimuth to ra/dec falling back to provided ra/dec
15:04 WARNING : Cannot convert from zenith/azimuth to ra/dec falling back to provided ra/dec
15:04 WARNING : Cannot convert from zenith/azimuth to ra/dec falling back to provided ra/dec
15:04 WARNING : Cannot convert from zenith/azimuth to ra/dec falling back to provided ra/dec
15:04 WARNING : Cannot convert from zenith/azimuth to ra/dec falling back to provided ra/dec
15:04 WARNING : Cannot convert from zenith/azimuth to ra/dec falling back to provided ra/dec
15:04 WARNING : Cannot convert from zenith/azimuth to ra/dec falling back to provided ra/dec
15:04 WARNING : Cannot convert from zenith/azimuth to ra/dec falling back to provided ra/dec
15:04 WARNING : Cannot convert from zenith/azimuth to ra/dec falling back to provided ra/dec
15:04 WARNING : Cannot convert from zenith/azimuth to ra/dec falling back to provided ra/dec
15:04 WARNING : Cannot convert from zenith/azimuth to ra/dec falling back to provided ra/dec
15:04 WARNING : Cannot convert from zenith/azimuth to ra/dec falling back to provided ra/dec
15:04 WARNING : Cannot convert from zenith/azimuth to ra/dec falling back to provided ra/dec
15:04 WARNING : Cannot convert from zenith/azimuth to ra/dec falling back to provided ra/dec
15:04 WARNING : Cannot convert from zenith/azimuth to ra/dec falling back to provided ra/dec
15:04 WARNING : Cannot convert from zenith/azimuth to ra/dec falling back to provided ra/dec
15:04 WARNING : Cannot convert from zenith/azimuth to ra/dec falling back to provided ra/dec
15:04 WARNING : Cannot convert from zenith/azimuth to ra/dec falling back to provided ra/dec
15:04 WARNING : Cannot convert from zenith/azimuth to ra/dec falling back to provided ra/dec
15:04 WARNING : Cannot convert from zenith/azimuth to ra/dec falling back to provided ra/dec
15:04 WARNING : Cannot convert from zenith/azimuth to ra/dec falling back to provided ra/dec
15:04 WARNING : Cannot convert from zenith/azimuth to ra/dec falling back to provided ra/dec
15:04 WARNING : Cannot convert from zenith/azimuth to ra/dec falling back to provided ra/dec
15:04 WARNING : Cannot convert from zenith/azimuth to ra/dec falling back to provided ra/dec
15:04 WARNING : Cannot convert from zenith/azimuth to ra/dec falling back to provided ra/dec
15:04 WARNING : Cannot convert from zenith/azimuth to ra/dec falling back to provided ra/dec
15:04 WARNING : Cannot convert from zenith/azimuth to ra/dec falling back to provided ra/dec
15:04 WARNING : Cannot convert from zenith/azimuth to ra/dec falling back to provided ra/dec
15:04 WARNING : Cannot convert from zenith/azimuth to ra/dec falling back to provided ra/dec
15:04 WARNING : Cannot convert from zenith/azimuth to ra/dec falling back to provided ra/dec
15:04 WARNING : Cannot convert from zenith/azimuth to ra/dec falling back to provided ra/dec
15:04 WARNING : Cannot convert from zenith/azimuth to ra/dec falling back to provided ra/dec
15:04 WARNING : Cannot convert from zenith/azimuth to ra/dec falling back to provided ra/dec
15:04 WARNING : Cannot convert from zenith/azimuth to ra/dec falling back to provided ra/dec
15:04 WARNING : Cannot convert from zenith/azimuth to ra/dec falling back to provided ra/dec
15:04 WARNING : Cannot convert from zenith/azimuth to ra/dec falling back to provided ra/dec
15:04 WARNING : Cannot convert from zenith/azimuth to ra/dec falling back to provided ra/dec
15:04 WARNING : Cannot convert from zenith/azimuth to ra/dec falling back to provided ra/dec
15:04 WARNING : Cannot convert from zenith/azimuth to ra/dec falling back to provided ra/dec
15:04 WARNING : Cannot convert from zenith/azimuth to ra/dec falling back to provided ra/dec
15:04 WARNING : Cannot convert from zenith/azimuth to ra/dec falling back to provided ra/dec
15:04 WARNING : Cannot convert from zenith/azimuth to ra/dec falling back to provided ra/dec
15:04 WARNING : Cannot convert from zenith/azimuth to ra/dec falling back to provided ra/dec
15:04 WARNING : Cannot convert from zenith/azimuth to ra/dec falling back to provided ra/dec
15:04 WARNING : Cannot convert from zenith/azimuth to ra/dec falling back to provided ra/dec
15:04 WARNING : Cannot convert from zenith/azimuth to ra/dec falling back to provided ra/dec
15:04 WARNING : Cannot convert from zenith/azimuth to ra/dec falling back to provided ra/dec
15:04 WARNING : Cannot convert from zenith/azimuth to ra/dec falling back to provided ra/dec
15:04 WARNING : Cannot convert from zenith/azimuth to ra/dec falling back to provided ra/dec
15:04 WARNING : Cannot convert from zenith/azimuth to ra/dec falling back to provided ra/dec
15:04 WARNING : Cannot convert from zenith/azimuth to ra/dec falling back to provided ra/dec
15:04 WARNING : Cannot convert from zenith/azimuth to ra/dec falling back to provided ra/dec
15:04 WARNING : Cannot convert from zenith/azimuth to ra/dec falling back to provided ra/dec
15:04 WARNING : Cannot convert from zenith/azimuth to ra/dec falling back to provided ra/dec
15:04 WARNING : Cannot convert from zenith/azimuth to ra/dec falling back to provided ra/dec
15:04 WARNING : Cannot convert from zenith/azimuth to ra/dec falling back to provided ra/dec
15:04 WARNING : Cannot convert from zenith/azimuth to ra/dec falling back to provided ra/dec
15:04 WARNING : Cannot convert from zenith/azimuth to ra/dec falling back to provided ra/dec
15:04 WARNING : Cannot convert from zenith/azimuth to ra/dec falling back to provided ra/dec
15:04 WARNING : Cannot convert from zenith/azimuth to ra/dec falling back to provided ra/dec
15:04 WARNING : Cannot convert from zenith/azimuth to ra/dec falling back to provided ra/dec
15:04 WARNING : Cannot convert from zenith/azimuth to ra/dec falling back to provided ra/dec
15:04 WARNING : Cannot convert from zenith/azimuth to ra/dec falling back to provided ra/dec
15:04 WARNING : Cannot convert from zenith/azimuth to ra/dec falling back to provided ra/dec
15:04 WARNING : Cannot convert from zenith/azimuth to ra/dec falling back to provided ra/dec
15:04 WARNING : Cannot convert from zenith/azimuth to ra/dec falling back to provided ra/dec
15:04 WARNING : Cannot convert from zenith/azimuth to ra/dec falling back to provided ra/dec
15:04 WARNING : Cannot convert from zenith/azimuth to ra/dec falling back to provided ra/dec
15:04 WARNING : Cannot convert from zenith/azimuth to ra/dec falling back to provided ra/dec
15:04 WARNING : Cannot convert from zenith/azimuth to ra/dec falling back to provided ra/dec
15:04 WARNING : Cannot convert from zenith/azimuth to ra/dec falling back to provided ra/dec
15:04 WARNING : Cannot convert from zenith/azimuth to ra/dec falling back to provided ra/dec
15:04 WARNING : Cannot convert from zenith/azimuth to ra/dec falling back to provided ra/dec
15:04 WARNING : Cannot convert from zenith/azimuth to ra/dec falling back to provided ra/dec
15:04 WARNING : Cannot convert from zenith/azimuth to ra/dec falling back to provided ra/dec
15:04 WARNING : Cannot convert from zenith/azimuth to ra/dec falling back to provided ra/dec
15:04 WARNING : Cannot convert from zenith/azimuth to ra/dec falling back to provided ra/dec
15:04 WARNING : Cannot convert from zenith/azimuth to ra/dec falling back to provided ra/dec
15:04 WARNING : Cannot convert from zenith/azimuth to ra/dec falling back to provided ra/dec
15:04 WARNING : Cannot convert from zenith/azimuth to ra/dec falling back to provided ra/dec
15:04 WARNING : Cannot convert from zenith/azimuth to ra/dec falling back to provided ra/dec
15:04 WARNING : Cannot convert from zenith/azimuth to ra/dec falling back to provided ra/dec
15:04 WARNING : Cannot convert from zenith/azimuth to ra/dec falling back to provided ra/dec
15:04 WARNING : Cannot convert from zenith/azimuth to ra/dec falling back to provided ra/dec
15:04 WARNING : Cannot convert from zenith/azimuth to ra/dec falling back to provided ra/dec
15:04 WARNING : Cannot convert from zenith/azimuth to ra/dec falling back to provided ra/dec
15:04 WARNING : Cannot convert from zenith/azimuth to ra/dec falling back to provided ra/dec
15:04 WARNING : Cannot convert from zenith/azimuth to ra/dec falling back to provided ra/dec
15:04 WARNING : Cannot convert from zenith/azimuth to ra/dec falling back to provided ra/dec
15:04 WARNING : Cannot convert from zenith/azimuth to ra/dec falling back to provided ra/dec
15:04 WARNING : Cannot convert from zenith/azimuth to ra/dec falling back to provided ra/dec
15:04 WARNING : Cannot convert from zenith/azimuth to ra/dec falling back to provided ra/dec
15:04 WARNING : Cannot convert from zenith/azimuth to ra/dec falling back to provided ra/dec
15:04 WARNING : Cannot convert from zenith/azimuth to ra/dec falling back to provided ra/dec
15:04 WARNING : Cannot convert from zenith/azimuth to ra/dec falling back to provided ra/dec
15:04 WARNING : Cannot convert from zenith/azimuth to ra/dec falling back to provided ra/dec
15:04 WARNING : Cannot convert from zenith/azimuth to ra/dec falling back to provided ra/dec
15:04 WARNING : Cannot convert from zenith/azimuth to ra/dec falling back to provided ra/dec
15:04 WARNING : Cannot convert from zenith/azimuth to ra/dec falling back to provided ra/dec
15:04 WARNING : Cannot convert from zenith/azimuth to ra/dec falling back to provided ra/dec
15:04 WARNING : Cannot convert from zenith/azimuth to ra/dec falling back to provided ra/dec
15:04 WARNING : Cannot convert from zenith/azimuth to ra/dec falling back to provided ra/dec
15:04 WARNING : Cannot convert from zenith/azimuth to ra/dec falling back to provided ra/dec
15:04 WARNING : Cannot convert from zenith/azimuth to ra/dec falling back to provided ra/dec
15:04 WARNING : Cannot convert from zenith/azimuth to ra/dec falling back to provided ra/dec
15:04 WARNING : Cannot convert from zenith/azimuth to ra/dec falling back to provided ra/dec
15:04 WARNING : Cannot convert from zenith/azimuth to ra/dec falling back to provided ra/dec
15:04 WARNING : Cannot convert from zenith/azimuth to ra/dec falling back to provided ra/dec
15:04 WARNING : Cannot convert from zenith/azimuth to ra/dec falling back to provided ra/dec
15:04 WARNING : Cannot convert from zenith/azimuth to ra/dec falling back to provided ra/dec
15:04 WARNING : Cannot convert from zenith/azimuth to ra/dec falling back to provided ra/dec
15:04 WARNING : Cannot convert from zenith/azimuth to ra/dec falling back to provided ra/dec
15:04 WARNING : Cannot convert from zenith/azimuth to ra/dec falling back to provided ra/dec
15:04 WARNING : Cannot convert from zenith/azimuth to ra/dec falling back to provided ra/dec
15:04 WARNING : Cannot convert from zenith/azimuth to ra/dec falling back to provided ra/dec
15:04 WARNING : Cannot convert from zenith/azimuth to ra/dec falling back to provided ra/dec
15:04 WARNING : Cannot convert from zenith/azimuth to ra/dec falling back to provided ra/dec
15:04 WARNING : Cannot convert from zenith/azimuth to ra/dec falling back to provided ra/dec
15:04 WARNING : Cannot convert from zenith/azimuth to ra/dec falling back to provided ra/dec
15:04 WARNING : Cannot convert from zenith/azimuth to ra/dec falling back to provided ra/dec
15:04 WARNING : Cannot convert from zenith/azimuth to ra/dec falling back to provided ra/dec
15:04 WARNING : Cannot convert from zenith/azimuth to ra/dec falling back to provided ra/dec
15:04 WARNING : Cannot convert from zenith/azimuth to ra/dec falling back to provided ra/dec
15:04 WARNING : Cannot convert from zenith/azimuth to ra/dec falling back to provided ra/dec
15:04 WARNING : Cannot convert from zenith/azimuth to ra/dec falling back to provided ra/dec
15:04 WARNING : Cannot convert from zenith/azimuth to ra/dec falling back to provided ra/dec
15:04 WARNING : Cannot convert from zenith/azimuth to ra/dec falling back to provided ra/dec
15:04 WARNING : Cannot convert from zenith/azimuth to ra/dec falling back to provided ra/dec
15:04 WARNING : Cannot convert from zenith/azimuth to ra/dec falling back to provided ra/dec
15:04 WARNING : Cannot convert from zenith/azimuth to ra/dec falling back to provided ra/dec
15:04 WARNING : Cannot convert from zenith/azimuth to ra/dec falling back to provided ra/dec
15:04 WARNING : Cannot convert from zenith/azimuth to ra/dec falling back to provided ra/dec
15:04 WARNING : Cannot convert from zenith/azimuth to ra/dec falling back to provided ra/dec
15:04 WARNING : Cannot convert from zenith/azimuth to ra/dec falling back to provided ra/dec
15:04 WARNING : Cannot convert from zenith/azimuth to ra/dec falling back to provided ra/dec
15:04 WARNING : Cannot convert from zenith/azimuth to ra/dec falling back to provided ra/dec
15:04 WARNING : Cannot convert from zenith/azimuth to ra/dec falling back to provided ra/dec
15:04 WARNING : Cannot convert from zenith/azimuth to ra/dec falling back to provided ra/dec
15:04 WARNING : Cannot convert from zenith/azimuth to ra/dec falling back to provided ra/dec
15:04 WARNING : Cannot convert from zenith/azimuth to ra/dec falling back to provided ra/dec
15:04 WARNING : Cannot convert from zenith/azimuth to ra/dec falling back to provided ra/dec
15:04 WARNING : Cannot convert from zenith/azimuth to ra/dec falling back to provided ra/dec
15:04 WARNING : Cannot convert from zenith/azimuth to ra/dec falling back to provided ra/dec
15:04 WARNING : Cannot convert from zenith/azimuth to ra/dec falling back to provided ra/dec
15:04 WARNING : Cannot convert from zenith/azimuth to ra/dec falling back to provided ra/dec
15:04 WARNING : Cannot convert from zenith/azimuth to ra/dec falling back to provided ra/dec
15:04 WARNING : Cannot convert from zenith/azimuth to ra/dec falling back to provided ra/dec
15:04 WARNING : Cannot convert from zenith/azimuth to ra/dec falling back to provided ra/dec
15:04 WARNING : Cannot convert from zenith/azimuth to ra/dec falling back to provided ra/dec
15:04 WARNING : Cannot convert from zenith/azimuth to ra/dec falling back to provided ra/dec
15:04 WARNING : Cannot convert from zenith/azimuth to ra/dec falling back to provided ra/dec
15:04 WARNING : Cannot convert from zenith/azimuth to ra/dec falling back to provided ra/dec
15:04 WARNING : Cannot convert from zenith/azimuth to ra/dec falling back to provided ra/dec
15:04 WARNING : Cannot convert from zenith/azimuth to ra/dec falling back to provided ra/dec
15:04 WARNING : Cannot convert from zenith/azimuth to ra/dec falling back to provided ra/dec
15:04 WARNING : Cannot convert from zenith/azimuth to ra/dec falling back to provided ra/dec
15:04 WARNING : Cannot convert from zenith/azimuth to ra/dec falling back to provided ra/dec
15:05 WARNING : Cannot convert from zenith/azimuth to ra/dec falling back to provided ra/dec
15:05 WARNING : Cannot convert from zenith/azimuth to ra/dec falling back to provided ra/dec
15:05 WARNING : Cannot convert from zenith/azimuth to ra/dec falling back to provided ra/dec
15:05 WARNING : Cannot convert from zenith/azimuth to ra/dec falling back to provided ra/dec
15:05 WARNING : Cannot convert from zenith/azimuth to ra/dec falling back to provided ra/dec
15:05 WARNING : Cannot convert from zenith/azimuth to ra/dec falling back to provided ra/dec
15:05 WARNING : Cannot convert from zenith/azimuth to ra/dec falling back to provided ra/dec
15:05 WARNING : Cannot convert from zenith/azimuth to ra/dec falling back to provided ra/dec
15:05 WARNING : Cannot convert from zenith/azimuth to ra/dec falling back to provided ra/dec
15:05 WARNING : Cannot convert from zenith/azimuth to ra/dec falling back to provided ra/dec
15:05 WARNING : Cannot convert from zenith/azimuth to ra/dec falling back to provided ra/dec
15:05 WARNING : Cannot convert from zenith/azimuth to ra/dec falling back to provided ra/dec
15:05 WARNING : Cannot convert from zenith/azimuth to ra/dec falling back to provided ra/dec
15:05 WARNING : Cannot convert from zenith/azimuth to ra/dec falling back to provided ra/dec
15:05 WARNING : Cannot convert from zenith/azimuth to ra/dec falling back to provided ra/dec
15:05 WARNING : Cannot convert from zenith/azimuth to ra/dec falling back to provided ra/dec
15:05 WARNING : Cannot convert from zenith/azimuth to ra/dec falling back to provided ra/dec
15:05 WARNING : Cannot convert from zenith/azimuth to ra/dec falling back to provided ra/dec
15:05 WARNING : Cannot convert from zenith/azimuth to ra/dec falling back to provided ra/dec
15:05 WARNING : Cannot convert from zenith/azimuth to ra/dec falling back to provided ra/dec
15:05 WARNING : Cannot convert from zenith/azimuth to ra/dec falling back to provided ra/dec
15:05 WARNING : Cannot convert from zenith/azimuth to ra/dec falling back to provided ra/dec
15:05 WARNING : Cannot convert from zenith/azimuth to ra/dec falling back to provided ra/dec
15:05 WARNING : Cannot convert from zenith/azimuth to ra/dec falling back to provided ra/dec
15:05 WARNING : Cannot convert from zenith/azimuth to ra/dec falling back to provided ra/dec
15:05 WARNING : Cannot convert from zenith/azimuth to ra/dec falling back to provided ra/dec
15:05 WARNING : Cannot convert from zenith/azimuth to ra/dec falling back to provided ra/dec
15:05 WARNING : Cannot convert from zenith/azimuth to ra/dec falling back to provided ra/dec
15:05 WARNING : Cannot convert from zenith/azimuth to ra/dec falling back to provided ra/dec
15:05 WARNING : Cannot convert from zenith/azimuth to ra/dec falling back to provided ra/dec
15:05 WARNING : Cannot convert from zenith/azimuth to ra/dec falling back to provided ra/dec
15:05 WARNING : Cannot convert from zenith/azimuth to ra/dec falling back to provided ra/dec
15:05 WARNING : Cannot convert from zenith/azimuth to ra/dec falling back to provided ra/dec
15:05 WARNING : Cannot convert from zenith/azimuth to ra/dec falling back to provided ra/dec
15:05 WARNING : Cannot convert from zenith/azimuth to ra/dec falling back to provided ra/dec
15:05 WARNING : Cannot convert from zenith/azimuth to ra/dec falling back to provided ra/dec
15:05 WARNING : Cannot convert from zenith/azimuth to ra/dec falling back to provided ra/dec
15:05 WARNING : Cannot convert from zenith/azimuth to ra/dec falling back to provided ra/dec
15:05 WARNING : Cannot convert from zenith/azimuth to ra/dec falling back to provided ra/dec
15:05 WARNING : Cannot convert from zenith/azimuth to ra/dec falling back to provided ra/dec
15:05 WARNING : Cannot convert from zenith/azimuth to ra/dec falling back to provided ra/dec
15:05 WARNING : Cannot convert from zenith/azimuth to ra/dec falling back to provided ra/dec
15:05 WARNING : Cannot convert from zenith/azimuth to ra/dec falling back to provided ra/dec
15:05 WARNING : Cannot convert from zenith/azimuth to ra/dec falling back to provided ra/dec
15:05 WARNING : Cannot convert from zenith/azimuth to ra/dec falling back to provided ra/dec
15:05 WARNING : Cannot convert from zenith/azimuth to ra/dec falling back to provided ra/dec
15:05 WARNING : Cannot convert from zenith/azimuth to ra/dec falling back to provided ra/dec
15:05 WARNING : Cannot convert from zenith/azimuth to ra/dec falling back to provided ra/dec
15:05 WARNING : Cannot convert from zenith/azimuth to ra/dec falling back to provided ra/dec
15:05 WARNING : Cannot convert from zenith/azimuth to ra/dec falling back to provided ra/dec
15:05 WARNING : Cannot convert from zenith/azimuth to ra/dec falling back to provided ra/dec
15:05 WARNING : Cannot convert from zenith/azimuth to ra/dec falling back to provided ra/dec
15:05 WARNING : Cannot convert from zenith/azimuth to ra/dec falling back to provided ra/dec
15:05 WARNING : Cannot convert from zenith/azimuth to ra/dec falling back to provided ra/dec
15:05 WARNING : Cannot convert from zenith/azimuth to ra/dec falling back to provided ra/dec
15:05 WARNING : Cannot convert from zenith/azimuth to ra/dec falling back to provided ra/dec
15:05 WARNING : Cannot convert from zenith/azimuth to ra/dec falling back to provided ra/dec
15:05 WARNING : Cannot convert from zenith/azimuth to ra/dec falling back to provided ra/dec
15:05 WARNING : Cannot convert from zenith/azimuth to ra/dec falling back to provided ra/dec
15:05 WARNING : Cannot convert from zenith/azimuth to ra/dec falling back to provided ra/dec
15:05 WARNING : Cannot convert from zenith/azimuth to ra/dec falling back to provided ra/dec
15:05 WARNING : Cannot convert from zenith/azimuth to ra/dec falling back to provided ra/dec
15:05 WARNING : Cannot convert from zenith/azimuth to ra/dec falling back to provided ra/dec
15:05 WARNING : Cannot convert from zenith/azimuth to ra/dec falling back to provided ra/dec
15:05 WARNING : Cannot convert from zenith/azimuth to ra/dec falling back to provided ra/dec
15:05 WARNING : Cannot convert from zenith/azimuth to ra/dec falling back to provided ra/dec
15:05 WARNING : Cannot convert from zenith/azimuth to ra/dec falling back to provided ra/dec
15:05 WARNING : Cannot convert from zenith/azimuth to ra/dec falling back to provided ra/dec
15:05 WARNING : Cannot convert from zenith/azimuth to ra/dec falling back to provided ra/dec
15:05 WARNING : Cannot convert from zenith/azimuth to ra/dec falling back to provided ra/dec
15:05 WARNING : Cannot convert from zenith/azimuth to ra/dec falling back to provided ra/dec
15:05 WARNING : Cannot convert from zenith/azimuth to ra/dec falling back to provided ra/dec
15:05 WARNING : Cannot convert from zenith/azimuth to ra/dec falling back to provided ra/dec
15:05 WARNING : Cannot convert from zenith/azimuth to ra/dec falling back to provided ra/dec
15:05 WARNING : Cannot convert from zenith/azimuth to ra/dec falling back to provided ra/dec
15:05 WARNING : Cannot convert from zenith/azimuth to ra/dec falling back to provided ra/dec
15:05 WARNING : Cannot convert from zenith/azimuth to ra/dec falling back to provided ra/dec
15:05 WARNING : Cannot convert from zenith/azimuth to ra/dec falling back to provided ra/dec
15:05 WARNING : Cannot convert from zenith/azimuth to ra/dec falling back to provided ra/dec
15:05 WARNING : Cannot convert from zenith/azimuth to ra/dec falling back to provided ra/dec
15:05 WARNING : Cannot convert from zenith/azimuth to ra/dec falling back to provided ra/dec
15:05 WARNING : Cannot convert from zenith/azimuth to ra/dec falling back to provided ra/dec
15:05 WARNING : Cannot convert from zenith/azimuth to ra/dec falling back to provided ra/dec
15:05 WARNING : Cannot convert from zenith/azimuth to ra/dec falling back to provided ra/dec
15:05 WARNING : Cannot convert from zenith/azimuth to ra/dec falling back to provided ra/dec
15:05 WARNING : Cannot convert from zenith/azimuth to ra/dec falling back to provided ra/dec
15:05 WARNING : Cannot convert from zenith/azimuth to ra/dec falling back to provided ra/dec
15:05 WARNING : Cannot convert from zenith/azimuth to ra/dec falling back to provided ra/dec
15:05 WARNING : Cannot convert from zenith/azimuth to ra/dec falling back to provided ra/dec
15:05 WARNING : Cannot convert from zenith/azimuth to ra/dec falling back to provided ra/dec
15:05 WARNING : Cannot convert from zenith/azimuth to ra/dec falling back to provided ra/dec
15:05 WARNING : Cannot convert from zenith/azimuth to ra/dec falling back to provided ra/dec
15:05 WARNING : Cannot convert from zenith/azimuth to ra/dec falling back to provided ra/dec
15:05 WARNING : Cannot convert from zenith/azimuth to ra/dec falling back to provided ra/dec
15:05 WARNING : Cannot convert from zenith/azimuth to ra/dec falling back to provided ra/dec
15:05 WARNING : Cannot convert from zenith/azimuth to ra/dec falling back to provided ra/dec
15:05 WARNING : Cannot convert from zenith/azimuth to ra/dec falling back to provided ra/dec
15:05 WARNING : Cannot convert from zenith/azimuth to ra/dec falling back to provided ra/dec
15:05 WARNING : Cannot convert from zenith/azimuth to ra/dec falling back to provided ra/dec
15:05 WARNING : Cannot convert from zenith/azimuth to ra/dec falling back to provided ra/dec
15:05 WARNING : Cannot convert from zenith/azimuth to ra/dec falling back to provided ra/dec
15:05 WARNING : Cannot convert from zenith/azimuth to ra/dec falling back to provided ra/dec
15:05 WARNING : Cannot convert from zenith/azimuth to ra/dec falling back to provided ra/dec
15:05 WARNING : Cannot convert from zenith/azimuth to ra/dec falling back to provided ra/dec
15:05 WARNING : Cannot convert from zenith/azimuth to ra/dec falling back to provided ra/dec
15:05 WARNING : Cannot convert from zenith/azimuth to ra/dec falling back to provided ra/dec
15:05 WARNING : Cannot convert from zenith/azimuth to ra/dec falling back to provided ra/dec
15:05 WARNING : Cannot convert from zenith/azimuth to ra/dec falling back to provided ra/dec
15:05 WARNING : Cannot convert from zenith/azimuth to ra/dec falling back to provided ra/dec
15:05 WARNING : Cannot convert from zenith/azimuth to ra/dec falling back to provided ra/dec
15:05 WARNING : Cannot convert from zenith/azimuth to ra/dec falling back to provided ra/dec
15:05 WARNING : Cannot convert from zenith/azimuth to ra/dec falling back to provided ra/dec
15:05 WARNING : Cannot convert from zenith/azimuth to ra/dec falling back to provided ra/dec
15:05 WARNING : Cannot convert from zenith/azimuth to ra/dec falling back to provided ra/dec
15:05 WARNING : Cannot convert from zenith/azimuth to ra/dec falling back to provided ra/dec
15:05 WARNING : Cannot convert from zenith/azimuth to ra/dec falling back to provided ra/dec
15:05 WARNING : Cannot convert from zenith/azimuth to ra/dec falling back to provided ra/dec
15:05 WARNING : Cannot convert from zenith/azimuth to ra/dec falling back to provided ra/dec
15:05 WARNING : Cannot convert from zenith/azimuth to ra/dec falling back to provided ra/dec
15:05 WARNING : Cannot convert from zenith/azimuth to ra/dec falling back to provided ra/dec
15:05 WARNING : Cannot convert from zenith/azimuth to ra/dec falling back to provided ra/dec
15:05 WARNING : Cannot convert from zenith/azimuth to ra/dec falling back to provided ra/dec
15:05 WARNING : Cannot convert from zenith/azimuth to ra/dec falling back to provided ra/dec
15:05 WARNING : Cannot convert from zenith/azimuth to ra/dec falling back to provided ra/dec
15:05 WARNING : Cannot convert from zenith/azimuth to ra/dec falling back to provided ra/dec
15:05 WARNING : Cannot convert from zenith/azimuth to ra/dec falling back to provided ra/dec
15:05 WARNING : Cannot convert from zenith/azimuth to ra/dec falling back to provided ra/dec
15:05 WARNING : Cannot convert from zenith/azimuth to ra/dec falling back to provided ra/dec
15:05 WARNING : Cannot convert from zenith/azimuth to ra/dec falling back to provided ra/dec
15:05 WARNING : Cannot convert from zenith/azimuth to ra/dec falling back to provided ra/dec
15:05 WARNING : Cannot convert from zenith/azimuth to ra/dec falling back to provided ra/dec
15:05 WARNING : Cannot convert from zenith/azimuth to ra/dec falling back to provided ra/dec
15:05 WARNING : Cannot convert from zenith/azimuth to ra/dec falling back to provided ra/dec
15:05 WARNING : Cannot convert from zenith/azimuth to ra/dec falling back to provided ra/dec
15:05 WARNING : Cannot convert from zenith/azimuth to ra/dec falling back to provided ra/dec
15:05 WARNING : Cannot convert from zenith/azimuth to ra/dec falling back to provided ra/dec
15:05 WARNING : Cannot convert from zenith/azimuth to ra/dec falling back to provided ra/dec
15:05 WARNING : Cannot convert from zenith/azimuth to ra/dec falling back to provided ra/dec
15:05 WARNING : Cannot convert from zenith/azimuth to ra/dec falling back to provided ra/dec
15:05 WARNING : Cannot convert from zenith/azimuth to ra/dec falling back to provided ra/dec
15:05 WARNING : Cannot convert from zenith/azimuth to ra/dec falling back to provided ra/dec
15:05 WARNING : Cannot convert from zenith/azimuth to ra/dec falling back to provided ra/dec
15:05 WARNING : Cannot convert from zenith/azimuth to ra/dec falling back to provided ra/dec
15:05 WARNING : Cannot convert from zenith/azimuth to ra/dec falling back to provided ra/dec
15:05 WARNING : Cannot convert from zenith/azimuth to ra/dec falling back to provided ra/dec
15:05 WARNING : Cannot convert from zenith/azimuth to ra/dec falling back to provided ra/dec
15:05 WARNING : Cannot convert from zenith/azimuth to ra/dec falling back to provided ra/dec
15:05 WARNING : Cannot convert from zenith/azimuth to ra/dec falling back to provided ra/dec
15:05 WARNING : Cannot convert from zenith/azimuth to ra/dec falling back to provided ra/dec
15:05 WARNING : Cannot convert from zenith/azimuth to ra/dec falling back to provided ra/dec
15:05 WARNING : Cannot convert from zenith/azimuth to ra/dec falling back to provided ra/dec
15:05 WARNING : Cannot convert from zenith/azimuth to ra/dec falling back to provided ra/dec
15:05 WARNING : Cannot convert from zenith/azimuth to ra/dec falling back to provided ra/dec
15:05 WARNING : Cannot convert from zenith/azimuth to ra/dec falling back to provided ra/dec
15:05 WARNING : Cannot convert from zenith/azimuth to ra/dec falling back to provided ra/dec
15:05 WARNING : Cannot convert from zenith/azimuth to ra/dec falling back to provided ra/dec
15:05 WARNING : Cannot convert from zenith/azimuth to ra/dec falling back to provided ra/dec
15:05 WARNING : Cannot convert from zenith/azimuth to ra/dec falling back to provided ra/dec
15:05 WARNING : Cannot convert from zenith/azimuth to ra/dec falling back to provided ra/dec
15:05 WARNING : Cannot convert from zenith/azimuth to ra/dec falling back to provided ra/dec
15:05 WARNING : Cannot convert from zenith/azimuth to ra/dec falling back to provided ra/dec
15:05 WARNING : Cannot convert from zenith/azimuth to ra/dec falling back to provided ra/dec
15:05 WARNING : Cannot convert from zenith/azimuth to ra/dec falling back to provided ra/dec
15:05 WARNING : Cannot convert from zenith/azimuth to ra/dec falling back to provided ra/dec
15:05 WARNING : Cannot convert from zenith/azimuth to ra/dec falling back to provided ra/dec
15:05 WARNING : Cannot convert from zenith/azimuth to ra/dec falling back to provided ra/dec
15:05 WARNING : Cannot convert from zenith/azimuth to ra/dec falling back to provided ra/dec
15:05 WARNING : Cannot convert from zenith/azimuth to ra/dec falling back to provided ra/dec
15:05 WARNING : Cannot convert from zenith/azimuth to ra/dec falling back to provided ra/dec
15:05 WARNING : Cannot convert from zenith/azimuth to ra/dec falling back to provided ra/dec
15:05 WARNING : Cannot convert from zenith/azimuth to ra/dec falling back to provided ra/dec
15:05 WARNING : Cannot convert from zenith/azimuth to ra/dec falling back to provided ra/dec
15:05 WARNING : Cannot convert from zenith/azimuth to ra/dec falling back to provided ra/dec
15:05 WARNING : Cannot convert from zenith/azimuth to ra/dec falling back to provided ra/dec
15:05 WARNING : Cannot convert from zenith/azimuth to ra/dec falling back to provided ra/dec
15:05 WARNING : Cannot convert from zenith/azimuth to ra/dec falling back to provided ra/dec
15:05 WARNING : Cannot convert from zenith/azimuth to ra/dec falling back to provided ra/dec
15:05 WARNING : Cannot convert from zenith/azimuth to ra/dec falling back to provided ra/dec
15:05 WARNING : Cannot convert from zenith/azimuth to ra/dec falling back to provided ra/dec
15:05 WARNING : Cannot convert from zenith/azimuth to ra/dec falling back to provided ra/dec
15:05 WARNING : Cannot convert from zenith/azimuth to ra/dec falling back to provided ra/dec
15:05 WARNING : Cannot convert from zenith/azimuth to ra/dec falling back to provided ra/dec
15:05 WARNING : Cannot convert from zenith/azimuth to ra/dec falling back to provided ra/dec
15:05 WARNING : Cannot convert from zenith/azimuth to ra/dec falling back to provided ra/dec
15:05 WARNING : Cannot convert from zenith/azimuth to ra/dec falling back to provided ra/dec
15:05 WARNING : Cannot convert from zenith/azimuth to ra/dec falling back to provided ra/dec
15:05 WARNING : Cannot convert from zenith/azimuth to ra/dec falling back to provided ra/dec
15:05 WARNING : Cannot convert from zenith/azimuth to ra/dec falling back to provided ra/dec
15:05 WARNING : Cannot convert from zenith/azimuth to ra/dec falling back to provided ra/dec
15:05 WARNING : Cannot convert from zenith/azimuth to ra/dec falling back to provided ra/dec
15:05 WARNING : Cannot convert from zenith/azimuth to ra/dec falling back to provided ra/dec
15:05 WARNING : Cannot convert from zenith/azimuth to ra/dec falling back to provided ra/dec
15:05 WARNING : Cannot convert from zenith/azimuth to ra/dec falling back to provided ra/dec
15:05 WARNING : Cannot convert from zenith/azimuth to ra/dec falling back to provided ra/dec
15:05 WARNING : Cannot convert from zenith/azimuth to ra/dec falling back to provided ra/dec
15:05 WARNING : Cannot convert from zenith/azimuth to ra/dec falling back to provided ra/dec
15:05 WARNING : Cannot convert from zenith/azimuth to ra/dec falling back to provided ra/dec
15:05 WARNING : Cannot convert from zenith/azimuth to ra/dec falling back to provided ra/dec
15:05 WARNING : Cannot convert from zenith/azimuth to ra/dec falling back to provided ra/dec
15:05 WARNING : Cannot convert from zenith/azimuth to ra/dec falling back to provided ra/dec
15:05 WARNING : Cannot convert from zenith/azimuth to ra/dec falling back to provided ra/dec
15:05 WARNING : Cannot convert from zenith/azimuth to ra/dec falling back to provided ra/dec
15:05 WARNING : Cannot convert from zenith/azimuth to ra/dec falling back to provided ra/dec
15:05 WARNING : Cannot convert from zenith/azimuth to ra/dec falling back to provided ra/dec
15:05 WARNING : Cannot convert from zenith/azimuth to ra/dec falling back to provided ra/dec
15:05 WARNING : Cannot convert from zenith/azimuth to ra/dec falling back to provided ra/dec
15:05 WARNING : Cannot convert from zenith/azimuth to ra/dec falling back to provided ra/dec
15:05 WARNING : Cannot convert from zenith/azimuth to ra/dec falling back to provided ra/dec
15:05 WARNING : Cannot convert from zenith/azimuth to ra/dec falling back to provided ra/dec
15:05 WARNING : Cannot convert from zenith/azimuth to ra/dec falling back to provided ra/dec
15:05 WARNING : Cannot convert from zenith/azimuth to ra/dec falling back to provided ra/dec
15:05 WARNING : Cannot convert from zenith/azimuth to ra/dec falling back to provided ra/dec
15:05 WARNING : Cannot convert from zenith/azimuth to ra/dec falling back to provided ra/dec
15:05 WARNING : Cannot convert from zenith/azimuth to ra/dec falling back to provided ra/dec
15:05 WARNING : Cannot convert from zenith/azimuth to ra/dec falling back to provided ra/dec
15:05 WARNING : Cannot convert from zenith/azimuth to ra/dec falling back to provided ra/dec
15:05 WARNING : Cannot convert from zenith/azimuth to ra/dec falling back to provided ra/dec
15:05 WARNING : Cannot convert from zenith/azimuth to ra/dec falling back to provided ra/dec
15:05 WARNING : Cannot convert from zenith/azimuth to ra/dec falling back to provided ra/dec
15:05 WARNING : Cannot convert from zenith/azimuth to ra/dec falling back to provided ra/dec
15:05 WARNING : Cannot convert from zenith/azimuth to ra/dec falling back to provided ra/dec
15:05 WARNING : Cannot convert from zenith/azimuth to ra/dec falling back to provided ra/dec
15:05 WARNING : Cannot convert from zenith/azimuth to ra/dec falling back to provided ra/dec
15:05 WARNING : Cannot convert from zenith/azimuth to ra/dec falling back to provided ra/dec
15:05 WARNING : Cannot convert from zenith/azimuth to ra/dec falling back to provided ra/dec
15:05 WARNING : Cannot convert from zenith/azimuth to ra/dec falling back to provided ra/dec
15:05 WARNING : Cannot convert from zenith/azimuth to ra/dec falling back to provided ra/dec
15:05 WARNING : Cannot convert from zenith/azimuth to ra/dec falling back to provided ra/dec
15:05 WARNING : Cannot convert from zenith/azimuth to ra/dec falling back to provided ra/dec
15:05 WARNING : Cannot convert from zenith/azimuth to ra/dec falling back to provided ra/dec
15:05 WARNING : Cannot convert from zenith/azimuth to ra/dec falling back to provided ra/dec
15:05 WARNING : Cannot convert from zenith/azimuth to ra/dec falling back to provided ra/dec
15:05 WARNING : Cannot convert from zenith/azimuth to ra/dec falling back to provided ra/dec
15:05 WARNING : Cannot convert from zenith/azimuth to ra/dec falling back to provided ra/dec
15:05 WARNING : Cannot convert from zenith/azimuth to ra/dec falling back to provided ra/dec
15:05 WARNING : Cannot convert from zenith/azimuth to ra/dec falling back to provided ra/dec
15:05 WARNING : Cannot convert from zenith/azimuth to ra/dec falling back to provided ra/dec
15:05 WARNING : Cannot convert from zenith/azimuth to ra/dec falling back to provided ra/dec
15:05 WARNING : Cannot convert from zenith/azimuth to ra/dec falling back to provided ra/dec
15:05 WARNING : Cannot convert from zenith/azimuth to ra/dec falling back to provided ra/dec
15:05 WARNING : Cannot convert from zenith/azimuth to ra/dec falling back to provided ra/dec
15:05 WARNING : Cannot convert from zenith/azimuth to ra/dec falling back to provided ra/dec
15:05 WARNING : Cannot convert from zenith/azimuth to ra/dec falling back to provided ra/dec
15:05 WARNING : Cannot convert from zenith/azimuth to ra/dec falling back to provided ra/dec
15:05 WARNING : Cannot convert from zenith/azimuth to ra/dec falling back to provided ra/dec
15:05 WARNING : Cannot convert from zenith/azimuth to ra/dec falling back to provided ra/dec
15:05 WARNING : Cannot convert from zenith/azimuth to ra/dec falling back to provided ra/dec
15:05 WARNING : Cannot convert from zenith/azimuth to ra/dec falling back to provided ra/dec
15:05 WARNING : Cannot convert from zenith/azimuth to ra/dec falling back to provided ra/dec
15:05 WARNING : Cannot convert from zenith/azimuth to ra/dec falling back to provided ra/dec
15:05 WARNING : Cannot convert from zenith/azimuth to ra/dec falling back to provided ra/dec
15:05 WARNING : Cannot convert from zenith/azimuth to ra/dec falling back to provided ra/dec
15:05 WARNING : Cannot convert from zenith/azimuth to ra/dec falling back to provided ra/dec
15:05 WARNING : Cannot convert from zenith/azimuth to ra/dec falling back to provided ra/dec
15:05 WARNING : Cannot convert from zenith/azimuth to ra/dec falling back to provided ra/dec
15:05 WARNING : Cannot convert from zenith/azimuth to ra/dec falling back to provided ra/dec
15:05 WARNING : Cannot convert from zenith/azimuth to ra/dec falling back to provided ra/dec
15:05 WARNING : Cannot convert from zenith/azimuth to ra/dec falling back to provided ra/dec
15:05 WARNING : Cannot convert from zenith/azimuth to ra/dec falling back to provided ra/dec
15:05 WARNING : Cannot convert from zenith/azimuth to ra/dec falling back to provided ra/dec
15:05 WARNING : Cannot convert from zenith/azimuth to ra/dec falling back to provided ra/dec
15:05 WARNING : Cannot convert from zenith/azimuth to ra/dec falling back to provided ra/dec
15:05 WARNING : Cannot convert from zenith/azimuth to ra/dec falling back to provided ra/dec
15:05 WARNING : Cannot convert from zenith/azimuth to ra/dec falling back to provided ra/dec
15:05 WARNING : Cannot convert from zenith/azimuth to ra/dec falling back to provided ra/dec
15:05 WARNING : Cannot convert from zenith/azimuth to ra/dec falling back to provided ra/dec
15:05 WARNING : Cannot convert from zenith/azimuth to ra/dec falling back to provided ra/dec
15:05 WARNING : Cannot convert from zenith/azimuth to ra/dec falling back to provided ra/dec
15:05 WARNING : Cannot convert from zenith/azimuth to ra/dec falling back to provided ra/dec
15:05 WARNING : Cannot convert from zenith/azimuth to ra/dec falling back to provided ra/dec
15:05 WARNING : Cannot convert from zenith/azimuth to ra/dec falling back to provided ra/dec
15:05 WARNING : Cannot convert from zenith/azimuth to ra/dec falling back to provided ra/dec
15:05 WARNING : Cannot convert from zenith/azimuth to ra/dec falling back to provided ra/dec
15:05 WARNING : Cannot convert from zenith/azimuth to ra/dec falling back to provided ra/dec
15:05 WARNING : Cannot convert from zenith/azimuth to ra/dec falling back to provided ra/dec
15:05 WARNING : Cannot convert from zenith/azimuth to ra/dec falling back to provided ra/dec
15:05 WARNING : Cannot convert from zenith/azimuth to ra/dec falling back to provided ra/dec
15:05 WARNING : Cannot convert from zenith/azimuth to ra/dec falling back to provided ra/dec
15:05 WARNING : Cannot convert from zenith/azimuth to ra/dec falling back to provided ra/dec
15:05 WARNING : Cannot convert from zenith/azimuth to ra/dec falling back to provided ra/dec
15:05 WARNING : Cannot convert from zenith/azimuth to ra/dec falling back to provided ra/dec
15:05 WARNING : Cannot convert from zenith/azimuth to ra/dec falling back to provided ra/dec
15:05 WARNING : Cannot convert from zenith/azimuth to ra/dec falling back to provided ra/dec
15:05 WARNING : Cannot convert from zenith/azimuth to ra/dec falling back to provided ra/dec
15:05 WARNING : Cannot convert from zenith/azimuth to ra/dec falling back to provided ra/dec
15:05 WARNING : Cannot convert from zenith/azimuth to ra/dec falling back to provided ra/dec
15:05 WARNING : Cannot convert from zenith/azimuth to ra/dec falling back to provided ra/dec
15:05 WARNING : Cannot convert from zenith/azimuth to ra/dec falling back to provided ra/dec
15:05 WARNING : Cannot convert from zenith/azimuth to ra/dec falling back to provided ra/dec
15:05 WARNING : Cannot convert from zenith/azimuth to ra/dec falling back to provided ra/dec
15:05 WARNING : Cannot convert from zenith/azimuth to ra/dec falling back to provided ra/dec
15:05 WARNING : Cannot convert from zenith/azimuth to ra/dec falling back to provided ra/dec
15:05 WARNING : Cannot convert from zenith/azimuth to ra/dec falling back to provided ra/dec
15:05 WARNING : Cannot convert from zenith/azimuth to ra/dec falling back to provided ra/dec
15:05 WARNING : Cannot convert from zenith/azimuth to ra/dec falling back to provided ra/dec
15:05 WARNING : Cannot convert from zenith/azimuth to ra/dec falling back to provided ra/dec
15:05 WARNING : Cannot convert from zenith/azimuth to ra/dec falling back to provided ra/dec
15:05 WARNING : Cannot convert from zenith/azimuth to ra/dec falling back to provided ra/dec
15:05 WARNING : Cannot convert from zenith/azimuth to ra/dec falling back to provided ra/dec
15:05 WARNING : Cannot convert from zenith/azimuth to ra/dec falling back to provided ra/dec
15:05 WARNING : Cannot convert from zenith/azimuth to ra/dec falling back to provided ra/dec
15:05 WARNING : Cannot convert from zenith/azimuth to ra/dec falling back to provided ra/dec
15:05 WARNING : Cannot convert from zenith/azimuth to ra/dec falling back to provided ra/dec
15:05 WARNING : Cannot convert from zenith/azimuth to ra/dec falling back to provided ra/dec
15:05 WARNING : Cannot convert from zenith/azimuth to ra/dec falling back to provided ra/dec
15:05 WARNING : Cannot convert from zenith/azimuth to ra/dec falling back to provided ra/dec
15:05 WARNING : Cannot convert from zenith/azimuth to ra/dec falling back to provided ra/dec
15:05 WARNING : Cannot convert from zenith/azimuth to ra/dec falling back to provided ra/dec
15:05 WARNING : Cannot convert from zenith/azimuth to ra/dec falling back to provided ra/dec
15:05 WARNING : Cannot convert from zenith/azimuth to ra/dec falling back to provided ra/dec
15:05 WARNING : Cannot convert from zenith/azimuth to ra/dec falling back to provided ra/dec
15:05 WARNING : Cannot convert from zenith/azimuth to ra/dec falling back to provided ra/dec
15:05 WARNING : Cannot convert from zenith/azimuth to ra/dec falling back to provided ra/dec
15:05 WARNING : Cannot convert from zenith/azimuth to ra/dec falling back to provided ra/dec
15:05 WARNING : Cannot convert from zenith/azimuth to ra/dec falling back to provided ra/dec
15:05 WARNING : Cannot convert from zenith/azimuth to ra/dec falling back to provided ra/dec
15:05 WARNING : Cannot convert from zenith/azimuth to ra/dec falling back to provided ra/dec
15:05 WARNING : Cannot convert from zenith/azimuth to ra/dec falling back to provided ra/dec
15:05 WARNING : Cannot convert from zenith/azimuth to ra/dec falling back to provided ra/dec
15:05 WARNING : Cannot convert from zenith/azimuth to ra/dec falling back to provided ra/dec
15:05 WARNING : Cannot convert from zenith/azimuth to ra/dec falling back to provided ra/dec
15:05 WARNING : Cannot convert from zenith/azimuth to ra/dec falling back to provided ra/dec
15:05 WARNING : Cannot convert from zenith/azimuth to ra/dec falling back to provided ra/dec
15:05 WARNING : Cannot convert from zenith/azimuth to ra/dec falling back to provided ra/dec
15:05 WARNING : Cannot convert from zenith/azimuth to ra/dec falling back to provided ra/dec
15:05 WARNING : Cannot convert from zenith/azimuth to ra/dec falling back to provided ra/dec
15:05 WARNING : Cannot convert from zenith/azimuth to ra/dec falling back to provided ra/dec
15:05 WARNING : Cannot convert from zenith/azimuth to ra/dec falling back to provided ra/dec
15:05 WARNING : Cannot convert from zenith/azimuth to ra/dec falling back to provided ra/dec
15:05 WARNING : Cannot convert from zenith/azimuth to ra/dec falling back to provided ra/dec
15:05 WARNING : Cannot convert from zenith/azimuth to ra/dec falling back to provided ra/dec
15:05 WARNING : Cannot convert from zenith/azimuth to ra/dec falling back to provided ra/dec
15:05 WARNING : Cannot convert from zenith/azimuth to ra/dec falling back to provided ra/dec
15:05 WARNING : Cannot convert from zenith/azimuth to ra/dec falling back to provided ra/dec
15:05 WARNING : Cannot convert from zenith/azimuth to ra/dec falling back to provided ra/dec
15:05 WARNING : Cannot convert from zenith/azimuth to ra/dec falling back to provided ra/dec
15:05 WARNING : Cannot convert from zenith/azimuth to ra/dec falling back to provided ra/dec
15:05 WARNING : Cannot convert from zenith/azimuth to ra/dec falling back to provided ra/dec
15:05 WARNING : Cannot convert from zenith/azimuth to ra/dec falling back to provided ra/dec
15:05 WARNING : Cannot convert from zenith/azimuth to ra/dec falling back to provided ra/dec
15:05 WARNING : Cannot convert from zenith/azimuth to ra/dec falling back to provided ra/dec
15:05 WARNING : Cannot convert from zenith/azimuth to ra/dec falling back to provided ra/dec
15:05 WARNING : Cannot convert from zenith/azimuth to ra/dec falling back to provided ra/dec
15:05 WARNING : Cannot convert from zenith/azimuth to ra/dec falling back to provided ra/dec
15:05 WARNING : Cannot convert from zenith/azimuth to ra/dec falling back to provided ra/dec
15:05 WARNING : Cannot convert from zenith/azimuth to ra/dec falling back to provided ra/dec
15:05 WARNING : Cannot convert from zenith/azimuth to ra/dec falling back to provided ra/dec
15:05 WARNING : Cannot convert from zenith/azimuth to ra/dec falling back to provided ra/dec
15:05 WARNING : Cannot convert from zenith/azimuth to ra/dec falling back to provided ra/dec
15:05 WARNING : Cannot convert from zenith/azimuth to ra/dec falling back to provided ra/dec
15:05 WARNING : Cannot convert from zenith/azimuth to ra/dec falling back to provided ra/dec
15:05 WARNING : Cannot convert from zenith/azimuth to ra/dec falling back to provided ra/dec
15:05 WARNING : Cannot convert from zenith/azimuth to ra/dec falling back to provided ra/dec
15:05 WARNING : Cannot convert from zenith/azimuth to ra/dec falling back to provided ra/dec
15:05 WARNING : Cannot convert from zenith/azimuth to ra/dec falling back to provided ra/dec
15:05 WARNING : Cannot convert from zenith/azimuth to ra/dec falling back to provided ra/dec
15:05 WARNING : Cannot convert from zenith/azimuth to ra/dec falling back to provided ra/dec
15:05 WARNING : Cannot convert from zenith/azimuth to ra/dec falling back to provided ra/dec
15:05 WARNING : Cannot convert from zenith/azimuth to ra/dec falling back to provided ra/dec
15:05 WARNING : Cannot convert from zenith/azimuth to ra/dec falling back to provided ra/dec
15:05 WARNING : Cannot convert from zenith/azimuth to ra/dec falling back to provided ra/dec
15:05 WARNING : Cannot convert from zenith/azimuth to ra/dec falling back to provided ra/dec
15:05 WARNING : Cannot convert from zenith/azimuth to ra/dec falling back to provided ra/dec
15:05 WARNING : Cannot convert from zenith/azimuth to ra/dec falling back to provided ra/dec
15:05 WARNING : Cannot convert from zenith/azimuth to ra/dec falling back to provided ra/dec
15:05 WARNING : Cannot convert from zenith/azimuth to ra/dec falling back to provided ra/dec
15:05 WARNING : Cannot convert from zenith/azimuth to ra/dec falling back to provided ra/dec
15:05 WARNING : Cannot convert from zenith/azimuth to ra/dec falling back to provided ra/dec
15:05 WARNING : Cannot convert from zenith/azimuth to ra/dec falling back to provided ra/dec
15:05 WARNING : Cannot convert from zenith/azimuth to ra/dec falling back to provided ra/dec
15:05 WARNING : Cannot convert from zenith/azimuth to ra/dec falling back to provided ra/dec
15:05 WARNING : Cannot convert from zenith/azimuth to ra/dec falling back to provided ra/dec
15:05 WARNING : Cannot convert from zenith/azimuth to ra/dec falling back to provided ra/dec
15:05 WARNING : Cannot convert from zenith/azimuth to ra/dec falling back to provided ra/dec
15:05 WARNING : Cannot convert from zenith/azimuth to ra/dec falling back to provided ra/dec
15:05 WARNING : Cannot convert from zenith/azimuth to ra/dec falling back to provided ra/dec
15:05 WARNING : Cannot convert from zenith/azimuth to ra/dec falling back to provided ra/dec
15:05 WARNING : Cannot convert from zenith/azimuth to ra/dec falling back to provided ra/dec
15:05 WARNING : Cannot convert from zenith/azimuth to ra/dec falling back to provided ra/dec
15:05 WARNING : Cannot convert from zenith/azimuth to ra/dec falling back to provided ra/dec
15:05 WARNING : Cannot convert from zenith/azimuth to ra/dec falling back to provided ra/dec
15:05 WARNING : Cannot convert from zenith/azimuth to ra/dec falling back to provided ra/dec
15:05 WARNING : Cannot convert from zenith/azimuth to ra/dec falling back to provided ra/dec
15:05 WARNING : Cannot convert from zenith/azimuth to ra/dec falling back to provided ra/dec
15:05 WARNING : Cannot convert from zenith/azimuth to ra/dec falling back to provided ra/dec
15:05 WARNING : Cannot convert from zenith/azimuth to ra/dec falling back to provided ra/dec
15:05 WARNING : Cannot convert from zenith/azimuth to ra/dec falling back to provided ra/dec
15:05 WARNING : Cannot convert from zenith/azimuth to ra/dec falling back to provided ra/dec
15:05 WARNING : Cannot convert from zenith/azimuth to ra/dec falling back to provided ra/dec
15:05 WARNING : Cannot convert from zenith/azimuth to ra/dec falling back to provided ra/dec
15:05 WARNING : Cannot convert from zenith/azimuth to ra/dec falling back to provided ra/dec
15:05 WARNING : Cannot convert from zenith/azimuth to ra/dec falling back to provided ra/dec
15:05 WARNING : Cannot convert from zenith/azimuth to ra/dec falling back to provided ra/dec
15:05 WARNING : Cannot convert from zenith/azimuth to ra/dec falling back to provided ra/dec
15:05 WARNING : Cannot convert from zenith/azimuth to ra/dec falling back to provided ra/dec
15:05 WARNING : Cannot convert from zenith/azimuth to ra/dec falling back to provided ra/dec
15:05 WARNING : Cannot convert from zenith/azimuth to ra/dec falling back to provided ra/dec
15:05 WARNING : Cannot convert from zenith/azimuth to ra/dec falling back to provided ra/dec
15:05 WARNING : Cannot convert from zenith/azimuth to ra/dec falling back to provided ra/dec
15:05 WARNING : Cannot convert from zenith/azimuth to ra/dec falling back to provided ra/dec
15:05 WARNING : Cannot convert from zenith/azimuth to ra/dec falling back to provided ra/dec
15:05 WARNING : Cannot convert from zenith/azimuth to ra/dec falling back to provided ra/dec
15:05 WARNING : Cannot convert from zenith/azimuth to ra/dec falling back to provided ra/dec
15:05 WARNING : Cannot convert from zenith/azimuth to ra/dec falling back to provided ra/dec
15:05 WARNING : Cannot convert from zenith/azimuth to ra/dec falling back to provided ra/dec
15:05 WARNING : Cannot convert from zenith/azimuth to ra/dec falling back to provided ra/dec
15:05 WARNING : Cannot convert from zenith/azimuth to ra/dec falling back to provided ra/dec
15:05 WARNING : Cannot convert from zenith/azimuth to ra/dec falling back to provided ra/dec
15:05 WARNING : Cannot convert from zenith/azimuth to ra/dec falling back to provided ra/dec
15:05 WARNING : Cannot convert from zenith/azimuth to ra/dec falling back to provided ra/dec
15:05 WARNING : Cannot convert from zenith/azimuth to ra/dec falling back to provided ra/dec
15:05 WARNING : Cannot convert from zenith/azimuth to ra/dec falling back to provided ra/dec
15:05 WARNING : Cannot convert from zenith/azimuth to ra/dec falling back to provided ra/dec
15:05 WARNING : Cannot convert from zenith/azimuth to ra/dec falling back to provided ra/dec
15:05 WARNING : Cannot convert from zenith/azimuth to ra/dec falling back to provided ra/dec
15:05 WARNING : Cannot convert from zenith/azimuth to ra/dec falling back to provided ra/dec
15:05 WARNING : Cannot convert from zenith/azimuth to ra/dec falling back to provided ra/dec
15:05 WARNING : Cannot convert from zenith/azimuth to ra/dec falling back to provided ra/dec
15:05 WARNING : Cannot convert from zenith/azimuth to ra/dec falling back to provided ra/dec
15:05 WARNING : Cannot convert from zenith/azimuth to ra/dec falling back to provided ra/dec
15:05 WARNING : Cannot convert from zenith/azimuth to ra/dec falling back to provided ra/dec
15:05 WARNING : Cannot convert from zenith/azimuth to ra/dec falling back to provided ra/dec
15:05 WARNING : Cannot convert from zenith/azimuth to ra/dec falling back to provided ra/dec
15:05 WARNING : Cannot convert from zenith/azimuth to ra/dec falling back to provided ra/dec
15:05 WARNING : Cannot convert from zenith/azimuth to ra/dec falling back to provided ra/dec
15:05 WARNING : Cannot convert from zenith/azimuth to ra/dec falling back to provided ra/dec
15:05 WARNING : Cannot convert from zenith/azimuth to ra/dec falling back to provided ra/dec
15:05 WARNING : Cannot convert from zenith/azimuth to ra/dec falling back to provided ra/dec
15:05 WARNING : Cannot convert from zenith/azimuth to ra/dec falling back to provided ra/dec
15:05 WARNING : Cannot convert from zenith/azimuth to ra/dec falling back to provided ra/dec
15:05 WARNING : Cannot convert from zenith/azimuth to ra/dec falling back to provided ra/dec
15:05 WARNING : Cannot convert from zenith/azimuth to ra/dec falling back to provided ra/dec
15:05 WARNING : Cannot convert from zenith/azimuth to ra/dec falling back to provided ra/dec
15:05 WARNING : Cannot convert from zenith/azimuth to ra/dec falling back to provided ra/dec
15:05 WARNING : Cannot convert from zenith/azimuth to ra/dec falling back to provided ra/dec
15:05 WARNING : Cannot convert from zenith/azimuth to ra/dec falling back to provided ra/dec
15:05 WARNING : Cannot convert from zenith/azimuth to ra/dec falling back to provided ra/dec
15:05 WARNING : Cannot convert from zenith/azimuth to ra/dec falling back to provided ra/dec
15:05 WARNING : Cannot convert from zenith/azimuth to ra/dec falling back to provided ra/dec
15:05 WARNING : Cannot convert from zenith/azimuth to ra/dec falling back to provided ra/dec
15:05 WARNING : Cannot convert from zenith/azimuth to ra/dec falling back to provided ra/dec
15:05 WARNING : Cannot convert from zenith/azimuth to ra/dec falling back to provided ra/dec
15:05 WARNING : Cannot convert from zenith/azimuth to ra/dec falling back to provided ra/dec
15:05 WARNING : Cannot convert from zenith/azimuth to ra/dec falling back to provided ra/dec
15:05 WARNING : Cannot convert from zenith/azimuth to ra/dec falling back to provided ra/dec
15:05 WARNING : Cannot convert from zenith/azimuth to ra/dec falling back to provided ra/dec
15:05 WARNING : Cannot convert from zenith/azimuth to ra/dec falling back to provided ra/dec
15:05 WARNING : Cannot convert from zenith/azimuth to ra/dec falling back to provided ra/dec
15:05 WARNING : Cannot convert from zenith/azimuth to ra/dec falling back to provided ra/dec
15:05 WARNING : Cannot convert from zenith/azimuth to ra/dec falling back to provided ra/dec
15:05 WARNING : Cannot convert from zenith/azimuth to ra/dec falling back to provided ra/dec
15:05 WARNING : Cannot convert from zenith/azimuth to ra/dec falling back to provided ra/dec
15:05 WARNING : Cannot convert from zenith/azimuth to ra/dec falling back to provided ra/dec
15:05 WARNING : Cannot convert from zenith/azimuth to ra/dec falling back to provided ra/dec
15:05 WARNING : Cannot convert from zenith/azimuth to ra/dec falling back to provided ra/dec
15:05 WARNING : Cannot convert from zenith/azimuth to ra/dec falling back to provided ra/dec
15:05 WARNING : Cannot convert from zenith/azimuth to ra/dec falling back to provided ra/dec
15:05 WARNING : Cannot convert from zenith/azimuth to ra/dec falling back to provided ra/dec
15:05 WARNING : Cannot convert from zenith/azimuth to ra/dec falling back to provided ra/dec
15:05 WARNING : Cannot convert from zenith/azimuth to ra/dec falling back to provided ra/dec
15:05 WARNING : Cannot convert from zenith/azimuth to ra/dec falling back to provided ra/dec
15:05 WARNING : Cannot convert from zenith/azimuth to ra/dec falling back to provided ra/dec
15:05 WARNING : Cannot convert from zenith/azimuth to ra/dec falling back to provided ra/dec
15:05 WARNING : Cannot convert from zenith/azimuth to ra/dec falling back to provided ra/dec
15:05 WARNING : Cannot convert from zenith/azimuth to ra/dec falling back to provided ra/dec
15:05 WARNING : Cannot convert from zenith/azimuth to ra/dec falling back to provided ra/dec
15:05 WARNING : Cannot convert from zenith/azimuth to ra/dec falling back to provided ra/dec
15:05 WARNING : Cannot convert from zenith/azimuth to ra/dec falling back to provided ra/dec
15:05 WARNING : Cannot convert from zenith/azimuth to ra/dec falling back to provided ra/dec
15:05 WARNING : Cannot convert from zenith/azimuth to ra/dec falling back to provided ra/dec
15:05 WARNING : Cannot convert from zenith/azimuth to ra/dec falling back to provided ra/dec
15:05 WARNING : Cannot convert from zenith/azimuth to ra/dec falling back to provided ra/dec
15:05 WARNING : Cannot convert from zenith/azimuth to ra/dec falling back to provided ra/dec
15:05 WARNING : Cannot convert from zenith/azimuth to ra/dec falling back to provided ra/dec
15:05 WARNING : Cannot convert from zenith/azimuth to ra/dec falling back to provided ra/dec
15:05 WARNING : Cannot convert from zenith/azimuth to ra/dec falling back to provided ra/dec
15:05 WARNING : Cannot convert from zenith/azimuth to ra/dec falling back to provided ra/dec
15:05 WARNING : Cannot convert from zenith/azimuth to ra/dec falling back to provided ra/dec
15:05 WARNING : Cannot convert from zenith/azimuth to ra/dec falling back to provided ra/dec
15:05 WARNING : Cannot convert from zenith/azimuth to ra/dec falling back to provided ra/dec
15:05 WARNING : Cannot convert from zenith/azimuth to ra/dec falling back to provided ra/dec
15:05 WARNING : Cannot convert from zenith/azimuth to ra/dec falling back to provided ra/dec
15:05 WARNING : Cannot convert from zenith/azimuth to ra/dec falling back to provided ra/dec
15:05 WARNING : Cannot convert from zenith/azimuth to ra/dec falling back to provided ra/dec
15:05 WARNING : Cannot convert from zenith/azimuth to ra/dec falling back to provided ra/dec
15:05 WARNING : Cannot convert from zenith/azimuth to ra/dec falling back to provided ra/dec
15:05 WARNING : Cannot convert from zenith/azimuth to ra/dec falling back to provided ra/dec
15:05 WARNING : Cannot convert from zenith/azimuth to ra/dec falling back to provided ra/dec
15:05 WARNING : Cannot convert from zenith/azimuth to ra/dec falling back to provided ra/dec
15:05 WARNING : Cannot convert from zenith/azimuth to ra/dec falling back to provided ra/dec
15:05 WARNING : Cannot convert from zenith/azimuth to ra/dec falling back to provided ra/dec
15:05 WARNING : Cannot convert from zenith/azimuth to ra/dec falling back to provided ra/dec
15:05 WARNING : Cannot convert from zenith/azimuth to ra/dec falling back to provided ra/dec
15:05 WARNING : Cannot convert from zenith/azimuth to ra/dec falling back to provided ra/dec
15:05 WARNING : Cannot convert from zenith/azimuth to ra/dec falling back to provided ra/dec
15:05 WARNING : Cannot convert from zenith/azimuth to ra/dec falling back to provided ra/dec
15:05 WARNING : Cannot convert from zenith/azimuth to ra/dec falling back to provided ra/dec
15:05 WARNING : Cannot convert from zenith/azimuth to ra/dec falling back to provided ra/dec
15:05 WARNING : Cannot convert from zenith/azimuth to ra/dec falling back to provided ra/dec
15:05 WARNING : Cannot convert from zenith/azimuth to ra/dec falling back to provided ra/dec
15:05 WARNING : Cannot convert from zenith/azimuth to ra/dec falling back to provided ra/dec
15:05 WARNING : Cannot convert from zenith/azimuth to ra/dec falling back to provided ra/dec
15:05 WARNING : Cannot convert from zenith/azimuth to ra/dec falling back to provided ra/dec
15:05 WARNING : Cannot convert from zenith/azimuth to ra/dec falling back to provided ra/dec
15:05 WARNING : Cannot convert from zenith/azimuth to ra/dec falling back to provided ra/dec
15:05 WARNING : Cannot convert from zenith/azimuth to ra/dec falling back to provided ra/dec
15:05 WARNING : Cannot convert from zenith/azimuth to ra/dec falling back to provided ra/dec
15:05 WARNING : Cannot convert from zenith/azimuth to ra/dec falling back to provided ra/dec
15:05 WARNING : Cannot convert from zenith/azimuth to ra/dec falling back to provided ra/dec
15:05 WARNING : Cannot convert from zenith/azimuth to ra/dec falling back to provided ra/dec
15:05 WARNING : Cannot convert from zenith/azimuth to ra/dec falling back to provided ra/dec
15:05 WARNING : Cannot convert from zenith/azimuth to ra/dec falling back to provided ra/dec
15:05 WARNING : Cannot convert from zenith/azimuth to ra/dec falling back to provided ra/dec
15:05 WARNING : Cannot convert from zenith/azimuth to ra/dec falling back to provided ra/dec
15:05 WARNING : Cannot convert from zenith/azimuth to ra/dec falling back to provided ra/dec
15:05 WARNING : Cannot convert from zenith/azimuth to ra/dec falling back to provided ra/dec
15:05 WARNING : Cannot convert from zenith/azimuth to ra/dec falling back to provided ra/dec
15:05 WARNING : Cannot convert from zenith/azimuth to ra/dec falling back to provided ra/dec
15:05 WARNING : Cannot convert from zenith/azimuth to ra/dec falling back to provided ra/dec
15:05 WARNING : Cannot convert from zenith/azimuth to ra/dec falling back to provided ra/dec
15:05 WARNING : Cannot convert from zenith/azimuth to ra/dec falling back to provided ra/dec
15:05 WARNING : Cannot convert from zenith/azimuth to ra/dec falling back to provided ra/dec
15:05 WARNING : Cannot convert from zenith/azimuth to ra/dec falling back to provided ra/dec
15:05 WARNING : Cannot convert from zenith/azimuth to ra/dec falling back to provided ra/dec
15:05 WARNING : Cannot convert from zenith/azimuth to ra/dec falling back to provided ra/dec
15:05 WARNING : Cannot convert from zenith/azimuth to ra/dec falling back to provided ra/dec
15:05 WARNING : Cannot convert from zenith/azimuth to ra/dec falling back to provided ra/dec
15:05 WARNING : Cannot convert from zenith/azimuth to ra/dec falling back to provided ra/dec
15:05 WARNING : Cannot convert from zenith/azimuth to ra/dec falling back to provided ra/dec
15:05 WARNING : Cannot convert from zenith/azimuth to ra/dec falling back to provided ra/dec
15:05 WARNING : Cannot convert from zenith/azimuth to ra/dec falling back to provided ra/dec
15:05 WARNING : Cannot convert from zenith/azimuth to ra/dec falling back to provided ra/dec
15:05 WARNING : Cannot convert from zenith/azimuth to ra/dec falling back to provided ra/dec
15:05 WARNING : Cannot convert from zenith/azimuth to ra/dec falling back to provided ra/dec
15:05 WARNING : Cannot convert from zenith/azimuth to ra/dec falling back to provided ra/dec
15:05 WARNING : Cannot convert from zenith/azimuth to ra/dec falling back to provided ra/dec
15:05 WARNING : Cannot convert from zenith/azimuth to ra/dec falling back to provided ra/dec
15:05 WARNING : Cannot convert from zenith/azimuth to ra/dec falling back to provided ra/dec
15:05 WARNING : Cannot convert from zenith/azimuth to ra/dec falling back to provided ra/dec
15:05 WARNING : Cannot convert from zenith/azimuth to ra/dec falling back to provided ra/dec
15:05 WARNING : Cannot convert from zenith/azimuth to ra/dec falling back to provided ra/dec
15:05 WARNING : Cannot convert from zenith/azimuth to ra/dec falling back to provided ra/dec
15:05 WARNING : Cannot convert from zenith/azimuth to ra/dec falling back to provided ra/dec
15:05 WARNING : Cannot convert from zenith/azimuth to ra/dec falling back to provided ra/dec
15:05 WARNING : Cannot convert from zenith/azimuth to ra/dec falling back to provided ra/dec
15:05 WARNING : Cannot convert from zenith/azimuth to ra/dec falling back to provided ra/dec
15:05 WARNING : Cannot convert from zenith/azimuth to ra/dec falling back to provided ra/dec
15:05 WARNING : Cannot convert from zenith/azimuth to ra/dec falling back to provided ra/dec
15:05 WARNING : Cannot convert from zenith/azimuth to ra/dec falling back to provided ra/dec
15:05 WARNING : Cannot convert from zenith/azimuth to ra/dec falling back to provided ra/dec
15:05 WARNING : Cannot convert from zenith/azimuth to ra/dec falling back to provided ra/dec
15:05 WARNING : Cannot convert from zenith/azimuth to ra/dec falling back to provided ra/dec
15:05 WARNING : Cannot convert from zenith/azimuth to ra/dec falling back to provided ra/dec
15:05 WARNING : Cannot convert from zenith/azimuth to ra/dec falling back to provided ra/dec
15:05 WARNING : Cannot convert from zenith/azimuth to ra/dec falling back to provided ra/dec
15:05 WARNING : Cannot convert from zenith/azimuth to ra/dec falling back to provided ra/dec
15:05 WARNING : Cannot convert from zenith/azimuth to ra/dec falling back to provided ra/dec
15:05 WARNING : Cannot convert from zenith/azimuth to ra/dec falling back to provided ra/dec
15:05 WARNING : Cannot convert from zenith/azimuth to ra/dec falling back to provided ra/dec
15:05 INFO    : Waveform generator instantiated: WaveformGenerator(duration=32, sampling_frequency=4096, start_time=0, frequency_domain_source_model=__main__.mlgw_bns_jax_frequency_domain_source_model, time_domain_source_model=None, parameter_conversion=bilby.gw.conversion.convert_to_lal_binary_neutron_star_parameters, waveform_arguments={'minimum_frequency': 20.0})
15:05 INFO    : Loaded distance marginalisation lookup table from .distance_marginalization_lookup.npz.
15:05 INFO    : Running for label 'GW170817', output will be saved to 'outdir_GW170817'
15:05 INFO    : Analysis priors:
15:05 INFO    : chirp_mass=Uniform(minimum=1.18, maximum=1.21, name='chirp_mass', latex_label='$\\mathcal{M}$', unit='$M_\\odot$', boundary=None)
15:05 INFO    : mass_ratio=Uniform(minimum=0.5, maximum=1.0, name='mass_ratio', latex_label='$q$', unit=None, boundary=None)
15:05 INFO    : chi_1=Uniform(minimum=-0.05, maximum=0.05, name='chi_1', latex_label='$\\chi_1$', unit=None, boundary=None)
15:05 INFO    : chi_2=Uniform(minimum=-0.05, maximum=0.05, name='chi_2', latex_label='$\\chi_2$', unit=None, boundary=None)
15:05 INFO    : lambda_1=Uniform(minimum=0, maximum=5000, name='lambda_1', latex_label='$\\Lambda_1$', unit=None, boundary=None)
15:05 INFO    : lambda_2=Uniform(minimum=0, maximum=5000, name='lambda_2', latex_label='$\\Lambda_2$', unit=None, boundary=None)
15:05 INFO    : theta_jn=Sine(minimum=0, maximum=3.141592653589793, name='theta_jn', latex_label='$\\theta_{JN}$', unit=None, boundary=None)
15:05 INFO    : ra=Uniform(minimum=0, maximum=6.283185307179586, name='ra', latex_label='$\\alpha$', unit=None, boundary='periodic')
15:05 INFO    : dec=Cosine(minimum=-1.5707963267948966, maximum=1.5707963267948966, name='dec', latex_label='$\\delta$', unit=None, boundary=None)
15:05 INFO    : psi=Uniform(minimum=0, maximum=3.141592653589793, name='psi', latex_label='$\\psi$', unit=None, boundary='periodic')
15:05 INFO    : time_jitter=Uniform(minimum=-0.000244140625, maximum=0.000244140625, name='time_jitter', latex_label='$t_j$', unit=None, boundary='periodic')
15:05 INFO    : luminosity_distance=78.95042839487404
15:05 INFO    : phase=0.0
15:05 INFO    : geocent_time=1187008867.0
15:05 INFO    : Analysis likelihood class: <class 'bilby.gw.likelihood.base.GravitationalWaveTransient'>
15:05 INFO    : Analysis likelihood noise evidence: -729954995.6461976
15:05 INFO    : Single likelihood evaluation took 3.907e-02 s
15:05 INFO    : Using sampler Dynesty with kwargs {'nlive': 1024, 'bound': 'live', 'sample': 'act-walk', 'periodic': None, 'reflective': None, 'update_interval': 600, 'first_update': None, 'rstate': None, 'queue_size': 1, 'pool': None, 'use_pool': None, 'live_points': None, 'logl_args': None, 'logl_kwargs': None, 'ptform_args': None, 'ptform_kwargs': None, 'enlarge': None, 'bootstrap': None, 'walks': 100, 'facc': 0.2, 'slices': None, 'ncdim': None, 'blob': False, 'save_evaluation_history': False, 'history_filename': None, 'maxiter': None, 'maxcall': None, 'dlogz': 0.1, 'logl_max': inf, 'add_live': True, 'print_progress': True, 'print_func': <bound method Dynesty._print_func of <bilby.core.sampler.dynesty.Dynesty object at 0x7a3b404b3490>>, 'save_bounds': False, 'checkpoint_file': None, 'checkpoint_every': 60, 'resume': False, 'seed': None}
15:05 INFO    : Global meta data was removed from the result object for compatibility. Use the `BILBY_INCLUDE_GLOBAL_METADATA` environment variable to include it. This behaviour will be removed in a future release. For more details see: https://bilby-dev.github.io/bilby/faq.html#global-meta-data
15:05 INFO    : Checkpoint every check_point_delta_t = 600s
15:05 INFO    : Using dynesty version 3.0.0
15:05 INFO    : Resume file outdir_GW170817/GW170817_resume.pickle does not exist.
15:05 INFO    : Generating initial points from the prior
15:06 INFO    : Using the bilby-implemented ensemble rwalk sampling tracking the autocorrelation function and thinning by 10 with maximum length 2500000.
15:17 INFO    : Written checkpoint file outdir_GW170817/GW170817_resume.pickle
15:18 WARNING : Axis limits cannot be NaN or Inf
15:18 WARNING : Failed to create dynesty run plot at checkpoint
15:28 INFO    : Written checkpoint file outdir_GW170817/GW170817_resume.pickle
15:28 WARNING : Axis limits cannot be NaN or Inf
15:28 WARNING : Failed to create dynesty run plot at checkpoint
15:39 INFO    : Written checkpoint file outdir_GW170817/GW170817_resume.pickle
15:39 WARNING : Axis limits cannot be NaN or Inf
15:39 WARNING : Failed to create dynesty run plot at checkpoint
15:50 INFO    : Written checkpoint file outdir_GW170817/GW170817_resume.pickle
15:50 WARNING : The data appears to lie in a lower-dimensional subspace of the space in which it is expressed. This has resulted in a singular data covariance matrix, which cannot be treated using the algorithms implemented in `gaussian_kde`. Consider performing principal component analysis / dimensionality reduction and using `gaussian_kde` with the transformed data.
15:50 WARNING : Failed to create dynesty state plot at checkpoint
15:50 WARNING : The data appears to lie in a lower-dimensional subspace of the space in which it is expressed. This has resulted in a singular data covariance matrix, which cannot be treated using the algorithms implemented in `gaussian_kde`. Consider performing principal component analysis / dimensionality reduction and using `gaussian_kde` with the transformed data.
15:50 WARNING : Failed to create dynesty unit state plot at checkpoint
15:50 WARNING : The data appears to lie in a lower-dimensional subspace of the space in which it is expressed. This has resulted in a singular data covariance matrix, which cannot be treated using the algorithms implemented in `gaussian_kde`. Consider performing principal component analysis / dimensionality reduction and using `gaussian_kde` with the transformed data.
15:50 WARNING : Failed to create dynesty run plot at checkpoint
16:01 INFO    : Written checkpoint file outdir_GW170817/GW170817_resume.pickle
16:01 WARNING : Axis limits cannot be NaN or Inf
16:01 WARNING : Failed to create dynesty run plot at checkpoint
16:12 INFO    : Written checkpoint file outdir_GW170817/GW170817_resume.pickle
16:12 WARNING : Axis limits cannot be NaN or Inf
16:12 WARNING : Failed to create dynesty run plot at checkpoint
16:22 INFO    : Written checkpoint file outdir_GW170817/GW170817_resume.pickle
16:23 WARNING : Axis limits cannot be NaN or Inf
16:23 WARNING : Failed to create dynesty run plot at checkpoint
